timestamp,date,datetime,price_usd,market_cap_usd,volume_usd,volatility,price_change,volume_change,price_ma,price_deviation,kmeans_cluster,dbscan_cluster
1764950506410,2025-12-05,2025-12-05 17:01:46,90691.06,1817512010436.24,46386069728.87,669.0907278493828,0.5002680640720847,1.923869142754664,91865.78625,-1.2787418449814953,2,0
1764954074639,2025-12-05,2025-12-05 18:01:14,88838.81,1773878355023.18,49851559616.9,901.9849115864977,-2.0423733055937365,7.470971152085193,91719.52416666667,-3.140786209740936,2,-1
1764957665872,2025-12-05,2025-12-05 19:01:05,89320.67,1782599210094.92,50030194354.07,1011.4171525052735,0.5423980802984563,0.35833329697760874,91589.20916666667,-2.4768629266560915,2,0
1764961414597,2025-12-05,2025-12-05 20:03:34,88971.14,1775508900091.77,50643231338.28,1135.832909226076,-0.3913203964994838,1.2253340050439432,91457.54125000001,-2.7186399459432327,2,0
1764964888699,2025-12-05,2025-12-05 21:01:28,89661.01,1791069275961.42,50093378286.14,1184.7811355242015,0.7753862657036814,-1.0857384839193296,91357.22375,-1.8566826796769968,2,0
1764968427157,2025-12-05,2025-12-05 22:00:27,89319.19,1782492362528.44,49886770603.59,1229.855032116869,-0.38123594637177183,-0.4124450967747273,91225.96666666666,-2.090168771391469,2,0
1764972100516,2025-12-05,2025-12-05 23:01:40,89168.62,1779904625467.06,50088223862.19,1280.3023711834514,-0.1685751964387583,0.40382100537392773,91099.87666666666,-2.119933349342626,2,0
1764975693417,2025-12-06,2025-12-06 00:01:33,89246.76,1782124799120.11,50113884323.69,1305.0427808921413,0.08763172515173778,0.05123052789932636,90970.59249999998,-1.8949337941269204,2,0
1764979303734,2025-12-06,2025-12-06 01:01:43,89307.09,1782798987370.17,50193142876.74,1322.6402468086615,0.06759909267295416,0.1581568743266093,90852.52541666666,-1.7010373785197541,2,0
1764982901025,2025-12-06,2025-12-06 02:01:41,89411.87,1784204518055.8,50468403309.59,1316.4819639659484,0.11732551133398772,0.5484024651055686,90732.09958333334,-1.4550854542066194,2,0
1764986415183,2025-12-06,2025-12-06 03:00:15,89313.01,1783120256761.55,50013158862.53,1298.8764826465513,-0.11056697505599233,-0.9020385373941342,90604.71625,-1.4256501244768292,2,0
1764990092273,2025-12-06,2025-12-06 04:01:32,89404.65,1784346026383.09,49580915812.91,1253.4857135302545,0.10260543228808316,-0.8642586460257173,90474.58375,-1.1825793561609075,2,0
1764993727039,2025-12-06,2025-12-06 05:02:07,89659.76,1789977487437.65,49586672365.44,1200.912830786499,0.2853431001631268,0.011610419927943205,90364.47541666667,-0.7798589140447738,2,0
1764997277817,2025-12-06,2025-12-06 06:01:17,89670.36,1790000142267.19,48533040629.08,1151.5911109548624,0.011822471976286053,-2.1248284793039307,90264.47041666666,-0.6581885584928494,2,0
1765001218673,2025-12-06,2025-12-06 07:06:58,89596.54,1788400541651.07,48489964994.15,1102.9211758798408,-0.08232374666501396,-0.08875527758339663,90167.61041666666,-0.6333431861260815,2,0
1765004544417,2025-12-06,2025-12-06 08:02:24,89700.05,1790121724286.88,48023454133.36,1011.4735932785514,0.11552901484812583,-0.96207712430042,90060.80708333333,-0.40057056450706846,2,0
1765008064718,2025-12-06,2025-12-06 09:01:04,89610.68,1788883523926.79,48132952208.56,901.0685733881938,-0.09963205148716403,0.22800957818636114,89951.04999999999,-0.37839469355832467,2,0
1765011695681,2025-12-06,2025-12-06 10:01:35,89322.01,1782948473873.17,47988204340.1,781.9231997977149,-0.3221379415935699,-0.3007250995800237,89834.67583333333,-0.5706770003650494,2,0
1765015262581,2025-12-06,2025-12-06 11:01:02,89590.58,1788441268991.13,46308005550.69,732.3701183143908,0.30067617152815806,-3.5012745580188076,89770.39791666665,-0.20030869957107267,2,0
1765018920827,2025-12-06,2025-12-06 12:02:00,89523.29,1786944502260.59,46074820129.68,654.6821796291174,-0.07510834286373891,-0.5035531507716295,89695.48749999999,-0.19198011494167394,2,0
1765022508562,2025-12-06,2025-12-06 13:01:48,89626.22,1789174299582.05,46010812722.59,549.3658764799648,0.11497566722582508,-0.13892057941811142,89622.94166666667,0.0036579175737486125,2,0
1765026071708,2025-12-06,2025-12-06 14:01:11,89598.53,1788546012288.29,45307904303.32,424.3277657788743,-0.03089497693866683,-1.5277026804720761,89553.6425,0.050123589333618775,2,0
1765029701728,2025-12-06,2025-12-06 15:01:41,89686.06,1791136566861.28,43663013498.83,375.5345009093193,0.09769133489132553,-3.6304720551143754,89519.89916666667,0.18561329367001678,2,0
1765033224014,2025-12-06,2025-12-06 16:00:24,90081.81,1797328092920.59,42203747706.0,363.57582498213003,0.4412614401836823,-3.3421096619203894,89513.32375,0.6350856232170708,2,0
1765036917330,2025-12-06,2025-12-06 17:01:57,89791.27,1793850958111.32,38782675136.9,271.61089041771487,-0.32252904332183974,-8.106087148780949,89475.8325,0.35253932954465667,2,0
1765040484067,2025-12-06,2025-12-06 18:01:24,89711.11,1790903237839.69,33603664106.07,239.07614844155214,-0.08927371224396463,-13.353929331972259,89512.17833333333,0.2222397782856671,2,0
1765044113406,2025-12-06,2025-12-06 19:01:53,89688.73,1789113437090.58,30997134549.5,238.06017249790673,-0.024946742939646604,-7.756682569920015,89527.51416666666,0.18007406419574215,2,0
1765047735069,2025-12-06,2025-12-06 20:02:15,89594.49,1788787243108.63,29097620787.59,206.65179525581053,-0.10507451716619265,-6.128030185747091,89553.48708333333,0.04578595206295443,2,0
1765051329905,2025-12-06,2025-12-06 21:02:09,89463.07,1784798328066.66,27719069470.33,206.12319493726446,-0.14668312750035772,-4.737677101929738,89545.23958333333,-0.09176320674964766,2,0
1765054882484,2025-12-06,2025-12-06 22:01:22,89554.87,1787616231044.41,25875504294.72,200.42082872495394,0.10261217282168111,-6.650891284728444,89555.05958333334,-0.00021169472079208654,2,0
1765058509075,2025-12-06,2025-12-06 23:01:49,89447.8,1786120981894.82,25195602171.3,184.48485301277324,-0.11955798718706889,-2.6275898458865576,89566.69208333333,-0.13274140259942518,2,0
1765062098279,2025-12-07,2025-12-07 00:01:38,89301.79,1783108120105.41,24633590075.58,180.63747016084,-0.1632348699465047,-2.230596005997343,89568.98499999999,-0.29831196591095954,2,0
1765065674648,2025-12-07,2025-12-07 01:01:14,89244.76,1781194798199.84,24818678152.5,184.96281445273067,-0.0638621017563068,0.751364605614202,89566.38791666667,-0.3590944372635909,2,0
1765069257104,2025-12-07,2025-12-07 02:00:57,89442.09,1785774614897.5,24570603589.23,183.9653460155552,0.22111102097199797,-0.9995478475754882,89567.64708333333,-0.14018129025597312,2,0
1765072861556,2025-12-07,2025-12-07 03:01:01,89380.58,1785211989461.45,24368605511.17,180.38106138545427,-0.0687707543506555,-0.8221128037267378,89570.46250000001,-0.21199231833820995,2,0
1765076516134,2025-12-07,2025-12-07 04:01:56,89591.4,1787991536427.02,24030851831.32,176.91191290816292,0.23586779141508973,-1.386019728109511,89578.24375000001,0.014686880931381787,2,0
1765080071961,2025-12-07,2025-12-07 05:01:11,89728.68,1790493347420.98,22911688039.71,178.84146785890246,0.15322899296137393,-4.657195672736691,89581.11541666667,0.16472733415626908,2,0
1765083666400,2025-12-07,2025-12-07 06:01:06,89553.15,1787314896430.77,23225541308.31,177.8963143218444,-0.19562307168677906,1.3698391321322,89576.23166666667,-0.02576762410878339,2,0
1765087289536,2025-12-07,2025-12-07 07:01:29,89501.47,1786130050630.67,23221836662.97,178.48195028657895,-0.05770874614683397,-0.015950738416914412,89572.27041666668,-0.07904278448825147,2,0
1765090891831,2025-12-07,2025-12-07 08:01:31,89592.79,1789192356052.43,23240381740.42,176.47485593322222,0.10203184372277185,0.07986051111783521,89567.80125,0.02789925581654213,2,0
1765094453120,2025-12-07,2025-12-07 09:00:53,89375.83,1783467709546.27,22920386742.57,180.46002669311346,-0.24216234364393685,-1.376892175972555,89558.01583333332,-0.203427724071476,2,0
1765098121555,2025-12-07,2025-12-07 10:02:01,89428.99,1785370838924.89,22326375242.48,175.63375150206102,0.05947916791375629,-2.5916294814814056,89562.47333333333,-0.14903935584329478,2,0
1765101672039,2025-12-07,2025-12-07 11:01:12,89125.87,1778920650738.95,22011390330.27,196.74749678495246,-0.3389504902157725,-1.410819753717485,89543.11041666666,-0.465965962903391,2,0
1765105255755,2025-12-07,2025-12-07 12:00:55,89260.11,1782273757575.05,22368645822.66,205.05891848933294,0.15061844557591186,1.6230482810470237,89532.14458333333,-0.30384012870386085,2,0
1765108877050,2025-12-07,2025-12-07 13:01:17,89179.22,1779999824927.31,21585787709.57,216.1431574409365,-0.09062278771558852,-3.4998011023847697,89513.51958333334,-0.3734626734480279,2,0
1765112512508,2025-12-07,2025-12-07 14:01:52,89481.72,1786094377928.02,21566308255.46,215.4597513357782,0.3392045815157285,-0.09024203504681694,89508.65250000001,-0.030089269861380042,2,0
1765116159633,2025-12-07,2025-12-07 15:02:39,89062.23,1777651934495.82,22210298251.4,230.24856780901908,-0.4687996609810452,2.986092882990121,89482.65958333334,-0.46984475572254086,2,0
1765119738170,2025-12-07,2025-12-07 16:02:18,88202.39,1761187698401.42,23982921285.24,319.80051110004007,-0.965437312764339,7.981086132998083,89404.35041666667,-1.34440931684528,2,0
1765123233817,2025-12-07,2025-12-07 17:00:33,89472.58,1786093270628.93,25442573093.87,309.4863308025921,1.4400856938230344,6.086213565352128,89391.07166666667,0.09118173863858632,2,0
1765126859139,2025-12-07,2025-12-07 18:00:59,89818.67,1789185672846.76,26388102411.04,315.0510585074981,0.38681124429404967,3.716327407929554,89395.55333333333,0.4733084039303096,2,0
1765130475102,2025-12-07,2025-12-07 19:01:15,90871.38,1815363537760.4,29284553497.5,433.22597513841527,1.1720391762648052,10.976352302044301,89444.83041666668,1.5948932729683059,2,0
1765134350907,2025-12-07,2025-12-07 20:05:50,91404.67,1825415692695.48,31353703045.03,589.723259739778,0.586862442278302,7.06566875846899,89520.25458333333,2.105015703359613,2,0
1765137687666,2025-12-07,2025-12-07 21:01:27,91348.92,1824099882819.57,30758470122.65,697.5532882163767,-0.06099250727561456,-1.8984453655286782,89598.83166666667,1.9532490555726927,2,0
1765141292523,2025-12-07,2025-12-07 22:01:32,91432.39,1824973602885.66,30960586342.58,791.3796074696841,0.09137491718567148,0.6571075190803022,89677.06166666666,1.9573883228444375,2,0
1765144892016,2025-12-07,2025-12-07 23:01:32,90017.84,1800792688567.52,31072079855.95,792.7527239977345,-1.5470994469246602,0.3601143471132051,89700.81333333334,0.3534267470781657,2,-1
1765148496175,2025-12-08,2025-12-08 00:01:36,89669.56,1796508258193.87,34761813986.02,788.2459836518854,-0.3869010853848498,11.874757490247134,89716.13708333333,-0.05191605974973469,2,-1
1765152049857,2025-12-08,2025-12-08 01:00:49,90398.45,1802958541728.72,34924915303.03,793.4110730601004,0.8128622466754498,0.4691967947230813,89764.2075,0.7065650303880786,2,0
1765155707680,2025-12-08,2025-12-08 02:01:47,90404.73,1804027357955.63,35541384626.44,800.7177190401217,0.0069470217686218305,1.7651276117955916,89804.3175,0.6685786571452884,2,0
1765159290692,2025-12-08,2025-12-08 03:01:30,91117.22,1818794631613.12,36873627724.86,838.3451645601223,0.788111418506543,3.748427677825794,89876.67749999999,1.3802718730896684,2,0
1765162924445,2025-12-08,2025-12-08 04:02:04,91393.19,1824028713277.95,38532105556.79,890.7270704024216,0.3028735951338346,4.49773438161567,89951.75208333333,1.6024567429562642,2,0
1765166507746,2025-12-08,2025-12-08 05:01:47,91038.86,1817525636279.72,39254761043.31,916.2446291650332,-0.3876984707503972,1.8754632690781037,90006.34291666666,1.147160355453289,2,0
1765170092340,2025-12-08,2025-12-08 06:01:32,91221.02,1819679817101.09,39456137853.81,943.230935281376,0.20009037898760518,0.5129997104754258,90075.83750000001,1.2713537079241646,2,0
1765173690574,2025-12-08,2025-12-08 07:01:30,91327.41,1823750586806.03,40009276670.83,968.1978417598589,0.11662882085730075,1.401908162094978,90151.91833333333,1.303900891293663,2,0
1765177300438,2025-12-08,2025-12-08 08:01:40,91579.99,1828776664560.66,40612354000.77,1002.6613809200248,0.2765653816307667,1.507343746555878,90234.71833333334,1.4908581658083535,2,0
1765180860775,2025-12-08,2025-12-08 09:01:00,91541.16,1827106409712.68,40242171261.73,1019.2991305985677,-0.042400091985161925,-0.9115027881244631,90324.94041666666,1.3464936458556727,2,0
1765184493077,2025-12-08,2025-12-08 10:01:33,91856.53,1831227091720.91,42626889132.68,1046.6058268475147,0.34451169288218786,5.925917504401279,90426.08791666666,1.5818909302496698,2,0
1765188087321,2025-12-08,2025-12-08 11:01:27,91919.11,1834669541738.78,43221308634.21,1051.0302084620898,0.06812798175590551,1.3944707522048239,90542.47291666667,1.5204323882343724,2,0
1765191676972,2025-12-08,2025-12-08 12:01:16,92130.3,1838884302171.63,43658873607.09,1062.0074114615784,0.22975635860704724,1.012382518500754,90662.06416666666,1.619459965784851,2,0
1765195304707,2025-12-08,2025-12-08 13:01:44,91970.4,1835419311623.3,44162422006.95,1045.260067246308,-0.17355853611679128,1.1533701130077345,90778.36333333334,1.3131286166611718,2,0
1765198916052,2025-12-08,2025-12-08 14:01:56,91773.79,1832330020371.87,44900214137.1,1026.1741722823087,-0.21377530161877933,1.6706333045635402,90873.86625,0.9902998377159805,2,0
1765202437850,2025-12-08,2025-12-08 15:00:37,91534.86,1827676275990.4,45889410638.51,958.2572490101348,-0.2603466632466578,2.203099741104908,90976.8925,0.6133068350295641,2,0
1765206078255,2025-12-08,2025-12-08 16:01:18,90883.16,1821885628197.09,45569016143.36,755.5991855723047,-0.7119691885692503,-0.6981882981106136,91088.59125,-0.22552906701144548,2,0
1765209723117,2025-12-08,2025-12-08 17:02:03,90114.81,1798583186152.58,48001826755.37,705.5976414724458,-0.8454261493548443,5.33873850678801,91115.35083333333,-1.0981034745325242,2,0
1765213326871,2025-12-08,2025-12-08 18:02:06,89841.06,1793507238835.68,48019646058.62,703.8212404087935,-0.30377914573642695,0.03712213566540168,91116.28375,-1.3995563663448956,2,0
1765216896727,2025-12-08,2025-12-08 19:01:36,90001.43,1796080523040.83,47119877952.24,738.5287061738261,0.1785041271774812,-1.8737499757528697,91080.03583333333,-1.1842395794694982,2,0
1765220518786,2025-12-08,2025-12-08 20:01:58,89888.91,1793211990844.96,46730139944.34,773.5415451023367,-0.12502023578957466,-0.8271201557334962,91016.87916666667,-1.2392966853996035,2,0
1765224111985,2025-12-08,2025-12-08 21:01:51,90295.9,1801244082203.49,46127272912.56,783.6865977332421,0.45276998018997094,-1.2901032021262249,90973.00333333334,-0.7442904032225681,2,0
1765227669585,2025-12-08,2025-12-08 22:01:09,90774.38,1811671737177.7,48386074305.58,778.4086923573884,0.5299022436234813,4.896889086206868,90945.58625,-0.1882513017502137,2,0
1765231262929,2025-12-08,2025-12-08 23:01:02,91353.08,1823278749860.18,47747455741.88,756.6290831640763,0.6375146820060795,-1.319839587867444,91001.22125,0.38665277802521736,2,0
1765234909375,2025-12-09,2025-12-09 00:01:49,90858.05,1813481533942.33,45837631908.46,702.6513731491888,-0.5418864914023658,-3.9998441880220725,91050.74166666665,-0.2116310786045962,2,0
1765238502205,2025-12-09,2025-12-09 01:01:42,90626.04,1808501444019.75,45380679058.39,694.9590157010708,-0.25535436871032546,-0.9968945406746976,91060.22458333334,-0.4768103585512333,2,0
1765242082355,2025-12-09,2025-12-09 02:01:22,90402.4,1804375370272.71,44975980469.41,695.0547234649255,-0.24677234048845476,-0.8917861023174267,91060.1275,-0.722300218611058,2,0
1765245693183,2025-12-09,2025-12-09 03:01:33,90059.54,1797558245813.44,43166036105.14,724.1975592832223,-0.379259842659041,-4.024246598695102,91016.0575,-1.050932688443467,2,0
1765249346706,2025-12-09,2025-12-09 04:02:26,90153.54,1800500346773.8,43094333059.38,740.1617162367071,0.10437539432246457,-0.16610986838205832,90964.40541666666,-0.8914095716367967,2,0
1765252890916,2025-12-09,2025-12-09 05:01:30,90420.22,1803611134470.77,44572230693.78,748.1848535786445,0.29580646528135635,3.429447747488279,90938.62874999999,-0.5700644018122912,2,0
1765256544313,2025-12-09,2025-12-09 06:02:24,89908.33,1794703314429.3,44546880321.92,774.1734946979245,-0.5661233737321192,-0.05687481076315226,90883.93333333333,-1.0734607290324134,2,0
1765260094595,2025-12-09,2025-12-09 07:01:34,89923.05,1794603987133.21,44213828355.88,792.0632083509721,0.016372231582995056,-0.7476437488622922,90825.41833333333,-0.9935196004510544,2,0
1765263718373,2025-12-09,2025-12-09 08:01:58,90178.85,1797688668942.64,45283831918.33,785.6386874841319,0.2844654401735758,2.420065400891036,90767.03749999999,-0.6480188361330902,2,0
1765267295461,2025-12-09,2025-12-09 09:01:35,90482.49,1806154091108.54,44926247876.65,769.8461101150621,0.336708662840568,-0.7896505806419096,90722.92625,-0.265022591243852,2,0
1765271170809,2025-12-09,2025-12-09 10:06:10,90479.43,1807556682113.75,44531899254.61,732.0746539591722,-0.0033818697960374955,-0.8777688782796389,90665.54708333332,-0.20527872970563474,2,0
1765274519027,2025-12-09,2025-12-09 11:01:59,90171.75,1800040021029.36,43737118838.33,687.517967913734,-0.3400551926553863,-1.7847440364846423,90592.74041666667,-0.46470657000813764,2,0
1765278029069,2025-12-09,2025-12-09 12:00:29,90245.24,1800278481665.73,44325817986.0,607.2127552494018,0.08150002633862119,1.3459943482927228,90514.19625,-0.297142615349676,2,0
1765281798812,2025-12-09,2025-12-09 13:03:18,90398.46,1803886643925.34,44189337547.0,522.1267533540209,0.16978180788260744,-0.30790280969683614,90448.69875,-0.05554391682167736,2,0
1765285395940,2025-12-09,2025-12-09 14:03:15,90550.6,1808666038113.15,44316162820.5,440.47166457016436,0.16829932722304264,0.28700424251688617,90397.7325,0.1691054584803967,2,0
1765288904366,2025-12-09,2025-12-09 15:01:44,90451.28,1804222131810.34,44006942111.94,368.5009148201305,-0.10968452997551781,-0.6977605660771657,90352.58333333333,0.10923502463958736,2,0
1765292426130,2025-12-09,2025-12-09 16:00:26,90284.16,1801908475290.78,42740920701.18,350.86584633136584,-0.1847624489117239,-2.8768674895420787,90327.625,-0.048119276910022275,2,0
1765296462084,2025-12-09,2025-12-09 17:07:42,93103.99,1858137002053.73,44189471012.89,663.3927907154742,3.1232831982930254,3.3891415719315754,90452.17416666665,2.9317325512232966,2,-1
1765299744022,2025-12-09,2025-12-09 18:02:24,94267.18,1881768290840.02,50104751752.85,1010.523033667837,1.2493449528854672,13.386176852478094,90636.59583333334,4.005649300137811,2,-1
1765303299216,2025-12-09,2025-12-09 19:01:39,93920.9,1873797330641.14,52281495481.61,1201.9862386989307,-0.36733887658462194,4.344385816932395,90799.90708333334,3.437220385922096,2,0
1765306897270,2025-12-09,2025-12-09 20:01:37,93920.24,1875380915928.46,52361216451.28,1342.5987461179786,-0.000702718990119866,0.1524841034779456,90967.87916666667,3.245498147674935,2,0
1765310508867,2025-12-09,2025-12-09 21:01:48,93881.99,1874396417689.24,53132948819.73,1459.0615347052233,-0.04072604584485218,1.4738625661381954,91117.29958333333,3.034210220571968,1,0
1765314095237,2025-12-09,2025-12-09 22:01:35,93065.23,1858127406130.67,52103382982.38,1509.7072216843276,-0.869985819431407,-1.9377163515676976,91212.75166666666,2.0309422745003243,1,0
1765317697793,2025-12-09,2025-12-09 23:01:37,92711.4,1842919161507.74,54558722653.66,1540.346431832132,-0.3801956971470455,4.712438100440308,91269.34833333333,1.5799955768282845,1,0
1765321322644,2025-12-10,2025-12-10 00:02:02,92790.2,1852779210725.41,55421905538.57,1568.1561772459422,0.08499494129092788,1.582117107817016,91349.85458333335,1.5767353141790748,1,0
1765324872854,2025-12-10,2025-12-10 01:01:12,92686.1,1850293655502.18,54394509374.27,1583.1234208402268,-0.11218857163793894,-1.8537727173328689,91435.69041666668,1.3675290005853176,1,0
1765328501753,2025-12-10,2025-12-10 02:01:41,92157.39,1839594363633.33,55644501776.06,1573.8247913643486,-0.5704307334109537,2.2980120901343826,91508.815,0.7087568558285856,1,0
1765332011923,2025-12-10,2025-12-10 03:00:11,92324.9,1842732773491.16,53862432840.44,1550.8907997215185,0.18176513028418384,-3.202596624536036,91603.205,0.7878490714380489,1,0
1765335688899,2025-12-10,2025-12-10 04:01:28,92484.68,1843341189142.41,56164884891.11,1528.9962075731773,0.1730627382212191,4.274690037657036,91700.33583333333,0.8553340176335001,1,0
1765339297572,2025-12-10,2025-12-10 05:01:37,92410.13,1845487404969.4,53806563582.92,1510.4015911996166,-0.08060794501315582,-4.198924849151231,91783.24874999998,0.6830018097392968,1,0
1765342890545,2025-12-10,2025-12-10 06:01:30,92532.04,1846333380683.64,53667418859.16,1463.0037444482225,0.1319227664759115,-0.2586017662056461,91892.56999999999,0.6958886882802399,1,0
1765346498151,2025-12-10,2025-12-10 07:01:38,92589.69,1848223810481.29,53065968516.85,1407.1157037775315,0.06230274400089719,-1.1206992158285023,92003.68,0.6369419136278129,2,0
1765350063886,2025-12-10,2025-12-10 08:01:03,92688.73,1850592903648.65,53154667017.74,1358.0072644060667,0.10696655318749304,0.16714761525897792,92108.25833333332,0.630205887257137,2,0
1765353695483,2025-12-10,2025-12-10 09:01:35,92700.84,1850454102566.25,53000113585.85,1317.42851119791,0.013065234575981854,-0.29076173469099187,92200.68958333334,0.5424584338001156,2,0
1765357285047,2025-12-10,2025-12-10 10:01:25,92623.7,1849367226280.55,52563236017.51,1267.3806545027799,-0.08321391693969504,-0.8242955321828505,92290.03416666666,0.36154048088308766,2,0
1765360906052,2025-12-10,2025-12-10 11:01:46,92865.56,1852625186220.96,53142370245.86,1188.4512933986362,0.261121073764059,1.101785719884285,92402.27625,0.5013769885349576,2,0
1765364505771,2025-12-10,2025-12-10 12:01:45,92302.25,1841939448242.29,54204273901.92,1096.7635208827082,-0.6065865537234649,1.9982241122237454,92487.985,-0.20082067957259592,2,0
1765368103916,2025-12-10,2025-12-10 13:01:43,92098.54,1836818179132.77,54089293287.56,1007.1828934368294,-0.22069884536942697,-0.21212462797316478,92558.82166666666,-0.49728557297788517,2,0
1765371716907,2025-12-10,2025-12-10 14:01:56,91971.47,1835644715585.31,55542793814.81,922.1786073535783,-0.13797178543762945,2.687224104634933,92618.02458333335,-0.6980872095275644,2,0
1765375293382,2025-12-10,2025-12-10 15:01:33,92066.24,1837679810542.12,54453018114.32,809.2003918897294,0.10304282404098863,-1.9620469653066297,92685.31458333333,-0.6679316848805759,2,0
1765378897704,2025-12-10,2025-12-10 16:01:37,91801.72,1831004216650.44,55042571196.75,658.712826323788,-0.28731487242229514,1.0826821044010337,92748.54625000001,-1.020852927923938,2,0
1765382490015,2025-12-10,2025-12-10 17:01:30,91925.01,1835402390376.68,51415785606.4,674.8176822891817,0.13430031594179326,-6.589055546453371,92699.42208333332,-0.835401198766009,2,0
1765386081633,2025-12-10,2025-12-10 18:01:21,92161.83,1840946513891.18,44853466140.95,594.180755684042,0.2576230342536956,-12.763238737002114,92611.69916666666,-0.4857584632553378,2,0
1765389697852,2025-12-10,2025-12-10 19:01:37,92359.13,1844296965574.41,42738354130.36,526.1972622007328,0.2140799504523727,-4.715604372565885,92546.62541666666,-0.2025956276876754,2,0
1765393299767,2025-12-10,2025-12-10 20:01:39,92452.99,1848135230540.76,42517545970.48,437.41192796989344,0.10162503696169445,-0.5166510605590702,92485.49,-0.03514064746805148,2,0
1765396902095,2025-12-10,2025-12-10 21:01:42,92991.95,1852092225313.34,48284595462.16,340.9611623298137,0.5829557270132568,13.563928397194115,92448.40499999998,0.5879441619355281,2,0
1765400499593,2025-12-10,2025-12-10 22:01:39,92571.35,1847505566249.14,51444222897.86,316.11314651088014,-0.45229721497397346,6.543758740147587,92427.82666666666,0.15528151911539634,2,0
1765404100063,2025-12-10,2025-12-10 23:01:40,92378.77,1845543005274.58,52676884042.48,310.3795432589595,-0.20803412718946035,2.3961118959215044,92413.96708333334,-0.03808632444227175,2,0
1765407700421,2025-12-11,2025-12-11 00:01:40,92541.98,1846826410913.4,52765612328.36,301.30040505562596,0.17667479227099214,0.16843875163239375,92403.62458333332,0.1497294259727855,2,0
1765411221061,2025-12-11,2025-12-11 01:00:21,92005.14,1837321739746.96,52189659395.76,305.57579157048997,-0.580104294288919,-1.0915308421246883,92375.25124999999,-0.4006606152532519,2,0
1765415199611,2025-12-11,2025-12-11 02:06:39,91234.35,1823260908435.87,53099592890.17,382.57440314500656,-0.8377684116343875,1.7435129965303497,92336.79125000001,-1.1939349798447791,2,0
1765418514189,2025-12-11,2025-12-11 03:01:54,90581.63,1810837341844.52,54242960930.25,524.2044911639268,-0.7154322905791544,2.1532519890405055,92264.15500000001,-1.8235955230934575,2,0
1765422173464,2025-12-11,2025-12-11 04:02:53,90010.48,1796619403292.16,55385356047.17,694.5604911562948,-0.6305362356583855,2.1060707183536254,92161.06333333334,-2.333505338968358,2,0
1765425712380,2025-12-11,2025-12-11 05:01:52,89847.75,1793318897313.32,56406270041.5,836.9545747075073,-0.18079005911311175,1.8432922837230192,92054.2975,-2.3970065058613916,2,0
1765429228798,2025-12-11,2025-12-11 06:00:28,90429.3,1805645742243.88,58380994906.97,892.9552120987952,0.6472616175697166,3.500896024532607,91966.68333333333,-1.6716742168042353,2,0
1765432980221,2025-12-11,2025-12-11 07:03:00,90326.58,1802716739905.7,56637894559.62,942.4271647486884,-0.11359150186941447,-2.9857325147124136,91872.38708333333,-1.6825589629354036,2,0
1765436465807,2025-12-11,2025-12-11 08:01:05,90297.96,1801652782207.5,58082426846.75,978.0667140296022,-0.03168502560375597,2.5504696076041666,91772.77166666667,-1.607025308141953,2,0
1765440093924,2025-12-11,2025-12-11 09:01:33,90254.8,1801381576751.57,58189628451.32,1004.2467274904471,-0.047797314579423045,0.18456805335089754,91670.85333333333,-1.5447149032029623,2,0
1765443608367,2025-12-11,2025-12-11 10:00:08,90177.63,1800003040340.99,58783051944.53,1027.2009451683734,-0.08550237771287605,1.0198097307090537,91568.93375000001,-1.519405865092326,2,0
1765447374898,2025-12-11,2025-12-11 11:02:54,90261.28,1800733398484.27,58631292979.94,1021.813922369212,0.09276136443150396,-0.2581678895018924,91460.42208333332,-1.3111049085698923,2,0
1765450963077,2025-12-11,2025-12-11 12:02:43,90311.07,1802660583915.29,55729043080.46,1031.2828856829865,0.05516208057321226,-4.950001529853642,91377.45625,-1.167012405206887,2,0
1765454575827,2025-12-11,2025-12-11 13:02:55,90243.2,1801782117276.8,55600885228.95,1044.3360245149704,-0.07515136295030977,-0.22996600053758476,91300.15041666666,-1.1576655808813598,2,0
1765458106647,2025-12-11,2025-12-11 14:01:46,90150.51,1799631057009.68,54971265143.66,1059.4811822588476,-0.1027113400234092,-1.1323921960907257,91224.27708333333,-1.1770628583358942,2,0
1765461689451,2025-12-11,2025-12-11 15:01:29,90140.72,1796716451446.6,55593293268.89,1065.8374655455714,-0.010859616878478029,1.1315514089123013,91144.04708333332,-1.100814716309423,2,0
1765465335771,2025-12-11,2025-12-11 16:02:15,89463.23,1791586411623.85,54967052625.62,1109.11196998943,-0.7515915115832272,-1.126467972028633,91046.61,-1.7390872653029088,2,0
1765468883402,2025-12-11,2025-12-11 17:01:23,89858.1,1790695889265.28,57610240411.31,1118.1494788588002,0.44137686510985485,4.808676578845739,90960.48875,-1.2119424215384926,2,0
1765472506351,2025-12-11,2025-12-11 18:01:46,89798.28,1796640786926.73,57846981410.59,1111.807829302238,-0.06657162793338722,0.4109356211495996,90862.0075,-1.1707065794248581,2,0
1765476149061,2025-12-11,2025-12-11 19:02:29,89963.25,1795734986711.32,56916734640.15,1078.6040795636654,0.18371175928981742,-1.6081163575973445,90762.17916666668,-0.8802445842553082,2,0
1765479738529,2025-12-11,2025-12-11 20:02:18,90606.41,1808645524117.81,56991672725.7,1016.8416756231007,0.7149141454983132,0.13166265778208341,90685.23833333333,-0.0869252094189499,2,0
1765483342598,2025-12-11,2025-12-11 21:02:22,90856.51,1813605382685.85,53018716839.48,891.9848844286656,0.276029035914771,-6.971116474053618,90596.26166666666,0.28726166901993766,2,0
1765486813837,2025-12-11,2025-12-11 22:00:13,91654.64,1828658526105.79,49980150784.37,820.4936920721575,0.8784510873244056,-5.731119567283372,90558.06541666668,1.2109076958389862,2,0
1765490620319,2025-12-11,2025-12-11 23:03:40,93042.44,1856781203749.01,52453763153.28,892.544656053253,1.5141622944566668,4.949189488406969,90585.71833333334,2.7120408292469773,2,0
1765494012162,2025-12-12,2025-12-12 00:00:12,92243.54,1842069862403.6,52591037128.0,865.782606982589,-0.8586404225856548,0.26170472139217527,90573.28333333334,1.8440942021718179,2,0
1765497833581,2025-12-12,2025-12-12 01:03:53,92494.18,1848922166365.78,53232377699.41,905.7784186231307,0.2717155044136499,1.219486449466789,90593.65999999999,2.09785099752014,2,0
1765501253750,2025-12-12,2025-12-12 02:00:53,92136.18,1838948450315.98,52051003387.94,951.0861385704844,-0.38705137988142013,-2.219277745098913,90631.23625,1.6605133199868398,2,0
1765504951118,2025-12-12,2025-12-12 03:02:31,92191.93,1839786034069.79,51033238485.62,1002.8275496422535,0.06050826070713722,-1.955322349378208,90698.33208333333,1.6467755055234674,2,0
1765508516702,2025-12-12,2025-12-12 04:01:56,92584.47,1848177072329.94,49487326870.63,1061.9622437923572,0.4257856408907079,-3.02922499309074,90805.58166666667,1.9590076960944558,2,0
1765512086378,2025-12-12,2025-12-12 05:01:26,92300.73,1842415725520.39,48325623877.7,1083.5906825915333,-0.3064660844308009,-2.347475740540461,90907.78916666667,1.5322568573079753,2,0
1765515704839,2025-12-12,2025-12-12 06:01:44,92409.37,1843834808611.47,45199132769.95,1120.3321172253698,0.1177022110226078,-6.4696342372368765,90990.29208333332,1.5595926600246715,2,0
1765519249870,2025-12-12,2025-12-12 07:00:49,92418.1,1844842522186.27,45967802297.12,1147.4767391307307,0.009447093947301255,1.7006289281750187,91077.43874999999,1.4720014840118891,2,0
1765522869962,2025-12-12,2025-12-12 08:01:09,92520.58,1846320693875.12,46683485765.7,1171.275790810535,0.11088736946549549,1.5569233959763062,91170.04791666666,1.4813330849269524,2,0
1765526445769,2025-12-12,2025-12-12 09:00:45,92446.83,1845228873698.59,48495290602.52,1182.2176304071695,-0.07971199488805425,3.881040173206607,91261.3825,1.2989585162157657,2,0
1765530128495,2025-12-12,2025-12-12 10:02:08,92265.0,1841728043972.65,50363619399.11,1175.7859221436959,-0.19668603022948705,3.8525984139435643,91348.35625,1.0034594902740823,2,0
1765533777305,2025-12-12,2025-12-12 11:02:57,92391.94,1844096742171.57,50355144219.41,1170.5637047864896,0.13758196499213948,-0.016827979801914417,91437.13375,1.044221544181998,2,0
1765537336055,2025-12-12,2025-12-12 12:02:16,92414.53,1847141988562.9,52935210021.46,1161.295636287578,0.024450184723900925,5.123738283437351,91524.77791666666,0.9721433950306437,2,0
1765540890832,2025-12-12,2025-12-12 13:01:30,92405.03,1844507238802.01,54376766260.84,1141.2359051176004,-0.010279768776622067,2.7232464720468474,91614.85416666667,0.8624975071136733,2,0
1765544610826,2025-12-12,2025-12-12 14:03:30,92396.63,1844559474290.97,55092159288.89,1107.529663629575,-0.009090414233936528,1.3156226036287855,91708.4425,0.7504080117814671,2,0
1765548460104,2025-12-12,2025-12-12 15:07:40,92280.63,1842261921704.69,56149621469.06,1060.9911089451027,-0.12554570442666613,1.919442246990033,91797.60541666666,0.5261842954845194,2,0
1765551714480,2025-12-12,2025-12-12 16:01:54,92510.95,1844251115587.95,57829624813.22,945.5542678735505,0.24958650585718,2.9920118786298966,91924.59375,0.637866566584633,2,0
1765555256289,2025-12-12,2025-12-12 17:00:56,89947.36,1795224566868.93,62047356529.96,937.2114280717982,-2.7711206078847916,7.2933755499237085,91928.31291666666,-2.1548887973854174,2,-1
1765559003124,2025-12-12,2025-12-12 18:03:23,90084.09,1798155754151.19,65415215831.45,910.4016147051998,0.15201113184422077,5.42788523128106,91940.22166666668,-2.018846194863625,2,0
1765562560434,2025-12-12,2025-12-12 19:02:40,90045.02,1797113381466.17,68150387256.54,902.8026191583091,-0.04337058852456055,4.181246504081693,91943.62874999999,-2.0649704343978104,2,0
1765566087787,2025-12-12,2025-12-12 20:01:27,90587.54,1807514655908.19,68964933961.9,904.025224894481,0.6024986168030155,1.195219481723231,91942.84249999998,-1.4740706977816038,2,0
1765569702383,2025-12-12,2025-12-12 21:01:42,90195.25,1801111207323.66,69967847607.5,947.6001460439273,-0.43305072640231757,1.4542370854064401,91915.29,-1.8713317446966589,2,0
1765573356187,2025-12-12,2025-12-12 22:02:36,90300.36,1802508393392.54,70780440635.42,1002.5272318784333,0.11653607035846392,1.1613806279684669,91858.86166666668,-1.6966263661334045,2,0
1765576964517,2025-12-12,2025-12-12 23:02:44,90216.45,1802241092428.36,68026138932.65,1023.215282541152,-0.09292321758186395,-3.891331670223719,91741.11208333333,-1.661918030760732,2,0
1765580483854,2025-12-13,2025-12-13 00:01:23,90323.07,1802246188846.83,67635974448.51,1056.7594675365467,0.11818243790351346,-0.573550829521996,91661.09250000001,-1.459749675141616,2,0
1765584099328,2025-12-13,2025-12-13 01:01:39,90307.26,1803244893514.89,67750393558.63,1075.9138688126902,-0.01750383373817499,0.16916901257495454,91569.97083333333,-1.3789573392259709,1,0
1765587647071,2025-12-13,2025-12-13 02:00:47,90333.81,1803281361961.24,67294697271.14,1097.3630462790422,0.02939962966432841,-0.6726105392962034,91494.87208333334,-1.268991427493166,1,0
1765591268648,2025-12-13,2025-12-13 03:01:08,90219.7,1800252939998.35,68346109056.93,1116.5714936548525,-0.12632036664899093,1.5623991613391341,91412.69583333335,-1.3050658034508231,1,0
1765594849531,2025-12-13,2025-12-13 04:00:49,90233.37,1801173274863.75,67902253059.9,1112.4252549376376,0.015151901413990032,-0.6494239440321015,91314.73333333332,-1.1842156176330736,1,0
1765598474064,2025-12-13,2025-12-13 05:01:14,90362.5,1803779394843.16,68433341506.95,1108.0789692302744,0.14310670209924936,0.7821367084557496,91233.97374999999,-0.9552074892495738,1,0
1765602357196,2025-12-13,2025-12-13 06:05:57,90366.89,1803790125689.04,69303014621.01,1092.200671876525,0.004858209987546047,1.2708324552172856,91148.87041666667,-0.8579156418417739,1,0
1765605709545,2025-12-13,2025-12-13 07:01:49,90284.23,1802063445777.06,68008938768.92,1071.0354060193304,-0.09147155556642472,-1.8672720936697695,91059.95916666667,-0.8518883313431511,1,0
1765609235429,2025-12-13,2025-12-13 08:00:35,90358.64,1803685140422.14,70443012264.47,1033.091042322713,0.08241749417368105,3.579049371466403,90969.87833333334,-0.6719128842776201,1,0
1765612913627,2025-12-13,2025-12-13 09:01:53,90332.55,1803311314059.77,51892572043.9,990.9573110169118,-0.02887382988500109,-26.33396787593999,90881.78333333333,-0.6043381997895684,2,-1
1765616505544,2025-12-13,2025-12-13 10:01:45,90474.26,1806407146915.76,69350823244.89,948.7999140649257,0.156875899108333,33.64306395570582,90807.16916666667,-0.3666111054025487,2,-1
1765620068351,2025-12-13,2025-12-13 11:01:08,90413.9,1805256518294.61,68927231766.18,889.1917349011801,-0.06671510770024369,-0.6107951699639291,90724.75083333334,-0.34263068289313453,2,0
1765623702514,2025-12-13,2025-12-13 12:01:42,90601.32,1808664960228.44,69225496941.89,813.1558869772834,0.20729113554442957,0.43272472732083234,90649.20041666667,-0.0528194583588005,2,0
1765627309210,2025-12-13,2025-12-13 13:01:49,90350.92,1803556917912.08,53152590357.08,723.4682200840965,-0.27637566428393434,-23.218188810261754,90563.61249999999,-0.23485425782898195,2,-1
1765630914097,2025-12-13,2025-12-13 14:01:54,90312.09,1802758299097.11,52566169368.26,610.081963835203,-0.04297687284202656,-1.1032782878132807,90476.75666666667,-0.18199886107029056,2,0
1765634509734,2025-12-13,2025-12-13 15:01:49,90256.15,1802315136657.36,52717382196.77,474.77851688200354,-0.06194076562728856,0.28766187517041963,90392.40333333332,-0.15073538074972462,2,0
1765638088897,2025-12-13,2025-12-13 16:01:28,90105.01,1799486344716.14,50935501249.04,152.8998252880529,-0.16745673286528984,-3.38006341263124,90292.15583333332,-0.20726698970259774,2,0
1765641676400,2025-12-13,2025-12-13 17:01:16,90097.47,1798494380541.9,45229954708.48,140.77143557433843,-0.008368014164794602,-11.201512502377764,90298.41041666667,-0.2225292956315168,2,0
1765645591024,2025-12-13,2025-12-13 18:06:31,90095.95,1798410903824.07,41310865544.65,140.00510102417846,-0.001687061800959011,-8.664808950372937,90298.90458333334,-0.22475863275400054,2,0
1765648915830,2025-12-13,2025-12-13 19:01:55,90056.96,1797827462760.28,39466382442.11,139.08188248125435,-0.04327608510703573,-4.464886121900369,90299.40208333333,-0.2684869198907749,2,0
1765652579124,2025-12-13,2025-12-13 20:02:59,90119.9,1798611153181.61,36496483680.56,129.37849500327678,0.0698891012976599,-7.525135514779713,90279.91708333332,-0.17724549213489024,2,0
1765656026103,2025-12-13,2025-12-13 21:00:26,90189.91,1800349057199.87,35758474331.86,129.53493002043825,0.07768539467976066,-2.022138228875736,90279.69458333333,-0.09945158072112266,2,0
1765659730108,2025-12-13,2025-12-13 22:02:10,90132.24,1799794270655.26,35530615426.03,132.8716232822522,-0.06394285125685961,-0.637216520244499,90272.68958333334,-0.15558369201316619,2,0
1765663338184,2025-12-13,2025-12-13 23:02:18,90067.13,1797834759640.04,35941148660.4,138.97525625780153,-0.07223830229893258,1.1554351914468741,90266.46791666666,-0.22083274250930446,2,0
1765666903129,2025-12-14,2025-12-14 00:01:43,90170.69,1799279486077.62,35299816933.31,139.75552101731142,0.1149809036881777,-1.7843940747409248,90260.11875000001,-0.09907891906025927,2,0
1765670492860,2025-12-14,2025-12-14 01:01:32,90253.12,1802028910320.9,35192318973.68,139.39800452289535,0.09141551428739625,-0.3045283771105356,90257.86291666667,-0.005254851503684299,2,0
1765674080895,2025-12-14,2025-12-14 02:01:20,90357.27,1803609590395.59,35789781716.49,140.03452383239346,0.11539767267880752,1.6977077960018239,90258.84041666666,0.10905256801323801,2,0
1765677661669,2025-12-14,2025-12-14 03:01:01,90298.01,1801957073596.44,35819426734.78,139.9952058079283,-0.06558409743898652,0.08283095584329381,90262.10333333333,0.03978044532605308,2,0
1765681303383,2025-12-14,2025-12-14 04:01:43,90288.07,1802835750833.89,35719358384.93,139.95233953468983,-0.011007994528322573,-0.2793689318116188,90264.38249999999,0.026242355338789977,2,0
1765684933877,2025-12-14,2025-12-14 05:02:13,90251.74,1801589019302.69,35891445198.96,138.3936965215016,-0.040237874173187915,0.4817746505284326,90259.7675,-0.008893774294285112,2,0
1765688467035,2025-12-14,2025-12-14 06:01:07,90202.9,1800631224041.11,50272778799.39,136.91522337217438,-0.05411530015931865,40.068973318596605,90252.93458333334,-0.055438178896158555,2,-1
1765692071252,2025-12-14,2025-12-14 07:01:11,90195.4,1800459626711.42,51274759545.14,137.23273568961935,-0.00831458855535816,1.9930880482026625,90249.23333333334,-0.059649629525949474,2,0
1765695621485,2025-12-14,2025-12-14 08:00:21,90151.98,1799718787293.89,51120042588.49,136.5512841148266,-0.04813992731336203,-0.30174096967494624,90240.6225,-0.09822904313409601,2,0
1765699260704,2025-12-14,2025-12-14 09:01:00,90235.19,1801233191989.95,51268744204.55,135.14046045274267,0.09229969214210598,0.2908871130195223,90236.56583333334,-0.001524696026087828,2,0
1765702927743,2025-12-14,2025-12-14 10:02:07,90161.59,1799849631702.83,35653505275.86,125.99122350286785,-0.08156463127080293,-30.457619298005312,90223.53791666667,-0.0686604827266789,2,-1
1765706511217,2025-12-14,2025-12-14 11:01:51,90023.44,1797165072366.04,34603910986.06,125.55028922462901,-0.15322489321671906,-2.943874050192352,90207.26874999999,-0.20378485298058208,2,0
1765710075619,2025-12-14,2025-12-14 12:01:15,89840.81,1793739736447.63,33744233841.82,117.48501813492814,-0.20286938601769,-2.4843352087754345,90175.58083333333,-0.37124333465848963,2,0
1765713738641,2025-12-14,2025-12-14 13:02:18,89231.75,1783707159994.29,49121972772.67,221.19697773517152,-0.6779324451771984,45.57145675001817,90128.94875,-0.9954612390838476,2,-1
1765717363780,2025-12-14,2025-12-14 14:02:43,89395.71,1785405200432.4,35200617110.23,263.2947625563609,0.1837462562372716,-28.340383898802656,90090.76625,-0.7715066470532924,2,-1
1765720801152,2025-12-14,2025-12-14 15:00:01,89311.28,1781639049195.89,47065610161.89,304.85227546782386,-0.09444524798786214,33.706775692326694,90051.39666666667,-0.8218824960664152,2,-1
1765724495821,2025-12-14,2025-12-14 16:01:35,89020.13,1778236548892.78,45458482500.5,370.0234588763011,-0.3259946559941773,-3.414653832940906,90006.19333333334,-1.0955505358186894,2,0
1765728071440,2025-12-14,2025-12-14 17:01:11,89009.26,1776886804847.78,33226746566.97,421.4520559385562,-0.012210721327876595,-26.907488461356934,89960.85125,-1.0577837323432533,2,-1
1765731757671,2025-12-14,2025-12-14 18:02:37,88809.77,1771147033795.11,43948293589.56,481.0817127236895,-0.22412274857693815,32.26782074790331,89907.26041666667,-1.2206916455695038,2,-1
1765735297774,2025-12-14,2025-12-14 19:01:37,88809.28,1773478502272.65,33486847486.08,529.2077522174231,-0.0005517410978650439,-23.803987024345197,89855.27375000001,-1.1640872108522275,2,-1
1765738917631,2025-12-14,2025-12-14 20:01:57,88998.91,1775580284123.85,33183520120.9,553.737190362482,0.21352498297475542,-0.9058104538090306,89808.56583333334,-0.9015351997001004,2,0
1765742496503,2025-12-14,2025-12-14 21:01:36,88674.6,1768915799935.53,33236551980.36,593.3381530538423,-0.36439772127545567,0.15981384514598407,89745.42791666667,-1.1931838106125934,2,0
1765746049250,2025-12-14,2025-12-14 22:00:49,88577.56,1768475249482.36,41048719604.64,632.8244509888589,-0.10943381757573256,23.50474751080176,89680.64958333333,-1.23001961789797,2,-1
1765749686143,2025-12-14,2025-12-14 23:01:26,88477.3,1766288177054.61,32753494797.93,672.5714509879447,-0.11318893859798562,-20.208242514274033,89614.40666666666,-1.26888823902644,2,0
1765753305862,2025-12-15,2025-12-15 00:01:45,88291.27,1762293125370.94,33128794674.8,713.1731871331317,-0.2102573202392044,1.1458315492297366,89536.09749999999,-1.3903079704808277,2,0
1765756889362,2025-12-15,2025-12-15 01:01:29,88230.77,1761380944797.12,33808538697.04,743.5962561034762,-0.06852319600794132,2.051822376613832,89451.83291666668,-1.365050750613706,2,0
1765760480018,2025-12-15,2025-12-15 02:01:20,88488.56,1766126569489.78,34420939930.11,742.5013309078918,0.29217698088772615,1.81138036919537,89373.97000000002,-0.990679948535371,2,0
1765764092531,2025-12-15,2025-12-15 03:01:32,89274.75,1782050376774.76,34909901453.08,716.0415445556947,0.8884651304078117,1.4205350695327024,89331.33416666667,-0.06334190258604848,2,0
1765767833222,2025-12-15,2025-12-15 04:03:53,89310.04,1783011878176.3,40740592415.5,686.4435881346121,0.03952965424154353,16.702112351295597,89290.58291666668,0.02179074511303361,2,-1
1765771270194,2025-12-15,2025-12-15 05:01:10,89297.37,1782326668713.88,39893772286.67,655.278984656619,-0.014186534906934778,-2.0785660654944804,89250.8175,0.05215918610492356,2,0
1765774907964,2025-12-15,2025-12-15 06:01:47,89668.14,1791782365635.23,36417071314.06,630.1057273596647,0.4152081970611343,-8.714896519755033,89228.53583333333,0.49267217326953766,2,0
1765778510108,2025-12-15,2025-12-15 07:01:50,89564.69,1786748867102.99,36063573904.78,600.48396231571,-0.11536985154370072,-0.9706914821113521,89202.25624999999,0.4063055860204333,2,0
1765782197296,2025-12-15,2025-12-15 08:03:17,89811.24,1792841972395.67,35677951843.55,580.7570433143677,0.2752758927653254,-1.069284098819956,89188.05875000001,0.6987272273150514,2,0
1765785803068,2025-12-15,2025-12-15 09:03:23,89714.61,1791618158592.72,35219669376.7,548.7888501606939,-0.10759232363344307,-1.284497688823627,89166.36791666667,0.6148529946242829,2,0
1765789362706,2025-12-15,2025-12-15 10:02:42,89794.92,1792531911999.26,35126305307.69,524.4417495734501,0.08951719235026356,-0.2650907026167659,89151.09000000001,0.7221784949572542,2,0
1765792907260,2025-12-15,2025-12-15 11:01:47,89867.64,1795196399878.11,34864222521.19,514.0351196906413,0.08098453676443906,-0.746115437431516,89144.59833333333,0.8110885911034597,2,0
1765796432016,2025-12-15,2025-12-15 12:00:32,89869.02,1794085097964.03,35258566041.5,515.7257994980905,0.0015355916768378108,1.1310836490626475,89145.77375,0.811307389656272,2,0
1765800077798,2025-12-15,2025-12-15 13:01:17,89640.5,1789849199140.99,32181434048.5,525.3479976913109,-0.254281174981108,-8.727331648650027,89162.805,0.5357559130177736,2,0
1765803706295,2025-12-15,2025-12-15 14:01:46,89699.67,1790682007488.04,31465877374.85,534.7860834178457,0.06600811017341002,-2.2235077298656147,89175.46999999999,0.5878298146340151,2,0
1765807388387,2025-12-15,2025-12-15 15:03:08,89438.97,1785809912949.48,33192734780.83,536.8272370178082,-0.2906365207363648,5.488031957310824,89180.79041666666,0.2895013400611161,2,0
1765810906928,2025-12-15,2025-12-15 16:01:46,87975.79,1757827503538.97,35792424463.0,590.0991348240735,-1.6359535446349716,7.832104523280847,89137.27625,-1.3030308966839246,2,-1
1765814589153,2025-12-15,2025-12-15 17:03:09,86944.64,1733953131517.71,41224606985.62,740.8175757873795,-1.172083819878167,15.176905739468571,89051.25041666668,-2.365615762619778,2,-1
1765818105160,2025-12-15,2025-12-15 18:01:45,86376.5,1722640484164.16,43360523604.61,920.1115842771678,-0.653450287447277,5.181169149132336,88949.86416666668,-2.89305013647343,2,0
1765821669866,2025-12-15,2025-12-15 19:01:09,85704.71,1712285877815.08,45527230857.48,1134.0881430029365,-0.7777462620041309,4.996958230088455,88820.50708333333,-3.5079703839227303,2,0
1765825324184,2025-12-15,2025-12-15 20:02:04,86173.55,1720182955659.69,47932693767.88,1254.9645668575545,0.5470411136097475,5.283569558469603,88702.78375,-2.8513578075840256,2,0
1765828958765,2025-12-15,2025-12-15 21:02:38,86025.87,1720587803401.0,50158399362.59,1368.8503363931052,-0.1713750913128309,4.643397689035078,88592.42,-2.897031145553991,1,0
1765832509255,2025-12-15,2025-12-15 22:01:49,85803.52,1714137274042.73,50439084305.68,1482.5563054957668,-0.25846876061815793,0.5595970897335878,88476.835,-3.0214857934283046,1,0
1765836071794,2025-12-15,2025-12-15 23:01:11,86217.69,1721246269368.46,50919344778.51,1552.6187732763944,0.4826958148103966,0.9521593808472728,88382.68458333332,-2.449568706291119,1,0
1765839677964,2025-12-16,2025-12-16 00:01:17,86115.31,1717334594879.62,51273986707.71,1620.2485548680602,-0.1187459325342699,0.6964777939359346,88292.01958333333,-2.46535258068128,1,0
1765843306712,2025-12-16,2025-12-16 01:01:46,86413.22,1725206666830.81,50413200076.56,1665.0919123231918,0.3459431313665329,-1.6787979371624795,88216.28833333333,-2.0439177020464405,1,0
1765846918220,2025-12-16,2025-12-16 02:01:58,85814.25,1715188807522.75,49986914248.92,1734.13145538102,-0.6931462570194724,-0.8455837498762664,88104.85875,-2.599866548222574,1,0
1765850465770,2025-12-16,2025-12-16 03:01:05,85900.22,1714811890810.95,49204346199.11,1771.5527835027324,0.10018149666284337,-1.5655458264797861,87964.25333333334,-2.3464455788783365,1,0
1765854105365,2025-12-16,2025-12-16 04:01:45,85950.11,1713860248288.19,48641667159.26,1793.20497996287,0.058079013068890184,-1.1435555663580343,87824.25624999999,-2.1339733805032832,1,0
1765857703733,2025-12-16,2025-12-16 05:01:43,85848.7,1713324919066.3,48885768029.01,1808.1414609137792,-0.11798705086009109,0.5018349164529701,87680.56166666666,-2.089244904281993,1,0
1765861305405,2025-12-16,2025-12-16 06:01:45,85830.93,1712126133442.37,49424312878.52,1794.3486117154305,-0.020699206860441688,1.1016393343568076,87520.67791666667,-1.9306842187346605,1,0
1765864926263,2025-12-16,2025-12-16 07:02:06,86036.81,1716465889091.09,49770926695.61,1763.8655364444298,0.23986691044826092,0.7013022476244579,87373.68291666667,-1.5300635981451387,1,0
1765868577482,2025-12-16,2025-12-16 08:02:57,86515.59,1727270805458.17,50237491118.29,1692.6976396810903,0.5564827426772334,0.9374236198844033,87236.36416666667,-0.8262313240033909,1,0
1765872041348,2025-12-16,2025-12-16 09:00:41,86036.32,1717240652924.73,51553443830.37,1623.667923437507,-0.553969521562514,2.61946343813515,87083.10208333333,-1.2020496035288413,1,0
1765876044381,2025-12-16,2025-12-16 10:07:24,86243.71,1721849715427.69,51308190771.17,1524.5812476988,0.24104936147897327,-0.47572585064730166,86935.135,-0.7953343604976151,1,0
1765879307278,2025-12-16,2025-12-16 11:01:47,86305.29,1722042044393.3,51970117944.15,1394.5290407246837,0.07140230864370878,1.290100397287719,86786.70375,-0.5547091077301193,1,0
1765882975653,2025-12-16,2025-12-16 12:02:55,86969.78,1736149104902.57,52960874915.61,1232.017946456614,0.7699296300377467,1.9063973888316488,86665.90208333333,0.350631458695799,2,0
1765886540680,2025-12-16,2025-12-16 13:02:20,87273.02,1742348553453.4,53726655140.23,1067.255488814284,0.3486728378524262,1.4459357513262994,86567.25708333333,0.815276977052971,2,0
1765890118769,2025-12-16,2025-12-16 14:01:58,87165.63,1740965730554.32,54556070660.57,846.3803045089944,-0.12305062893435137,1.5437691368933582,86461.67208333332,0.8141849442700962,2,0
1765893776226,2025-12-16,2025-12-16 15:02:56,86587.05,1731895537414.24,57237327053.7,562.942360961656,-0.6637708004863851,4.914680182544484,86342.84208333334,0.28283516128756836,2,0
1765897295422,2025-12-16,2025-12-16 16:01:35,87253.23,1738835604295.46,57721680139.15,485.85772330541215,0.7693760210100598,0.8462189105993501,86312.73541666666,1.089635937029667,2,0
1765900891429,2025-12-16,2025-12-16 17:01:31,87882.79,1748844764555.66,54513290954.6,569.4552632503509,0.7215320280979931,-5.558378025060118,86351.825,1.7729387884969385,2,0
1765904524767,2025-12-16,2025-12-16 18:02:04,87604.55,1749336329224.43,55347235714.87,624.3012481432353,-0.3166035124738231,1.5298007984227757,86402.99375000001,1.3906419185851349,2,0
1765908159542,2025-12-16,2025-12-16 19:02:39,87208.39,1740173837122.91,53128472146.21,626.6248261674887,-0.4522139546404902,-4.008806474257021,86465.64708333333,0.8590034790936494,2,0
1765911718304,2025-12-16,2025-12-16 20:01:58,87813.41,1755019950306.28,52660561950.75,680.4808438346813,0.6937635243581486,-0.8807145708468855,86533.97458333334,1.4785353646671422,2,0
1765915312257,2025-12-16,2025-12-16 21:01:52,87655.3,1750489142653.75,51314845474.96,708.2992422222867,-0.18005222664738696,-2.5554540740536758,86601.8675,1.2164085260632629,2,0
1765918961614,2025-12-16,2025-12-16 22:02:41,87597.61,1751082452781.74,50716275110.25,715.0204989601434,-0.0658146170282925,-1.1664662714459206,86676.62125,1.0625572809807744,2,0
1765922477535,2025-12-16,2025-12-16 23:01:17,87760.14,1751784500781.93,49346948858.22,740.8312862090462,0.18554159183110652,-2.69997402027905,86740.89,1.175051351213943,2,0
1765926084233,2025-12-17,2025-12-17 00:01:24,87752.71,1752852460098.5,49205627620.06,755.9569414181783,-0.00846625814406865,-0.28638293031254536,86809.115,1.0869768687308943,2,0
1765929807258,2025-12-17,2025-12-17 01:03:27,87719.68,1753485223429.68,48224383878.12,773.0545896350827,-0.037639863201965884,-1.9941697513069956,86863.55083333333,0.9856023135749267,2,0
1765933594652,2025-12-17,2025-12-17 02:06:34,87531.08,1747160565354.87,47103871092.78,750.8504858288753,-0.2150030643066514,-2.323539867656854,86935.08541666667,0.6855627741973468,2,0
1765936863153,2025-12-17,2025-12-17 03:01:03,87529.16,1747197539930.21,44669150142.22,726.4648274617476,-0.0021935065807499043,-5.168834098081565,87002.95791666667,0.604809417902027,2,0
1765940486463,2025-12-17,2025-12-17 04:01:26,87463.04,1745295482443.12,45834853733.86,696.1412250253464,-0.07554053986124076,2.609639063936897,87065.99666666667,0.4560257144398243,2,0
1765944077129,2025-12-17,2025-12-17 05:01:17,87201.55,1740611693229.18,45280555930.26,646.2734307315023,-0.2989720000585283,-1.209336909458747,87122.36541666667,0.09088892726297272,2,0
1765947696280,2025-12-17,2025-12-17 06:01:36,86717.94,1732898347333.52,44954745367.49,592.3191959902092,-0.5545887659107018,-0.7195374616685624,87159.32416666667,-0.506410726433184,2,0
1765951268614,2025-12-17,2025-12-17 07:01:08,86611.41,1728972743943.52,44810890408.52,555.4387880251401,-0.12284655285861312,-0.3199994968140385,87183.26583333332,-0.6559238494535485,2,0
1765954826593,2025-12-17,2025-12-17 08:00:26,86752.67,1731590227912.44,45335404962.49,545.0592901369316,0.16309629412567528,1.1705068772082994,87193.14416666667,-0.5051706425733609,2,0
1765958434445,2025-12-17,2025-12-17 09:00:34,86962.89,1735525986409.91,44111443548.33,489.54566994237166,0.24232107207766695,-2.6997915099086223,87231.75125,-0.3082148944017695,2,0
1765962227437,2025-12-17,2025-12-17 10:03:47,86403.64,1723528219867.14,43727566340.38,476.42423300184015,-0.6430904032743157,-0.8702440388952959,87238.415,-0.9568892327995576,2,0
1765965721080,2025-12-17,2025-12-17 11:02:01,86414.28,1725108532232.37,43588524073.18,467.580377975832,0.012314296018089976,-0.3179739437536466,87242.95625,-0.9498488882304513,2,0
1765969296394,2025-12-17,2025-12-17 12:01:36,86599.01,1728099596390.41,42525465859.87,482.87346453298284,0.21377253852024047,-2.4388488390321483,87227.50749999999,-0.7205267214588216,2,0
1765972902972,2025-12-17,2025-12-17 13:01:42,86981.0,1735938127955.39,42763426347.43,485.3496010184617,0.4411020403120247,0.5595717360137309,87215.34,-0.26869126463302956,2,0
1765976502240,2025-12-17,2025-12-17 14:01:42,87000.27,1736254547754.72,42682933729.77,487.2559411466341,0.02215426357481398,-0.1882277088978923,87208.45,-0.23871539971183184,2,0
1765980109428,2025-12-17,2025-12-17 15:01:49,87511.5,1744715305478.19,39441778980.76,472.30769191025126,0.5876188660104198,-7.593561327180732,87246.96875,0.3031982128318928,2,0
1765983656204,2025-12-17,2025-12-17 16:00:56,89605.99,1785038210363.06,41650307727.27,674.5372602238953,2.393388297538035,5.599465347613575,87345.00041666666,2.588573556068029,2,-1
1765987298269,2025-12-17,2025-12-17 17:01:38,87208.74,1747689040297.51,44652970164.76,665.1390879390932,-2.675323379608885,7.209220294725571,87316.915,-0.12388779424924526,2,-1
1765990898005,2025-12-17,2025-12-17 18:01:38,86891.45,1732365606398.51,46682219022.89,667.6541910903658,-0.36382821263098997,4.544487971667954,87287.2025,-0.45339120588725745,2,0
1765994554204,2025-12-17,2025-12-17 19:02:34,86393.27,1725798241770.89,46770597283.22,692.1217675721454,-0.5733360416933952,0.18931889310289662,87253.23916666667,-0.9856014228010415,2,0
1765998169065,2025-12-17,2025-12-17 20:02:49,85809.17,1713021390808.76,47139992377.37,740.7962449308839,-0.6760943300328948,0.789801960221137,87169.72916666667,-1.5608160994343725,2,0
1766001701949,2025-12-17,2025-12-17 21:01:41,85988.59,1716503089170.65,47638045061.32,770.8121830984022,0.20909187211577418,1.056539593733774,87100.28291666666,-1.2763367459211135,2,0
1766005314513,2025-12-17,2025-12-17 22:01:54,85879.53,1713967330779.83,49055213700.52,801.7750560763562,-0.12683078068845832,2.974867330042219,87028.69625,-1.3204452088985474,2,0
1766008916088,2025-12-17,2025-12-17 23:01:56,85909.52,1714535077909.45,48969281776.55,817.2126615274153,0.03492101086255417,-0.17517388568440984,86951.58708333333,-1.198445155848189,2,0
1766012527670,2025-12-18,2025-12-18 00:02:07,86219.03,1722485856291.6,49530563126.52,811.7901574583277,0.3602743910104511,1.1461906926288234,86887.68375,-0.7695610253852552,2,0
1766016368005,2025-12-18,2025-12-18 01:06:08,86196.82,1718910200047.37,49522842150.1,803.4036470207269,-0.025759974335126667,-0.01558830736544392,86824.23125,-0.7226222921495664,2,0
1766019701737,2025-12-18,2025-12-18 02:01:41,86241.1,1721384705537.98,48811522583.13,797.1850532640731,0.05137080463060162,-1.4363464132653103,86770.48208333332,-0.61009466655366,2,0
1766023276642,2025-12-18,2025-12-18 03:01:16,86089.48,1718459294173.15,47429439199.76,791.7619938382754,-0.17580944584427716,-2.8314695183216054,86710.49541666666,-0.7161940589573612,2,0
1766026909362,2025-12-18,2025-12-18 04:01:49,86691.71,1730392489631.05,49717885833.5,775.3720627889576,0.6995395953141026,4.824949804069312,86678.35666666667,0.015405614327328105,2,0
1766030832552,2025-12-18,2025-12-18 05:07:12,86582.85,1728293691988.97,47180069592.14,767.4657027105062,-0.1255714070007352,-5.104433140739095,86652.5775,-0.08046788914039354,2,0
1766034073313,2025-12-18,2025-12-18 06:01:13,86731.73,1732384007678.64,49883436822.17,767.5219257481452,0.17195091175676858,5.729892417285387,86653.15208333333,0.09068096748643852,2,0
1766037727783,2025-12-18,2025-12-18 07:02:07,86384.93,1726097741705.28,49840313445.65,769.4473261570453,-0.3998536637053185,-0.08644828678049388,86643.71541666667,-0.29867765414051095,2,0
1766041265561,2025-12-18,2025-12-18 08:01:05,86587.31,1727467154304.81,49167456945.72,769.169582059124,0.23427697400462133,-1.3500246154425577,86636.82541666666,-0.05715285206784153,2,0
1766044896730,2025-12-18,2025-12-18 09:01:36,86789.31,1731110257417.04,49135053702.34,766.7826764133462,0.23329053645388953,-0.06590384248625902,86629.59291666666,0.18436781007037223,2,0
1766048494169,2025-12-18,2025-12-18 10:01:34,86935.86,1735604784332.92,49805281837.57,767.6594257097045,0.16885720142261196,1.3640529209355101,86651.76875,0.32785395393328043,2,0
1766052074369,2025-12-18,2025-12-18 11:01:14,87250.01,1742319101023.53,50317469393.93,775.3347856524538,0.36135836236046437,1.02837999798977,86686.59083333334,0.6499496187938786,2,0
1766055706777,2025-12-18,2025-12-18 12:01:46,87240.39,1741413292670.0,49827158915.19,783.1984438131204,-0.011025786701912565,-0.9744338986951262,86713.315,0.6078362936533992,2,0
1766059294707,2025-12-18,2025-12-18 13:01:34,87244.89,1741386897341.5,47790407636.49,788.9511638574246,0.005158161259943839,-4.087632775062944,86724.31041666666,0.6002694986356383,2,0
1766062950207,2025-12-18,2025-12-18 14:02:30,87336.95,1740414710188.96,49866705965.26,797.023296371715,0.1055190739537748,4.344592213071352,86738.33875000001,0.6901345571366354,2,0
1766066819025,2025-12-18,2025-12-18 15:06:59,88864.61,1773157581377.61,52854401087.88,895.8266630697456,1.7491565711877932,5.991362502871955,86794.71833333334,2.384812931493465,2,0
1766070118631,2025-12-18,2025-12-18 16:01:58,88384.71,1763179205929.85,53646218349.47,752.3962497922522,-0.5400350038108459,1.4981103660099526,86743.83166666667,1.8916369058249556,2,0
1766074033109,2025-12-18,2025-12-18 17:07:13,88388.27,1764729501513.53,50219755240.17,819.6067428866929,0.004027845992826684,-6.387147528235515,86792.97875,1.8380418243221193,2,0
1766077341750,2025-12-18,2025-12-18 18:02:21,87900.44,1757595429248.39,48490524615.49,850.1847505357266,-0.5519171265598977,-3.4433274642820533,86835.02,1.226947376761125,2,0
1766080905229,2025-12-18,2025-12-18 19:01:45,86272.07,1720993070562.13,51721872091.35,853.2771126152743,-1.8525163241503662,6.6638740279328035,86829.97,-0.642520088398043,2,-1
1766084968610,2025-12-18,2025-12-18 20:09:28,85627.02,1709023843629.92,52489667888.91,863.5003519773752,-0.7476927353197937,1.4844702376664687,86822.38041666667,-1.376788347578176,2,0
1766088176955,2025-12-18,2025-12-18 21:02:56,84581.28,1687099030379.94,56180652925.74,964.4633250414456,-1.2212733784265795,7.031831568532021,86763.74250000001,-2.5154084380350565,2,0
1766091710762,2025-12-18,2025-12-18 22:01:50,84882.81,1696203913623.5,57740466225.84,1023.8257359754365,0.356497324230598,2.7764243006605405,86722.21250000001,-2.1210281045355144,2,0
1766095318747,2025-12-18,2025-12-18 23:01:58,85579.63,1707602382886.94,59030883058.25,1037.3362911195777,0.8209200425857821,2.2348569673178664,86708.46708333334,-1.30187641565435,2,0
1766098925873,2025-12-19,2025-12-19 00:02:05,85515.31,1709477078841.87,59467186471.99,1061.438160638985,-0.07515807207860714,0.7391104302293172,86679.14541666667,-1.3426936907050844,2,0
1766102522106,2025-12-19,2025-12-19 01:02:02,85450.33,1704341132953.62,58649139178.51,1086.820315658257,-0.07598639354753356,-1.3756280429801593,86648.04166666667,-1.382272055581179,2,0
1766106102228,2025-12-19,2025-12-19 02:01:42,85541.01,1706759215789.03,58106652964.68,1107.417655002567,0.10612012850037544,-0.9249687573057774,86618.87125000001,-1.2443723110742062,2,0
1766109684228,2025-12-19,2025-12-19 03:01:24,85260.29,1703665175092.66,59271267712.68,1137.186432429359,-0.32817007888964467,2.0042709200750464,86584.32166666667,-1.529181774691207,1,0
1766113318221,2025-12-19,2025-12-19 04:01:58,85620.56,1709531437097.2,59054668740.81,1153.6885293039877,0.42255310180154826,-0.3654367119663715,86539.69041666666,-1.0620911771711765,1,0
1766116870413,2025-12-19,2025-12-19 05:01:10,86800.34,1731392952247.37,62138768437.67,1154.8958293706758,1.3779167059874364,5.222448559310466,86548.7525,0.2906887652713355,1,0
1766120494641,2025-12-19,2025-12-19 06:01:34,87033.93,1737585897221.02,61985212832.19,1158.6189662018792,0.2691118491010558,-0.24711723347723424,86561.34416666666,0.5459548230020621,1,0
1766124236751,2025-12-19,2025-12-19 07:03:56,86997.38,1737546513323.31,63654924398.53,1161.3060158192777,-0.04199511615755602,2.693725632370314,86586.86291666667,0.47411012422107424,1,0
1766127622255,2025-12-19,2025-12-19 08:00:22,87354.91,1743068332066.25,62653150690.54,1171.841248158341,0.4109663992180046,-1.5737568105777755,86618.84625,0.8497732097187812,1,0
1766131266433,2025-12-19,2025-12-19 09:01:06,87893.9,1754916233470.85,65489104392.21,1200.1764332467944,0.6170116825716887,4.526434298057103,86664.87083333333,1.4181399624194058,1,0
1766134852682,2025-12-19,2025-12-19 10:00:52,88073.99,1758504238998.66,64946548933.03,1233.3755208140349,0.2048947651657418,-0.8284667567457826,86712.29291666666,1.5703622145501128,1,0
1766138497101,2025-12-19,2025-12-19 11:01:37,88052.73,1757526891529.03,65189198066.16,1259.204936135011,-0.024138795119887924,0.3736135901234894,86745.73958333333,1.5066911907657339,1,0
1766142040565,2025-12-19,2025-12-19 12:00:40,88212.86,1760208913464.34,63694860985.44,1291.0577369028383,0.18185693958610027,-2.2923078133334496,86786.25916666667,1.6438095696619988,1,0
1766145652822,2025-12-19,2025-12-19 13:00:52,88155.57,1759951324881.89,65856844573.64,1318.220242942599,-0.0649451791949529,3.3942826073428467,86824.20416666668,1.5334040157484843,1,0
1766149617016,2025-12-19,2025-12-19 14:06:57,87890.46,1755206168858.11,66513622027.16,1332.3472856823273,-0.3007297213324156,0.9972804767249377,86847.26708333332,1.2011810523245336,1,0
1766152871570,2025-12-19,2025-12-19 15:01:11,87906.97,1755669131880.13,63453384281.07,1282.7199372121634,0.01878474637633243,-4.600918808541799,86807.36541666667,1.26671806943494,1,0
1766156496706,2025-12-19,2025-12-19 16:01:36,88146.41,1759398926884.6,61463790006.24,1270.8466606021366,0.27237885687563246,-3.135521134723074,86797.43625000001,1.5541631277156414,1,0
1766160391146,2025-12-19,2025-12-19 17:06:31,87941.94,1755688355408.47,62839800944.05,1249.6436844675845,-0.23196633873121542,2.2387342818760647,86778.83916666667,1.3403046693209262,1,0
1766163732669,2025-12-19,2025-12-19 18:02:12,88056.98,1758674752761.56,63291956023.49,1256.1440187669837,0.13081357995967657,0.7195361421379554,86785.36166666666,1.4652451852623287,1,0
1766167361405,2025-12-19,2025-12-19 19:02:41,87289.5,1741528915623.04,59510213829.34,1255.2360700230045,-0.8715720207529198,-5.975075557384346,86827.75458333334,0.5317947226465418,1,0
1766170948263,2025-12-19,2025-12-19 20:02:28,87199.02,1739605543007.65,60185913712.5,1230.6292677042475,-0.10365507878954405,1.1354351458015888,86893.25458333334,0.3518862518533277,1,0
1766174798633,2025-12-19,2025-12-19 21:06:38,87835.8,1753410508659.16,54909322782.31,1140.8263457781961,0.7302605006340723,-8.76715265202347,87028.85958333334,0.9272101467605576,2,0
1766178138251,2025-12-19,2025-12-19 22:02:18,87947.57,1755690642641.81,53905781153.79,1058.7376517343312,0.12724879832597402,-1.8276343208576296,87156.55791666666,0.9075760932294538,2,0
1766181703323,2025-12-19,2025-12-19 23:01:43,87799.01,1752503486491.33,50066645905.46,1010.8561214138989,-0.16891882288505577,-7.121936026448028,87249.03208333334,0.6303541753235274,2,0
1766185403877,2025-12-20,2025-12-20 00:03:23,88241.7,1761691489837.73,52525968050.62,959.4376256123903,0.5042084187509621,4.912096867451243,87362.63166666667,1.0062292270308735,2,0
1766188903158,2025-12-20,2025-12-20 01:01:43,88103.86,1759398134896.64,51932451056.5,879.0090856581492,-0.15620732601479004,-1.1299496537560683,87473.19541666667,0.7209803875681532,2,0
1766192510844,2025-12-20,2025-12-20 02:01:50,87944.88,1755975127813.72,51185168560.91,780.7321427084888,-0.18044612347291045,-1.4389509456755434,87573.35666666667,0.4242424265492897,2,0
1766196071540,2025-12-20,2025-12-20 03:01:11,88034.47,1757456930891.59,50612543452.13,610.1019135413098,0.10187062623769894,-1.1187324861470116,87688.9475,0.3940319844755879,2,0
1766199694263,2025-12-20,2025-12-20 04:01:34,88170.42,1760112039622.38,49659943402.89,429.5518949333735,0.15442814615682643,-1.8821422206156901,87795.19166666667,0.4273905281259225,2,0
1766203365520,2025-12-20,2025-12-20 05:02:45,88181.97,1760582875738.67,45863993599.49,380.1699379683869,0.013099631372970322,-7.643886688721224,87852.75958333333,0.3747297389723926,2,0
1766206974544,2025-12-20,2025-12-20 06:02:54,88224.18,1762455533491.72,44774974241.68,344.68722169149055,0.04786692789919833,-2.3744538413290495,87902.35333333333,0.36611837392596974,2,0
1766210412063,2025-12-20,2025-12-20 07:00:12,88275.06,1762760468357.32,44140229542.59,293.7410542139884,0.05767126427245195,-1.4176327509734965,87955.59000000001,0.36321739186785806,2,0
1766214102620,2025-12-20,2025-12-20 08:01:42,88263.9,1762172455047.65,43008818512.3,270.61432010079784,-0.012642302367171787,-2.563219634366243,87993.46458333333,0.3073357981154915,2,0
1766217670218,2025-12-20,2025-12-20 09:01:10,88189.68,1760368602768.08,40644047448.45,272.6106219077921,-0.08408873843099851,-5.498339981540557,88005.78875,0.20895358431747027,2,0
1766221269506,2025-12-20,2025-12-20 10:01:09,88211.49,1761611471446.66,40048947487.14,275.535408472091,0.02473078482654323,-1.4641749497630085,88011.51791666665,0.22721126514679432,2,0
1766224916460,2025-12-20,2025-12-20 11:01:56,88183.64,1760650414933.88,39313410479.41,277.6741934007551,-0.03157185078724867,-1.836595101447247,88016.97249999999,0.18935836494490935,2,0
1766228611368,2025-12-20,2025-12-20 12:03:31,88120.59,1759263888717.68,37825833154.01,275.474133608039,-0.07149852285526226,-3.7838928428229446,88013.12791666666,0.12209778913332126,2,0
1766232123947,2025-12-20,2025-12-20 13:02:03,88236.72,1761832973688.04,36127423866.0,277.78684702881276,0.13178531827806594,-4.490077670185966,88016.50916666666,0.2501926461504599,2,0
1766235689649,2025-12-20,2025-12-20 14:01:29,88208.26,1760264528194.54,36629830233.26,279.08850339997497,-0.03225414543968075,1.3906509612295448,88029.75083333334,0.20278276943510504,2,0
1766239390904,2025-12-20,2025-12-20 15:03:10,88132.97,1760801075969.85,36011275178.98,278.5779049150368,-0.08535481824490931,-1.688664813189189,88039.1675,0.10654632780348049,2,0
1766242893329,2025-12-20,2025-12-20 16:01:33,88207.48,1760873623312.36,33181719209.75,279.8759566543585,0.08454270859135082,-7.857416753966085,88041.71208333333,0.18828338607245748,2,0
1766246585155,2025-12-20,2025-12-20 17:03:05,88148.41,1759770967540.35,27595830136.68,279.8490593320401,-0.06696710981879406,-16.83423645941968,88050.315,0.11140789218073911,2,0
1766250058016,2025-12-20,2025-12-20 18:00:58,88102.96,1759074404016.51,26818513020.23,280.05398485718877,-0.05156077120392899,-2.8167919305199685,88052.23083333333,0.05761258537866291,2,0
1766253645640,2025-12-20,2025-12-20 19:00:45,88146.15,1759776803662.18,23570071055.15,228.45233798452333,0.0490221894928311,-12.112684855530965,88087.92458333333,0.06609920365598507,2,0
1766257266033,2025-12-20,2025-12-20 20:01:06,88208.8,1759955473031.36,22797072958.68,128.93454403901225,0.07107514054784936,-3.27957473976771,88129.99874999998,0.08941478624498295,2,0
1766260899932,2025-12-20,2025-12-20 21:01:39,88197.2,1760436759200.02,20184557435.01,113.22845407943365,-0.013150615358115125,-11.459872626653523,88145.05708333333,0.05915580339050373,2,0
1766264478933,2025-12-20,2025-12-20 22:01:18,88224.92,1760806448195.63,18572131309.93,106.1269781178042,0.03142956919266471,-7.9884145603472785,88156.61333333334,0.07748331529975937,2,0
1766268144862,2025-12-20,2025-12-20 23:02:24,88183.68,1760725764684.69,17939038219.6,73.93725832283187,-0.04674416253367397,-3.408833804612965,88172.64125,0.012519472983341568,2,0
1766271658429,2025-12-21,2025-12-21 00:00:58,88288.46,1761440568824.24,16871857228.54,76.41087041496827,0.1188201717143178,-5.94893091812474,88174.58958333333,0.12914198660267512,2,0
1766275323645,2025-12-21,2025-12-21 01:02:03,88347.94,1762805314679.98,17103607834.78,82.58162894563642,0.06737007305370746,1.3735927414557425,88184.75958333333,0.1850437847057536,2,0
1766278917903,2025-12-21,2025-12-21 02:01:57,88310.83,1763171833585.78,16274260213.74,69.03850389409129,-0.042004374974680125,-4.848963031960607,88200.00749999999,0.12564908228608632,2,0
1766282497484,2025-12-21,2025-12-21 03:01:37,88094.5,1758526800947.85,16914278515.69,63.65814407784023,-0.24496429260149055,3.932702891217432,88202.50875,-0.12245541711986009,2,0
1766286113356,2025-12-21,2025-12-21 04:01:53,87902.53,1754586683176.07,16970126724.24,88.26137471756311,-0.2179137176554713,0.33018380593765606,88191.34666666666,-0.32748866820040134,2,0
1766290040674,2025-12-21,2025-12-21 05:07:20,88026.57,1757683488239.91,16531613853.89,94.46159310206637,0.1411108417471052,-2.5840282602229037,88184.87166666666,-0.17951113799317212,2,0
1766293275909,2025-12-21,2025-12-21 06:01:15,88039.56,1757699860290.6,16963134425.92,98.5501362564315,0.014756908056279272,2.6102749304688144,88177.17916666668,-0.15607118300594172,2,0
1766296928076,2025-12-21,2025-12-21 07:02:08,88096.92,1758845209300.59,16491713853.21,97.56104161468399,0.06515252915848535,-2.7790888221086107,88169.75666666667,-0.08260958113112986,2,0
1766300488981,2025-12-21,2025-12-21 08:01:28,88067.81,1758212657026.48,16546776785.64,97.54500097965698,-0.033043152927481056,0.33388241464837876,88161.58625000001,-0.10636860563521212,2,0
1766304136261,2025-12-21,2025-12-21 09:02:16,88096.04,1758775454831.69,16283980210.35,98.24267336419288,0.03205484501089817,-1.5882040272523934,88157.68458333332,-0.06992536569521196,2,0
1766307672234,2025-12-21,2025-12-21 10:01:12,88507.34,1766721396648.21,16602827968.25,121.17257652543387,0.4668768312400928,1.958045599302194,88170.01166666666,0.38258850935466976,2,0
1766311212262,2025-12-21,2025-12-21 11:00:12,88948.66,1774684592265.78,17721322469.59,199.9376089051799,0.49862531175381974,6.736771009607079,88201.8875,0.846662720228075,2,0
1766314967550,2025-12-21,2025-12-21 12:02:47,88630.32,1769831202662.21,17781464100.81,217.25012502835634,-0.3578918445764079,0.33937439670885805,88223.12624999999,0.4615498988849541,2,0
1766318509426,2025-12-21,2025-12-21 13:01:49,88565.64,1768487359946.12,17493427052.53,228.24169276480865,-0.07297728362033462,-1.6198725068251374,88236.83125,0.3726434249076646,2,0
1766322025831,2025-12-21,2025-12-21 14:00:25,88561.98,1768250409659.54,18330344527.37,237.5472829184692,-0.004132528145228687,4.784182495098688,88251.56958333333,0.3517335931046012,2,0
1766325813223,2025-12-21,2025-12-21 15:03:33,87655.16,1750394809320.58,19384252349.52,266.2122639020063,-1.0239382633495664,5.749525441686898,88231.66083333333,-0.6533945160822886,2,0
1766329298612,2025-12-21,2025-12-21 16:01:38,88027.29,1757350394308.38,20154614437.14,269.44517637937355,0.42453861244449165,3.974164562705318,88224.15291666666,-0.2231394806959662,2,0
1766333370446,2025-12-21,2025-12-21 17:09:30,88082.42,1758332591838.35,20278043293.89,270.58599500552987,0.06262830538121822,0.6124099130497385,88221.40333333332,-0.15753924567283503,2,0
1766336595514,2025-12-21,2025-12-21 18:03:15,88341.39,1762148900215.49,19907507639.74,270.4252070676705,0.29400872501006425,-1.827275190114841,88231.33791666666,0.1247312870142418,2,0
1766340107561,2025-12-21,2025-12-21 19:01:47,88284.58,1762748924848.97,20787753693.5,270.00519445825876,-0.06430734223221712,4.4216788444316535,88237.10583333333,0.05380295083152256,2,0
1766343963104,2025-12-21,2025-12-21 20:06:03,88427.25,1764086611454.29,21294337940.44,272.6783221565643,0.1616023998754823,2.4369359691730486,88246.20791666665,0.20515565213217019,2,0
1766347366484,2025-12-21,2025-12-21 21:02:46,88459.81,1766560219308.32,21168432996.86,275.8764943584739,0.03682122875019456,-0.5912601928839134,88257.15000000001,0.22962445535572917,2,0
1766350923466,2025-12-21,2025-12-21 22:02:03,88197.18,1761129686375.23,21728347190.48,276.07543773650855,-0.2968918879658555,2.6450431815290942,88255.99416666666,-0.06664042167560427,2,0
1766354536004,2025-12-21,2025-12-21 23:02:16,88106.67,1759337563084.8,20860674753.72,277.3968394701607,-0.10262232874111987,-3.9932739897499347,88252.78541666667,-0.1655646515595114,2,0
1766358086297,2025-12-22,2025-12-22 00:01:26,88466.39,1765523624319.86,21761939349.28,280.74917353955897,0.4082778295899647,4.320400016779313,88260.19916666666,0.23361700435773958,2,0
1766361702740,2025-12-22,2025-12-22 01:01:42,88672.33,1769182018548.07,22542141406.09,292.7108008735611,0.23278897217349215,3.5851678671083853,88273.71541666666,0.45156656367279396,2,0
1766365275151,2025-12-22,2025-12-22 02:01:15,88634.6,1774858609754.67,24767316139.51,301.8150524808607,-0.04254991382316442,9.871177246802487,88287.20583333333,0.39348189059520455,2,0
1766368912902,2025-12-22,2025-12-22 03:01:52,88596.95,1769579686019.65,25003285689.96,305.273249392131,-0.04247776827560612,0.9527457441122156,88308.14125,0.32704657340978344,2,0
1766372506641,2025-12-22,2025-12-22 04:01:46,88434.57,1765501356223.93,25712169966.5,293.6338824266203,-0.18327944697869025,2.835164487300368,88330.30958333332,0.11803470083881437,2,0
1766376108274,2025-12-22,2025-12-22 05:01:48,88683.96,1770658387817.34,26203809505.23,294.72786694885536,0.2820051027556225,1.912088864419248,88357.70083333335,0.3692481397655076,2,0
1766379727977,2025-12-22,2025-12-22 06:02:07,88884.55,1775066844177.21,26777167243.83,305.3501179951893,0.22618520868937786,2.1880701677577274,88392.90875,0.5561998772893653,2,0
1766383299298,2025-12-22,2025-12-22 07:01:39,88802.67,1774394725667.33,27391527418.53,309.5600985276469,-0.09211949658293195,2.2943434199207857,88422.315,0.43015725159423374,2,0
1766386812772,2025-12-22,2025-12-22 08:00:12,88944.8,1774355612499.32,28062112906.37,317.55190778510223,0.16005149394719975,2.4481493039572477,88458.85625,0.5493443738709948,2,0
1766390529744,2025-12-22,2025-12-22 09:02:09,89102.18,1777344939716.43,28906969399.27,333.58082503236704,0.17694120398268343,3.01066600265949,88500.77875,0.6795434554297584,2,0
1766394196818,2025-12-22,2025-12-22 10:03:16,89286.25,1783893446963.94,29914781021.77,370.1347975455743,0.20658304880980527,3.486396683719639,88533.23333333334,0.8505468944430239,2,0
1766397699263,2025-12-22,2025-12-22 11:01:39,89759.27,1791471091453.34,29826039307.51,440.0692916918472,0.5297792213246666,-0.2966483832705369,88567.00875,1.346168586731242,2,0
1766401588594,2025-12-22,2025-12-22 12:06:28,89719.55,1791567848827.93,30087928852.6,499.09097119467094,-0.044251696788533135,0.8780567288532382,88612.39333333333,1.2494377197350763,2,0
1766404916201,2025-12-22,2025-12-22 13:01:56,89932.45,1795315580817.79,30889419550.62,566.8998329271257,0.2372949931202184,2.663828081841335,88669.34375,1.4245129112055677,2,0
1766408437043,2025-12-22,2025-12-22 14:00:37,90168.94,1798931735707.48,33171148860.07,643.4046642770037,0.2629640357846519,7.386766545453605,88736.30041666667,1.6144909992937404,2,0
1766412141367,2025-12-22,2025-12-22 15:02:21,89882.06,1794472878175.57,31552620489.89,641.2817282534195,-0.3181583370060692,-4.879325636286036,88829.08791666666,1.1853910785633275,2,0
1766415762845,2025-12-22,2025-12-22 16:02:42,90069.33,1800005736160.03,33919331401.78,665.2931821028881,0.20835080993917288,7.500837886502443,88914.17291666666,1.2991821724709636,2,0
1766419292252,2025-12-22,2025-12-22 17:01:32,89748.71,1790606359619.58,35971496873.37,661.6545865824114,-0.35597022871158845,6.050135385281541,88983.60166666667,0.8598307092574647,2,0
1766422960015,2025-12-22,2025-12-22 18:02:40,89525.98,1788600251152.38,37170819274.34,655.8222768240707,-0.2481706979409637,3.3340908919969436,89032.95958333334,0.5537504526120947,2,0
1766426487516,2025-12-22,2025-12-22 19:01:27,89223.13,1781690283893.07,37990587471.99,636.9682050490376,-0.3382816920853515,2.205407934648096,89072.06583333334,0.16959769064896976,2,0
1766430131574,2025-12-22,2025-12-22 20:02:11,89141.17,1783309361744.81,38933250864.4,622.0410497521315,-0.09185958842735653,2.481307753150741,89101.8125,0.04417137979095347,2,0
1766433706967,2025-12-22,2025-12-22 21:01:46,88035.96,1759721108344.86,39884305912.07,646.5929277982566,-1.2398423758629096,2.442783550190586,89084.15208333333,-1.1766313747396975,2,0
1766437325090,2025-12-22,2025-12-22 22:02:05,88366.44,1764265015206.03,41501478579.04,637.3550297300559,0.37539205570087386,4.054659169787889,89091.20458333334,-0.8135085688008779,2,0
1766440966912,2025-12-22,2025-12-22 23:02:46,88231.54,1761389907807.32,41028743355.85,629.4289386304281,-0.1526597654041617,-1.139080436109463,89096.40750000002,-0.9707097337230146,2,0
1766444517821,2025-12-23,2025-12-23 00:01:57,88604.75,1768990283622.25,42621045735.97,624.0180301068808,0.4229893301193721,3.8809435773103473,89102.1725,-0.5582607988598713,2,0
1766448189916,2025-12-23,2025-12-23 01:03:09,88491.12,1767081210842.81,41948947368.21,630.5076600441713,-0.12824368896702243,-1.5769166526873435,89094.62208333334,-0.677372067158962,2,0
1766451735166,2025-12-23,2025-12-23 02:02:15,88741.54,1771708654770.43,40617542835.31,627.4859447312326,0.2829888467904995,-3.1738687534004106,89099.07791666668,-0.40128127588602386,2,0
1766455292713,2025-12-23,2025-12-23 03:01:32,88470.12,1766200160111.76,39522184155.04,632.413369965239,-0.30585450737050657,-2.696762541031339,89093.79333333333,-0.7000188340841471,2,0
1766458885971,2025-12-23,2025-12-23 04:01:25,88176.44,1761914404519.96,39570490987.29,646.1578371255144,-0.3319538845431569,0.12222713213545511,89083.03791666667,-1.0176998201551555,2,0
1766462502845,2025-12-23,2025-12-23 05:01:42,88197.33,1759579450741.97,39909608993.26,666.5389893533426,0.023691135636694227,0.8569972156244443,89062.76166666666,-0.9717098936429678,2,0
1766466118068,2025-12-23,2025-12-23 06:01:58,87913.07,1756019400290.65,40237331908.25,706.1535366534436,-0.3223000061339687,0.821162931075925,89022.28333333333,-1.245995150652339,2,0
1766469683018,2025-12-23,2025-12-23 07:01:23,87728.16,1751642375675.47,40332071296.99,753.1797183884764,-0.21033277531998795,0.2354514681938369,88977.51208333333,-1.404121169586345,2,0
1766473324754,2025-12-23,2025-12-23 08:02:04,87408.0,1744668803336.91,40182519512.04,818.5704532924017,-0.3649455317425998,-0.3708011518891663,88913.47875000001,-1.6931951951098405,2,0
1766476892019,2025-12-23,2025-12-23 09:01:32,87541.13,1748883722181.99,47327176174.98,863.7008561496531,0.15230871316127548,17.780509409817434,88848.435,-1.471387762767001,2,-1
1766480531260,2025-12-23,2025-12-23 10:02:11,87411.24,1744864570442.58,48816680907.82,906.1356660425192,-0.14837596910161066,3.147250381753053,88770.30958333334,-1.5309956557687798,2,0
1766484146960,2025-12-23,2025-12-23 11:02:26,87464.02,1746447065812.69,48778344868.13,918.2621824378374,0.060381250740748627,-0.07853061489860869,88674.67416666668,-1.3652761377969251,2,0
1766487782898,2025-12-23,2025-12-23 12:03:02,87527.84,1747989481851.74,48403437151.8,918.8139430078288,0.07296714694795536,-0.7685945829927987,88583.35291666667,-1.1915477140040411,2,0
1766491498983,2025-12-23,2025-12-23 13:04:58,87792.52,1752710815553.69,39088747226.29,885.4276294585078,0.30239521505386335,-19.243860505810407,88494.18916666666,-0.7928985770412131,2,0
1766495164524,2025-12-23,2025-12-23 14:06:04,87706.22,1751358536939.98,35862354263.56,823.4335628752099,-0.09829994628244298,-8.25401986932961,88391.57583333335,-0.775363293245978,2,0
1766498542279,2025-12-23,2025-12-23 15:02:22,87594.36,1747415785420.21,46669375129.21,774.342068839358,-0.12753941510648126,30.1347222946573,88296.255,-0.7949317895759044,2,-1
1766502026292,2025-12-23,2025-12-23 16:00:26,87152.74,1739754082622.69,46090226549.43,710.1844195671644,-0.5041648800219511,-1.2409606474836132,88174.73041666666,-1.1590513652123147,2,0
1766505684595,2025-12-23,2025-12-23 17:01:24,87356.97,1743885545490.39,46131372503.28,644.4847437330263,0.234335719106471,0.08927262226812172,88075.07458333333,-0.8153323590477237,2,0
1766509327519,2025-12-23,2025-12-23 18:02:07,87964.31,1756739391516.7,37787240322.21,565.6400184711979,0.6952393151914427,-18.087760515854413,88010.005,-0.05192023338710977,2,-1
1766512933386,2025-12-23,2025-12-23 19:02:13,87391.65,1746462014066.67,47105592099.5,516.2467328265167,-0.6510140305767242,24.660048465653638,87933.69333333334,-0.6164227985723364,2,-1
1766516533274,2025-12-23,2025-12-23 20:02:13,87941.59,1756062861668.22,39251229266.84,447.78927011986156,0.6292820881628858,-16.673949912505982,87883.71083333333,0.06585881060078401,2,-1
1766520129460,2025-12-23,2025-12-23 21:02:09,87711.62,1750074467136.37,37928840247.45,447.8888915666738,-0.26150311814922,-3.3690384838651943,87870.19666666667,-0.18046695316755865,2,0
1766523635882,2025-12-23,2025-12-23 22:00:35,87708.0,1754742855237.91,47315984349.76,436.183476190768,-0.004127161258671297,24.749357061981648,87842.76166666667,-0.15341237469064015,2,-1
1766527203736,2025-12-23,2025-12-23 23:00:03,87677.4,1749770914081.29,38179820558.98,429.321498578529,-0.03488849363798563,-19.308831711595452,87819.6725,-0.1620052727935263,2,0
1766530887149,2025-12-24,2025-12-24 00:01:27,87350.52,1744100844170.94,47668506404.4,405.26436247408253,-0.37282127435347423,24.85262032796074,87767.41291666667,-0.4749973854903244,2,-1
1766534791633,2025-12-24,2025-12-24 01:06:31,87496.15,1745170281695.87,48245169577.69,377.9857803624269,0.1667190990963574,1.2097361901751924,87725.95583333333,-0.26195876824634423,2,0
1766538057708,2025-12-24,2025-12-24 02:00:57,87576.76,1748485667811.4,47938775351.6,310.70769608457846,0.09212976799550798,-0.6350775192045077,87677.42333333332,-0.11481100779002923,2,0
1766541652793,2025-12-24,2025-12-24 03:00:52,87568.34,1748078585279.54,48141440787.64,261.27203893661243,-0.009614422821757618,0.4227588930955761,87639.84916666667,-0.08159435159533394,2,0
1766545273772,2025-12-24,2025-12-24 04:01:13,87098.64,1739307213722.25,47751735157.02,257.6335651566107,-0.5363810710583228,-0.809501386423106,87594.94083333334,-0.5665861847862335,2,0
1766548910743,2025-12-24,2025-12-24 05:01:50,87287.04,1743329621709.43,47784963626.25,230.69180389168622,0.21630647734567354,0.06958588859806714,87557.01208333333,-0.3083386206422764,2,0
1766552484691,2025-12-24,2025-12-24 06:01:24,87102.95,1740339263402.66,47480965192.96,235.54560416046124,-0.21090187042658304,-0.6361801081773866,87523.25708333333,-0.48022331131158325,2,0
1766556088488,2025-12-24,2025-12-24 07:01:28,86901.83,1735279624939.09,45407193162.75,263.07672514022823,-0.23089918309310287,-4.367586087987696,87488.82666666666,-0.6709390090498323,2,0
1766559677657,2025-12-24,2025-12-24 08:01:17,86953.96,1736080617318.87,45936034169.39,284.5878084972841,0.05998722926778832,1.1646635033011332,87469.90833333333,-0.5898580931022879,2,0
1766563229475,2025-12-24,2025-12-24 09:00:29,86897.94,1736776838353.66,40368750113.18,306.9919345825314,-0.06442489795749351,-12.119644538055974,87443.10875,-0.6234553617697142,2,0
1766566832366,2025-12-24,2025-12-24 10:00:32,86744.95,1732737719542.83,37314599944.02,338.5085912557842,-0.1760571079130413,-7.56562975221483,87415.34666666666,-0.7669095785011671,2,0
1766570410304,2025-12-24,2025-12-24 11:00:10,86755.27,1732506825901.82,36647270186.29,364.031016667288,0.011896946162281985,-1.7883878126286668,87385.81541666666,-0.7215649515429248,2,0
1766574083760,2025-12-24,2025-12-24 12:01:23,87032.39,1737848627047.22,36901497068.78,369.63189457134735,0.31942728090177397,0.6937130138143344,87365.17166666668,-0.38090884538792286,2,0
1766577622377,2025-12-24,2025-12-24 13:00:22,87167.51,1740491692869.22,36879269189.45,360.1089772315733,0.1552525444837194,-0.0602357115446317,87339.12958333334,-0.19649793185722028,2,0
1766581300455,2025-12-24,2025-12-24 14:01:40,87377.76,1745327495280.97,35291944622.34,351.69444633277715,0.24120225528985184,-4.30411068873372,87325.44374999999,0.05990951520358406,2,0
1766584903056,2025-12-24,2025-12-24 15:01:43,87253.65,1741682275626.73,36576634207.77,347.21552078223357,-0.14203843174739328,3.640177947623724,87311.2475,-0.06596801861066467,2,0
1766588505526,2025-12-24,2025-12-24 16:01:45,87021.17,1738025571315.6,36358253087.54,350.84663203293314,-0.2664415757965388,-0.5970508904386995,87305.76541666666,-0.3259755129669067,2,0
1766592109714,2025-12-24,2025-12-24 17:01:49,86946.66,1735531163211.73,34754684114.03,358.1636309548211,-0.0856228432690509,-4.410467603185109,87288.66916666667,-0.391813931787237,2,0
1766595620332,2025-12-24,2025-12-24 18:00:20,87210.89,1743661477129.66,34851760370.67,328.1287271351686,0.30389896518163706,0.27931848357904965,87257.27666666666,-0.053160800380993786,2,0
1766599284539,2025-12-24,2025-12-24 19:01:24,87268.56,1742429015038.08,34023339265.67,326.8967686543741,0.06612706280144653,-2.3769849677296895,87252.14791666667,0.018809947634760835,2,0
1766602921332,2025-12-24,2025-12-24 20:02:01,87423.5,1745433626696.79,32998401563.87,294.93267746112133,0.17754389438762175,-3.0124547558274983,87230.56083333334,0.22118299461045735,2,0
1766606474832,2025-12-24,2025-12-24 21:01:14,87498.39,1747011305207.86,32051721220.74,282.77211737353747,0.08566346577292272,-2.868867273154585,87221.67625,0.31725341898596604,2,0
1766610100175,2025-12-24,2025-12-24 22:01:40,87501.92,1746995584179.62,29381822590.16,270.21230362546214,0.004034359946514243,-8.329969589440855,87213.08958333333,0.3311778289779339,2,0
1766613725917,2025-12-24,2025-12-24 23:02:05,87634.85,1749682562942.44,29945869455.61,267.1557188103582,0.1519166665143068,1.9197136723536623,87211.31666666667,0.4856403383429484,2,0
1766617299303,2025-12-25,2025-12-25 00:01:39,87941.71,1755879392438.76,29281594082.7,305.10826414237573,0.35015750012694635,-2.2182537524738866,87235.94958333332,0.8090247427094249,2,0
1766620919700,2025-12-25,2025-12-25 01:01:59,87589.02,1749380269942.66,28866214135.26,309.1143948648273,-0.4010497407885283,-1.4185701306658527,87239.81916666667,0.400276888087317,2,0
1766624505409,2025-12-25,2025-12-25 02:01:45,87504.67,1747114477952.94,27869627273.47,306.03279221872856,-0.09630202507118213,-3.452433551279832,87236.81541666666,0.3070430552215686,2,0
1766628108590,2025-12-25,2025-12-25 03:01:48,87624.63,1749721506316.2,27654735612.74,308.88644221171927,0.1370898261772835,-0.7710604042938218,87239.16083333333,0.44185336376985457,2,0
1766631772075,2025-12-25,2025-12-25 04:02:52,87826.55,1753770091969.64,25973863148.21,329.5353717046158,0.23043749228954802,-6.078063764802932,87269.49041666667,0.6383211139123928,2,0
1766635274462,2025-12-25,2025-12-25 05:01:14,87787.45,1752989932430.35,25640060562.62,346.10832011349225,-0.044519567260703496,-1.285148010849535,87290.34083333334,0.5694893179714013,2,0
1766638899056,2025-12-25,2025-12-25 06:01:39,87726.49,1751977475844.36,26164354172.33,354.72604096199177,-0.06944044963146379,2.044822040999228,87316.32166666667,0.46974989956536173,2,0
1766642427342,2025-12-25,2025-12-25 07:00:27,87695.31,1751180047576.77,25575377539.79,351.3760539056562,-0.03554228603014353,-2.251065050796741,87349.38333333333,0.39602645544339804,2,0
1766646112170,2025-12-25,2025-12-25 08:01:52,87745.16,1751875848642.65,24886221868.87,349.7759748634081,0.05684454505037184,-2.6946060516519044,87382.34999999999,0.4151982637226079,2,0
1766649745893,2025-12-25,2025-12-25 09:02:25,87792.01,1752753689604.07,24312287936.85,343.4958326374521,0.05339325838598086,-2.3062316772877844,87419.60291666667,0.42599951373414946,2,0
1766653323653,2025-12-25,2025-12-25 10:02:03,87507.37,1747565892749.25,24810639987.27,312.22081285274766,-0.3242208487993392,2.0497949502508606,87451.37041666667,0.06403511239047516,2,0
1766656908573,2025-12-25,2025-12-25 11:01:48,87461.72,1746240053893.67,24817684540.04,274.7994447490971,-0.05216703461662364,0.028393273102245153,87480.80583333333,-0.021817166807645505,2,0
1766660449419,2025-12-25,2025-12-25 12:00:49,87352.87,1743578715902.54,23918748268.55,259.41826582395674,-0.12445444704266562,-3.6221601174746487,87494.15916666666,-0.16148411278235042,2,0
1766664125367,2025-12-25,2025-12-25 13:02:05,87471.53,1746257949915.54,24486914447.62,250.02708292794594,0.13583984132405913,2.3754009728722547,87506.82666666666,-0.040335900650488254,2,0
1766667649483,2025-12-25,2025-12-25 14:00:49,87514.03,1747187682770.51,23969660722.22,248.51134384081345,0.048587237470298916,-2.112367920043401,87512.50458333334,0.001743084229984314,2,0
1766671250802,2025-12-25,2025-12-25 15:00:50,87582.17,1748946725752.15,23975719145.66,242.6109883263706,0.07786180113062979,0.025275382535472346,87526.19291666667,0.06395466484715832,2,0
1766674953996,2025-12-25,2025-12-25 16:02:33,87688.24,1750420339184.54,22249703670.77,219.33221637886317,0.12110912529343931,-7.199014404547843,87553.9875,0.15333681975364324,2,0
1766678576578,2025-12-25,2025-12-25 17:02:56,88309.94,1762563984835.46,22855957717.53,231.4069376277399,0.708989027491036,2.724773577800277,87610.79083333333,0.7980171848884441,2,0
1766682097257,2025-12-25,2025-12-25 18:01:37,88032.85,1758375614108.23,22307075498.56,230.47148570133606,-0.3137698881915174,-2.401484224609929,87645.03916666667,0.44247893208863964,2,0
1766685725435,2025-12-25,2025-12-25 19:02:05,88117.05,1759178944836.66,21516314693.94,235.23843520105254,0.09564611392223199,-3.5448878301911346,87680.39291666668,0.49800995274773996,2,0
1766689400859,2025-12-25,2025-12-25 20:03:20,88180.4,1760756590857.22,21108536672.67,249.5993460053054,0.07189301049002061,-1.8952038351848888,87711.93041666667,0.5341001858104216,2,0
1766692867925,2025-12-25,2025-12-25 21:01:07,88087.48,1758841159314.12,20742549500.94,256.555332754679,-0.10537489056524629,-1.7338348811448245,87736.47583333333,0.40006640719584297,2,0
1766696472608,2025-12-25,2025-12-25 22:01:12,87827.39,1753267120460.03,21131945308.78,252.18263381097998,-0.2952632996198745,1.8772803594965692,87750.03708333334,0.08815143473181243,2,0
1766700124550,2025-12-25,2025-12-25 23:02:04,87829.2,1754647208724.78,21264423714.16,251.44233770722974,0.002060860512864693,0.6269106011975056,87758.13500000001,0.08097824777154593,2,0
1766703714838,2025-12-26,2025-12-26 00:01:54,87535.28,1747385186588.09,21732937969.99,252.22631134553131,-0.3346495243039871,2.2032774653470533,87741.20041666667,-0.23469067631716592,2,0
1766707272572,2025-12-26,2025-12-26 01:01:12,87192.23,1741524937162.25,22750463865.46,274.6433356870818,-0.3918991291282814,4.6819527892411505,87724.6675,-0.606941599408171,2,0
1766710890958,2025-12-26,2025-12-26 02:01:30,87065.34,1737954586896.27,23959270387.53,303.1098133482555,-0.1455290224828487,5.313326924754369,87706.36208333333,-0.730872958479647,2,0
1766714477600,2025-12-26,2025-12-26 03:01:17,87370.47,1744539307752.11,23856408386.26,310.44075676537227,0.35046092968797904,-0.4293202572793531,87695.77208333333,-0.37094386149449554,2,0
1766718116467,2025-12-26,2025-12-26 04:01:56,89180.44,1780095513381.4,29247521540.2,433.7575892528334,2.0716038267849513,22.59817599804752,87752.18416666666,1.6276014630253244,2,-1
1766721699516,2025-12-26,2025-12-26 05:01:39,88731.57,1771473488186.48,31833553977.78,477.682935031113,-0.5033278597862845,8.841885744149502,87791.5225,1.0707725224835924,2,0
1766725229850,2025-12-26,2025-12-26 06:00:29,88961.51,1776514379652.93,32828780291.7,533.6197600694763,0.2591411377032893,3.1263437146058948,87842.98166666667,1.2733269205020203,2,0
1766728899748,2025-12-26,2025-12-26 07:01:39,88923.63,1774119697237.98,33091563214.61,576.05780180019,-0.042580212498632974,0.8004650814774195,87894.16166666667,1.1712590618220295,2,0
1766732429181,2025-12-26,2025-12-26 08:00:29,89107.92,1779327599269.88,34020441112.11,625.7519860255077,0.20724525078428258,2.8069931041815988,87950.94333333334,1.3154795421371692,2,0
1766736116501,2025-12-26,2025-12-26 09:01:56,88520.98,1768066322857.02,36509070656.75,635.3208038910068,-0.6586844356820332,7.315100754981518,87981.31708333333,0.6133835393206436,2,0
1766739619744,2025-12-26,2025-12-26 10:00:19,88662.46,1769925084312.02,37286226082.03,641.5770259762422,0.1598265179622027,2.1286639492597237,88029.44583333332,0.7190936631194739,2,0
1766743288240,2025-12-26,2025-12-26 11:01:28,88758.12,1772641819414.59,37507418950.58,646.2571522994551,0.10789233684693755,0.5932294356188805,88083.46250000001,0.7659298134425477,2,0
1766746891840,2025-12-26,2025-12-26 12:01:31,88688.99,1770997778579.79,37544104647.77,638.0822212111364,-0.07788583174135333,0.09780917540163081,88139.13416666667,0.6238498239540057,2,0
1766750513406,2025-12-26,2025-12-26 13:01:53,88518.4,1767247366484.92,37486224792.17,626.1305739419146,-0.1923463104044898,-0.15416496449446315,88182.75374999999,0.3806257297788291,2,0
1766754095533,2025-12-26,2025-12-26 14:01:35,88624.77,1769746088091.85,37845492424.06,615.5128415996749,0.12016710649991325,0.9583990756120153,88229.03458333334,0.4485319583689722,2,0
1766757677797,2025-12-26,2025-12-26 15:01:17,88950.88,1776600906291.4,38033299537.79,616.3800138322322,0.36796710445623493,0.4962469813462045,88286.06416666666,0.7530246586576792,2,0
1766761300414,2025-12-26,2025-12-26 16:01:40,87522.07,1748323185946.8,40834034786.69,624.2700859997259,-1.6062910226408045,7.36390290334179,88279.14041666668,-0.8575869827157242,2,-1
1766764868712,2025-12-26,2025-12-26 17:01:08,87068.9,1736439425913.67,45812210815.24,671.2402958477386,-0.5177779730301313,12.191242071852892,88227.43041666667,-1.3131181665331857,2,-1
1766768524300,2025-12-26,2025-12-26 18:02:04,87176.53,1740059694383.04,46623629702.74,703.9928961259827,0.12361474648239223,1.771184741056131,88191.75041666668,-1.1511512265832284,2,0
1766772077656,2025-12-26,2025-12-26 19:01:17,87246.35,1742078892656.42,46601771915.97,729.9657965325798,0.08009036377107925,-0.046881349455962784,88155.47125,-1.0312703648555408,2,0
1766775717811,2025-12-26,2025-12-26 20:01:57,87232.24,1741586102979.71,47788456514.1,753.8258169181871,-0.0161725963321091,2.5464366468076927,88115.96458333333,-1.0029108658256474,2,0
1766779308003,2025-12-26,2025-12-26 21:01:48,87455.09,1745933351218.0,47912581062.25,765.8217513747187,0.25546747395228664,0.2597375123705392,88089.61499999999,-0.720317599299298,2,0
1766782872312,2025-12-26,2025-12-26 22:01:12,87541.23,1748493369881.86,48669058149.84,772.2823356987169,0.098496268198911,1.5788694134577064,88077.69166666667,-0.6090777999688378,2,0
1766786518301,2025-12-26,2025-12-26 23:01:58,87447.21,1745901186167.47,48559833374.66,781.5074428420959,-0.1074008213044153,-0.2244234413653845,88061.77541666666,-0.6978798846137467,2,0
1766790081191,2025-12-27,2025-12-27 00:01:21,87457.38,1744796346570.12,48380879228.7,783.9471715648626,0.011629873611740393,-0.36852298190419575,88058.52958333334,-0.6826704763045582,2,0
1766793763038,2025-12-27,2025-12-27 01:02:43,87305.96,1743187621561.16,47130449135.79,778.8098481753254,-0.17313576052701007,-2.5845542967483537,88063.26833333333,-0.8599593765550337,2,0
1766797316965,2025-12-27,2025-12-27 02:01:56,87331.83,1743816339745.05,46503732850.17,765.7537341050651,0.02963142493364046,-1.3297481715362824,88074.37208333334,-0.8430852991273814,2,0
1766800844656,2025-12-27,2025-12-27 03:00:44,87410.6,1744984700632.19,45297362742.95,764.1921026637006,0.09019620910268866,-2.5941360688329973,88076.04416666667,-0.7555336674833457,2,0
1766804448114,2025-12-27,2025-12-27 04:00:48,87385.78,1744746745604.9,40579923915.85,738.8102768682768,-0.02839472558249234,-10.414378545325388,88001.26666666666,-0.6994065994504594,2,0
1766808099492,2025-12-27,2025-12-27 05:01:39,87449.49,1746085737360.27,38154939388.91,730.0077485396448,0.07290659876242334,-5.975823246905665,87947.84666666666,-0.5666502200508596,2,0
1766811724345,2025-12-27,2025-12-27 06:02:04,87413.43,1745488358749.38,36982826967.22,704.4946291442842,-0.04123523190359135,-3.0719808246653546,87883.34333333334,-0.5347012477108515,2,0
1766815256744,2025-12-27,2025-12-27 07:00:56,87449.56,1746150155564.21,36380113019.09,673.4281719411341,0.041332321589493404,-1.6297130250865433,87821.92375,-0.42399862596952514,2,0
1766818844157,2025-12-27,2025-12-27 08:00:44,87412.25,1745217341918.97,35756498231.85,619.4271111555022,-0.042664594310137804,-1.7141639634620232,87751.27083333333,-0.38634293283026455,2,0
1766822616713,2025-12-27,2025-12-27 09:03:36,87500.56,1747148541526.21,32647007339.86,598.9805387033218,0.101027029964329,-8.69629590634865,87708.75333333334,-0.23736893459437713,2,0
1766826104176,2025-12-27,2025-12-27 10:01:44,87526.81,1747899543449.98,31077268923.93,564.2115007460643,0.02999980800122426,-4.808215342952571,87661.43458333334,-0.1535733289937892,2,0
1766829700135,2025-12-27,2025-12-27 11:01:40,87561.28,1748311344167.93,31410404463.26,513.696062463076,0.039382219002392915,1.071958865321898,87611.56625000002,-0.05739681659899465,2,0
1766833402763,2025-12-27,2025-12-27 12:03:22,87450.21,1746275804624.19,31396498146.67,460.17846565950407,-0.12684830555239612,-0.04427296250281154,87559.95041666667,-0.12533174829868202,2,0
1766836899187,2025-12-27,2025-12-27 13:01:39,87441.65,1745706982891.43,31388795867.08,412.71310756528374,-0.009788427037527025,-0.02453228877314917,87515.08583333333,-0.08391219940432933,2,0
1766840512314,2025-12-27,2025-12-27 14:01:52,87429.38,1745795244840.55,30488149350.39,338.4135086473331,-0.014032214625403494,-2.869324839678178,87465.27791666666,-0.04104247710829447,2,0
1766844104079,2025-12-27,2025-12-27 15:01:44,87414.05,1745703787853.56,29959473476.03,120.0082689075805,-0.017534151563236566,-1.7340372755463407,87401.24333333333,0.014652728243039412,2,0
1766847632439,2025-12-27,2025-12-27 16:00:32,87492.23,1746933023399.14,27136398188.06,118.85102750724278,0.08943642354974912,-9.422980314486118,87400.0,0.10552631578946903,2,0
1766851343079,2025-12-27,2025-12-27 17:02:23,87522.28,1747704713878.04,20875087629.58,98.16766876612881,0.03434590705939655,-23.073476867077268,87418.89083333332,0.11826867817825495,2,0
1766855036597,2025-12-27,2025-12-27 18:03:56,87457.99,1746348663052.86,18490448583.2,83.70176003096152,-0.07345558182441092,-11.423372628151117,87430.61833333333,0.031306728910823325,2,0
1766858470296,2025-12-27,2025-12-27 19:01:10,87521.45,1747553379949.14,17878447024.33,75.83732182956275,0.07256055164313047,-3.309825373441988,87442.08083333333,0.09076770121464796,2,0
1766862139888,2025-12-27,2025-12-27 20:02:19,87426.16,1745529063590.87,16842957442.65,61.4793389799461,-0.10887616692821789,-5.791831808830206,87450.16083333333,-0.027445156309164873,2,0
1766865696944,2025-12-27,2025-12-27 21:01:36,87521.26,1747570752735.1,16114607545.37,63.17046241681727,0.1087775100724997,-4.324358710517551,87452.91791666666,0.07814728766221314,2,0
1766869274260,2025-12-27,2025-12-27 22:01:14,87501.81,1747143613438.13,15624423510.12,61.257948128476315,-0.022223171832758126,-3.041861453156136,87451.27541666666,0.057785987788704446,2,0
1766872855482,2025-12-27,2025-12-27 23:00:55,87610.05,1749349031805.81,15195714449.18,69.28087260500682,0.12370029831383356,-2.743839224930922,87458.06041666667,0.17378567808298226,2,0
1766876499096,2025-12-28,2025-12-28 00:01:39,87534.31,1747895309237.23,15569154406.0,71.00619917592556,-0.08645126900396205,2.457534708676712,87461.26583333332,0.08351601817182389,2,0
1766880111833,2025-12-28,2025-12-28 01:01:51,87807.0,1753375412209.34,15670944599.66,93.46364428252754,0.31152356144694693,0.6537939762532696,87482.1425,0.371341499780939,2,0
1766883693754,2025-12-28,2025-12-28 02:01:33,87802.11,1753507573332.66,15872919220.23,108.64494050908634,-0.0055690320817203265,1.2888477735693238,87501.7375,0.3432760406614756,2,0
1766887306487,2025-12-28,2025-12-28 03:01:46,87723.84,1751938117953.43,15688323113.91,115.79982800025897,-0.08914364358669769,-1.1629625512409314,87514.78916666667,0.23887486369326966,2,0
1766890900357,2025-12-28,2025-12-28 04:01:40,87754.76,1752197101591.18,15731864806.91,122.2418628113344,0.035246975052616314,0.277542046296797,87530.16333333333,0.2565934508900127,2,0
1766894606141,2025-12-28,2025-12-28 05:03:26,87667.95,1750897825784.04,15993268296.06,124.09307975528,-0.0989234088270563,1.661617947766647,87539.26583333332,0.1470016517064194,2,0
1766898077180,2025-12-28,2025-12-28 06:01:17,87662.65,1750676026665.53,15804191635.43,123.53140417637874,-0.006045538877097467,-1.1822265288738976,87549.65000000001,0.12906961935311614,2,0
1766901723847,2025-12-28,2025-12-28 07:02:03,87591.9,1749162773786.56,15770176594.28,121.9235397238875,-0.08070711985093126,-0.21522797201309896,87555.58083333333,0.04148126975001568,2,0
1766905277379,2025-12-28,2025-12-28 08:01:17,87670.63,1750844634677.92,15962720566.81,120.11117066799953,0.08988274029906318,1.2209373267249024,87566.34666666666,0.11909065217749573,2,0
1766908888244,2025-12-28,2025-12-28 09:01:28,87671.89,1750536007928.2,15573867822.26,121.11840667296687,0.0014371973829696572,-2.4360054598619563,87573.48541666666,0.1123680105515232,2,0
1766912490107,2025-12-28,2025-12-28 10:01:30,87751.09,1752188515563.45,15695631515.47,125.91772173940284,0.09033682289727452,0.7818461964596901,87582.83041666668,0.19211480438898768,2,0
1766916118914,2025-12-28,2025-12-28 11:01:58,87724.12,1751650608607.89,15308962066.72,129.0542062392457,-0.030734660959763627,-2.4635482068299686,87589.61541666667,0.15356224901032525,2,0
1766919718131,2025-12-28,2025-12-28 12:01:58,87814.34,1753253854894.78,15255585824.52,133.2874280348161,0.10284514680796164,-0.3486600983618193,87604.78749999999,0.23920210981620754,2,0
1766923301942,2025-12-28,2025-12-28 13:01:41,87815.49,1753267664533.78,15127055173.39,135.22379250909404,0.001309581100317203,-0.8425153423044285,87620.36416666665,0.22269461578839805,2,0
1766926927088,2025-12-28,2025-12-28 14:02:07,87772.48,1752531925028.18,15707410217.3,132.25884992319746,-0.04897769174893041,3.8365368358733942,87634.65999999999,0.1572665427126744,2,0
1766930557252,2025-12-28,2025-12-28 15:02:37,87828.31,1754146954553.96,15586210213.38,129.2127257483819,0.06360763647101919,-0.7716103561522303,87651.92083333334,0.2012382215810849,2,0
1766934106352,2025-12-28,2025-12-28 16:01:46,87838.5,1754665881322.56,15761392452.95,129.93661061082915,0.011602181574477122,1.1239566076147067,87666.34875,0.19637095927300766,2,0
1766937664613,2025-12-28,2025-12-28 17:01:04,87785.47,1753486919059.25,15976786721.12,128.34547196653835,-0.060372160271404685,1.3665941560238482,87677.315,0.12335573916696563,2,0
1766941388584,2025-12-28,2025-12-28 18:03:08,87751.98,1752307958215.8,15768134176.35,120.27848765063722,-0.038149821377053694,-1.3059731497459315,87689.56458333333,0.0711777016606755,2,0
1766944953145,2025-12-28,2025-12-28 19:02:33,87703.37,1751230367905.85,15620448933.54,114.83223271270958,-0.05539476146293465,-0.9366056957550883,87697.14458333334,0.007098767806217263,2,0
1766948497176,2025-12-28,2025-12-28 20:01:37,87544.32,1748085384137.4,16471196864.7,104.80398395287739,-0.18134992988295684,5.446373115008796,87702.06791666667,-0.17986795569809122,2,0
1766952127911,2025-12-28,2025-12-28 21:02:07,87478.52,1747013218857.67,16732766977.88,108.31419307717726,-0.07516192940901778,1.5880455763392476,87700.28708333334,-0.2528692786633812,2,0
1766955679785,2025-12-28,2025-12-28 22:01:19,87464.64,1746534148828.85,17175124682.66,111.49459139593672,-0.015866752203863577,2.643661418131127,87698.73833333334,-0.2669346649475848,2,0
1766959309676,2025-12-28,2025-12-28 23:01:49,87508.68,1747435252963.16,17424123293.41,116.7945796101328,0.050351776443591234,1.449763045978858,87694.51458333334,-0.21191129709344755,2,0
1766962880140,2025-12-29,2025-12-29 00:01:20,87873.96,1754346595126.81,16974595855.22,117.11584601926698,0.4174214489351291,-2.5799142408503117,87708.66666666667,0.18845724101761308,2,0
1766966494354,2025-12-29,2025-12-29 01:01:34,87867.04,1753776420254.88,17379845114.74,119.91541586769337,-0.007874915390193582,2.3873867924542047,87711.16833333333,0.17771017035628972,2,0
1766970090817,2025-12-29,2025-12-29 02:01:30,88225.13,1761950826960.52,18307191206.88,158.68527618509927,0.40753620470201923,5.335755790789576,87728.79416666667,0.5657616043261632,2,0
1766973675798,2025-12-29,2025-12-29 03:01:15,88398.89,1765197304174.69,19262000967.15,209.46931732064698,0.19695068740617216,5.2154901835032685,87756.92125,0.7315306198711934,2,0
1766977235056,2025-12-29,2025-12-29 04:00:35,89102.95,1780552588965.32,23154792904.87,345.4823217016828,0.7964579645739933,20.209696512625474,87813.09583333333,1.4688631056975565,2,-1
1766980832731,2025-12-29,2025-12-29 05:00:32,90018.72,1797533491541.96,26405539200.37,565.6350976367229,1.0277661962931672,14.039193996920996,87911.04458333332,2.3975092397733433,2,-1
1766984500271,2025-12-29,2025-12-29 06:01:40,90064.22,1799231746775.55,29258441799.9,713.0107892289982,0.05054504218677813,10.80418232660072,88011.11,2.332785031344339,2,-1
1766988112254,2025-12-29,2025-12-29 07:01:52,89889.61,1795552253292.18,30696083948.74,802.8722386100435,-0.1938727721174982,4.913597787168955,88106.84791666667,2.0234092190195128,2,0
1766991827440,2025-12-29,2025-12-29 08:03:47,89708.93,1790672550541.15,31801693872.71,860.4639278422245,-0.2010020957928349,3.601794697383154,88191.77708333333,1.7202884065178603,2,0
1766995314352,2025-12-29,2025-12-29 09:01:54,89526.09,1788229010820.78,33525132006.2,894.3303035914785,-0.20381471498991388,5.4193281036798435,88269.03541666667,1.4241172766865626,2,0
1766998987399,2025-12-29,2025-12-29 10:03:07,89454.92,1785761151881.64,35464635045.52,918.720964482789,-0.07949637921190744,5.785221185590883,88340.02833333334,1.2620458558829564,2,0
1767002500157,2025-12-29,2025-12-29 11:01:40,87972.04,1753555742535.19,39197600334.71,912.8698218576667,-1.6576841162006528,10.525881020342155,88350.35833333334,-0.42820237571193803,2,-1
1767006035046,2025-12-29,2025-12-29 12:00:35,87694.99,1752263064986.57,40352682162.05,916.2356505598419,-0.31492960717972585,2.9468177068920243,88345.38541666667,-0.7361962524688549,2,0
1767009690396,2025-12-29,2025-12-29 13:01:30,87483.28,1747648635755.31,40962049461.36,927.0349359662364,-0.24141629983651658,1.5101035833575471,88331.54333333333,-0.9603175732278078,2,0
1767013394010,2025-12-29,2025-12-29 14:03:14,87342.75,1742415292920.57,44620472236.93,942.3265084978152,-0.16063640960878312,8.931249348304782,88313.63791666667,-1.0993635179911965,2,0
1767016848433,2025-12-29,2025-12-29 15:00:48,87241.81,1741832747688.47,45235236736.15,962.8414023699232,-0.11556769165157466,1.3777633189439698,88289.20041666667,-1.1863177055899086,2,0
1767020484160,2025-12-29,2025-12-29 16:01:24,87325.36,1745532052305.25,47578039862.02,978.8491055517277,0.0957683019185529,5.179155222587206,88267.81958333333,-1.0677272734074472,2,0
1767024150037,2025-12-29,2025-12-29 17:02:30,87596.13,1749744866150.98,49682447225.82,983.6568901653924,0.31007029344054526,4.423064442971891,88259.93041666667,-0.7520971448005079,2,0
1767027757526,2025-12-29,2025-12-29 18:02:37,87568.1,1748190278545.76,50858834852.9,988.4895604663758,-0.031999130555193656,2.367813368236482,88252.26874999999,-0.7752421095689765,2,0
1767031264007,2025-12-29,2025-12-29 19:01:04,87722.49,1751123268306.3,51748864907.15,988.035545708196,0.17630849590204445,1.7500008736422101,88253.06541666666,-0.60119771949186,2,0
1767035038832,2025-12-29,2025-12-29 20:03:58,87356.67,1744462901810.74,51827962372.53,994.6086186632939,-0.417019626323889,0.15284869633742648,88245.24666666666,-1.0069399772014092,2,0
1767038505890,2025-12-29,2025-12-29 21:01:45,87250.67,1742561925444.58,52288879781.83,1003.2948938569424,-0.12134162165292617,0.889321879928473,88235.75291666666,-1.1164215004738698,2,0
1767042109489,2025-12-29,2025-12-29 22:01:49,87165.57,1740001037628.85,53688066645.38,1015.0768737593429,-0.09753506763900965,2.6758784456426765,88223.29166666667,-1.1989143078712656,2,0
1767045730685,2025-12-29,2025-12-29 23:02:10,87220.83,1741975548543.39,53760384197.16,1025.534251644444,0.06339659110816687,0.13469948966067236,88211.29791666666,-1.1228356685130714,2,0
1767049314907,2025-12-30,2025-12-30 00:01:54,87283.31,1742771344659.89,54117930688.93,1040.952742749359,0.07163426442970966,0.66507428678102,88186.6875,-1.0243921453564093,2,0
1767052952239,2025-12-30,2025-12-30 01:02:32,87154.68,1740448227093.12,53486264296.64,1060.4371742945527,-0.14737067143765215,-1.1672035206239162,88157.00583333331,-1.1369780811615644,2,0
1767056489193,2025-12-30,2025-12-30 02:01:29,87143.43,1740214210206.62,52808342195.11,1080.218636521054,-0.012908084798202157,-1.2674695278215298,88111.935,-1.0991757246053042,2,0
1767060114278,2025-12-30,2025-12-30 03:01:54,87177.58,1741413819821.83,51524196791.29,1094.7818749255384,0.03918826697550948,-2.4317093671971213,88061.04708333332,-1.0032439002199072,2,0
1767063714745,2025-12-30,2025-12-30 04:01:54,86979.26,1736043960781.82,49339041125.23,1092.730357889175,-0.22748968255370539,-4.241028103575195,87972.56,-1.1291020745559786,2,0
1767067290270,2025-12-30,2025-12-30 05:01:30,87265.17,1742785312453.48,47009573005.52,1009.9738102345297,0.3287105454794714,-4.721348584374518,87857.82875,-0.6745656686855038,2,0
1767071030610,2025-12-30,2025-12-30 06:03:50,87209.22,1741223148181.12,44573267617.86,901.0618894949531,-0.06411492695195253,-5.18257289291676,87738.87041666667,-0.603666783207252,2,0
1767074502475,2025-12-30,2025-12-30 07:01:42,87121.05,1740016359845.7,42762653487.24,783.2662276860477,-0.10110169543999792,-4.062107687825223,87623.51375,-0.5734348332955266,2,0
1767078189469,2025-12-30,2025-12-30 08:03:09,87304.98,1743876044717.41,42512134414.08,646.8098901865363,0.2111200450407802,-0.5858361273926804,87523.34916666667,-0.2494981839084341,2,0
1767081693003,2025-12-30,2025-12-30 09:01:33,87385.2,1744730345299.18,41903416050.2,486.3121520982504,0.09188479282624673,-1.4318696820792787,87434.14541666668,-0.05597975074089736,2,0
1767085406652,2025-12-30,2025-12-30 10:03:26,87741.11,1752923521403.41,42004838984.64,240.2720398741171,0.4072886484210114,0.2420397762284976,87362.73666666666,0.4331060905028921,2,0
1767088999122,2025-12-30,2025-12-30 11:03:19,87961.62,1754852760240.93,39009671980.51,239.12987132317298,0.2513189085481038,-7.130528473696196,87362.3025,0.6860138559191363,2,0
1767092549749,2025-12-30,2025-12-30 12:02:29,87819.06,1754248656380.17,37753612959.03,247.81797704764435,-0.16207068491916887,-3.21986563257326,87367.47208333334,0.5168833501739872,2,0
1767096184250,2025-12-30,2025-12-30 13:03:04,87856.12,1754358179565.0,38022373669.52,266.38395692844875,0.04220040615328102,0.7118807696144369,87383.00708333333,0.5414243941221639,2,0
1767099685721,2025-12-30,2025-12-30 14:01:25,87907.96,1755237189439.78,35441021111.46,286.8671476074468,0.059005565007885785,-6.789035793757647,87406.5575,0.5736440312273037,2,0
1767103447453,2025-12-30,2025-12-30 15:04:07,87925.5,1757164094262.36,35069515365.11,303.2732111769163,0.01995268687839946,-1.0482365764282964,87435.04458333332,0.5609368863525096,2,0
1767106907739,2025-12-30,2025-12-30 16:01:47,88830.02,1771259986542.98,36277711355.23,414.67687969176393,1.0287345536846626,3.445145955230444,87497.73875,1.5226464923929248,2,0
1767110478251,2025-12-30,2025-12-30 17:01:18,88957.44,1776418453593.52,37118677233.63,510.70457430666465,0.14344249838060819,2.318133771354236,87554.46,1.6024083753129148,2,0
1767114106525,2025-12-30,2025-12-30 18:01:46,88679.13,1770379873655.99,39410846136.04,559.9729990037267,-0.31285747431580857,6.175244036803318,87600.75291666666,1.2310134872461482,2,0
1767117702983,2025-12-30,2025-12-30 19:01:42,88280.2,1763882624945.95,40120085383.28,576.5705535541422,-0.449857818857724,1.7996042124845957,87623.99083333333,0.7488921246634623,2,0
1767121255325,2025-12-30,2025-12-30 20:00:55,88222.78,1760911292253.82,40600377205.75,586.1371262200712,-0.06504289750136616,1.1971355940088912,87660.07875,0.6419127817632702,2,0
1767124826714,2025-12-30,2025-12-30 21:00:26,88144.66,1760396827937.44,39920310527.03,587.3931915913838,-0.08854855854689703,-1.675025518294171,87697.32833333332,0.5100858545728937,2,0
1767128523157,2025-12-30,2025-12-30 22:02:03,87820.99,1753670215170.31,39772182671.7,576.7349562259842,-0.3672031862168357,-0.37105887548070093,87724.6375,0.1098351646081275,2,0
1767132051209,2025-12-30,2025-12-30 23:00:51,88176.76,1760471387590.81,39602042807.75,573.4279641504826,0.4051081637772347,-0.4277860869603689,87764.46791666666,0.46977107378444954,2,0
1767135745807,2025-12-31,2025-12-31 00:02:25,88352.7,1764345508535.73,39902723955.92,575.9568878865937,0.19953103289347407,0.7592566616567487,87809.02583333333,0.619155219531292,2,0
1767139349581,2025-12-31,2025-12-31 01:02:29,88363.72,1765901370591.86,39887379620.64,569.0692434393653,0.01247273710933694,-0.03845435538925024,87859.40250000001,0.5740051555665769,2,0
1767142951276,2025-12-31,2025-12-31 02:02:31,88155.44,1760779963842.29,39790927166.13,550.9147949075594,-0.23570759583231293,-0.24181196014213535,87901.56958333333,0.28881215417432937,2,0
1767146488736,2025-12-31,2025-12-31 03:01:28,88543.74,1768051226990.24,40445260471.02,543.3838864369712,0.4404719663358314,1.6444283948401361,87958.49291666667,0.6653673385329694,2,0
1767150174500,2025-12-31,2025-12-31 04:02:54,88621.11,1768736288241.2,40043580835.01,517.475635063586,0.08738054209138646,-0.9931438970403161,88026.90333333334,0.6750284789828062,2,0
1767153740810,2025-12-31,2025-12-31 05:02:20,88333.36,1764544521763.27,39148084943.11,494.53970088451996,-0.3246969034804481,-2.236303230696768,88071.41125,0.29742767406829296,2,0
1767157424739,2025-12-31,2025-12-31 06:03:44,88272.11,1762609808324.77,39037033674.81,460.38418743587425,-0.0693396017087955,-0.2836697336827121,88115.69833333335,0.17750715210241172,2,0
1767160880853,2025-12-31,2025-12-31 07:01:20,88354.99,1764783462501.96,39155690773.72,410.69538054693027,0.09389149075511583,0.30396033648061316,88167.1125,0.2130924952317139,2,0
1767164485872,2025-12-31,2025-12-31 08:01:25,88401.76,1765545128068.48,38712027086.49,369.5526713381592,0.0529341919454529,-1.1330758785330297,88212.81166666666,0.21419602182880243,2,0
1767168216221,2025-12-31,2025-12-31 09:03:36,88536.64,1767259366586.93,38950306502.81,330.07064686102916,0.15257614780521678,0.6155177970599057,88260.78833333333,0.3125415848597045,2,0
1767171699761,2025-12-31,2025-12-31 10:01:39,88322.59,1763831384641.06,35208558669.4,311.05976769068167,-0.24176431362202822,-9.606465697875965,88285.01666666666,0.04255912809667068,2,0
1767175251307,2025-12-31,2025-12-31 11:00:51,88584.37,1768804712581.95,37614621698.73,308.8763695133,0.2963907648088737,6.833744749174087,88310.96458333333,0.3095939648679367,2,0
1767178821886,2025-12-31,2025-12-31 12:00:21,88627.58,1770229054847.42,37835317241.81,296.74638414012776,0.04877835672365549,0.586728067738207,88344.65291666666,0.32025377200838767,2,0
1767182460366,2025-12-31,2025-12-31 13:01:00,88880.01,1774529197817.31,37819836244.16,297.0584113992263,0.2848210455481226,-0.04091679092064204,88387.315,0.5574272733592964,2,0
1767186066336,2025-12-31,2025-12-31 14:01:06,88672.83,1770391569967.86,38120921013.28,284.14376382736845,-0.23310078385453403,0.7961027836721257,88419.18458333334,0.28686694845914407,2,0
1767189690682,2025-12-31,2025-12-31 15:01:30,88871.82,1774186009093.13,37693447124.34,278.25602544401187,0.22440921305884043,-1.1213629618001208,88458.61458333333,0.467117214770998,2,0
1767193285366,2025-12-31,2025-12-31 16:01:25,88341.78,1764974677863.19,37256440887.04,267.56417095167507,-0.5964095255391544,-1.159369255505971,88438.27124999999,-0.10910576228613453,2,0
1767196935602,2025-12-31,2025-12-31 17:02:15,87934.37,1757584817431.8,37291641662.84,262.70767390383116,-0.4611747691749102,0.09448239005631631,88395.64333333333,-0.5218281308207733,2,0
1767200538774,2025-12-31,2025-12-31 18:02:18,87526.24,1746662056665.13,36618304671.67,309.80136673935937,-0.4641302371302447,-1.8055976115445738,88347.60625000001,-0.9296983640685865,2,0
1767204135109,2025-12-31,2025-12-31 19:02:15,87547.34,1747892956321.07,36494709996.97,350.21560903718245,0.024107056352451472,-0.3375215641690188,88317.07041666667,-0.8715533849064516,2,0
1767207683528,2025-12-31,2025-12-31 20:01:23,87611.88,1749312221873.94,36281568101.21,378.4306992655552,0.0737201153113265,-0.5840350444699993,88291.61625,-0.7698763244692575,2,0
1767211333209,2025-12-31,2025-12-31 21:02:13,87409.56,1746703958139.95,36506365611.01,418.4722137004683,-0.230927586532792,0.6195914938762037,88260.98708333333,-0.9646697951943786,2,0
1767214853692,2025-12-31,2025-12-31 22:00:53,87528.94,1747093101019.56,37167663304.8,435.7142296996277,0.13657545009950756,1.81145858461067,88248.81833333334,-0.8157370794634525,2,0
1767218518520,2025-12-31,2025-12-31 23:01:58,87688.6,1751022762490.97,37089741392.77,450.37189812821265,0.18240824120572263,-0.20964974685385718,88228.47833333333,-0.6119093783909871,2,0
1767222107574,2026-01-01,2026-01-01 00:01:47,87568.19,1749490234552.31,37803301130.75,469.04654147052094,-0.1373154549166089,1.9238735865629408,88195.79041666667,-0.7115990612496037,2,0
1767225702533,2026-01-01,2026-01-01 01:01:42,87517.27,1747837206254.36,37064742379.65,487.33719747316684,-0.05814896939173586,-1.9536885113433655,88160.52166666667,-0.7296368652385999,2,0
1767229306117,2026-01-01,2026-01-01 02:01:46,87678.34,1750917234156.65,36992184825.02,497.1847919453342,0.18404367503692676,-0.19575896113563918,88140.6425,-0.5245054799776451,2,0
1767232905093,2026-01-01,2026-01-01 03:01:45,87805.11,1754194834528.57,37020105748.03,493.99853464719234,0.14458531035146382,0.07547789659376747,88109.86625,-0.34588209353910554,2,0
1767236544022,2026-01-01,2026-01-01 04:02:24,87762.44,1752867969946.96,36274394795.18,486.39794518940903,-0.048596260513766865,-2.014340417948912,88074.08833333333,-0.35384792420880673,2,0
1767240145274,2026-01-01,2026-01-01 05:02:25,87707.35,1751606653424.79,35886662447.4,488.66965033318957,-0.06277172785988938,-1.0688871584744408,88048.00458333333,-0.3868964264952858,2,0
1767243821111,2026-01-01,2026-01-01 06:03:41,87483.9,1746508024036.59,36833493710.49,499.3238432145969,-0.2547677019086869,2.638393203819911,88015.16249999999,-0.6036033848145167,2,0
1767247272847,2026-01-01,2026-01-01 07:01:12,87562.87,1748666041315.3,35603995995.88,502.0566728991813,0.09026803789040638,-3.3379883110568054,87982.15750000002,-0.476559693367397,2,0
1767250965421,2026-01-01,2026-01-01 08:02:45,87519.95,1747747983768.37,35276971007.9,502.2804838718122,-0.049016209724506155,-0.9185064171387869,87945.41541666667,-0.4837835089537171,2,0
1767254485731,2026-01-01,2026-01-01 09:01:25,87491.83,1747111375362.67,35792807555.93,494.0198670509134,-0.032129817258808036,1.4622472771669726,87901.88166666667,-0.4664879282352863,2,0
1767258149368,2026-01-01,2026-01-01 10:02:29,87630.12,1749983307378.53,35480164563.64,488.5719470168499,0.15806047261783807,-0.8734799353234957,87873.02875,-0.27643152108832064,2,0
1767261693608,2026-01-01,2026-01-01 11:01:33,87741.73,1751907414391.75,35053339375.22,464.93601653636733,0.1273648832159635,-1.2029966424039862,87837.91875,-0.10950709143481517,2,0
1767265456306,2026-01-01,2026-01-01 12:04:16,87725.97,1751898227836.09,33250599534.56,433.73520587440765,-0.017961806770838695,-5.14284765101266,87800.35166666667,-0.08471682089504315,2,0
1767268898851,2026-01-01,2026-01-01 13:01:38,87884.2,1754312495788.69,32834422253.44,368.7200810268058,0.18036848153402119,-1.251638427413726,87758.85958333332,0.14282366163572757,2,0
1767272601901,2026-01-01,2026-01-01 14:03:21,87798.23,1753197470716.93,32226022820.22,313.5553264407572,-0.09782190655430734,-1.8529317449959337,87722.41791666667,0.08642270144142876,2,0
1767276149117,2026-01-01,2026-01-01 15:02:29,87773.23,1753351218513.5,31417916485.64,196.98365658789453,-0.028474378128129363,-2.5076204379553824,87676.64333333333,0.11016236821414557,2,0
1767279632892,2026-01-01,2026-01-01 16:00:32,87843.34,1754239212846.49,29631685949.62,142.56777601176077,0.07987629029944099,-5.685388261937807,87655.875,0.21386472954607605,2,0
1767283349427,2026-01-01,2026-01-01 17:02:29,87902.03,1755857304258.47,26992240392.28,139.94989293681724,0.06681212258095037,-8.907510567665987,87654.52750000001,0.2823613418028952,2,0
1767286888455,2026-01-01,2026-01-01 18:01:28,87874.08,1754545411271.03,24483088240.99,144.03828367802663,-0.031796762827884795,-9.29582767056133,87669.02083333333,0.2339015135762827,2,0
1767290560405,2026-01-01,2026-01-01 19:02:40,88226.77,1761904188615.77,23816632895.83,181.0867138315971,0.40135839828991937,-2.7221049019633403,87697.33041666668,0.6037123146370106,2,0
1767294068907,2026-01-01,2026-01-01 20:01:08,88064.16,1758094838686.77,23411698782.89,194.82033029407714,-0.18430913882486744,-1.7002156212052144,87716.17541666667,0.39671654820830116,2,0
1767297640780,2026-01-01,2026-01-01 21:00:40,88231.04,1762111608274.01,22450235743.4,210.16750455935596,0.18949820221982883,-4.106763240062971,87750.40375,0.5477310980463677,2,0
1767301342807,2026-01-01,2026-01-01 22:02:22,88150.35,1760480610220.88,21362097769.67,219.75677762641354,-0.09145307592428598,-4.84688885304867,87776.29583333334,0.4261448527936403,2,0
1767304852163,2026-01-01,2026-01-01 23:00:52,88268.13,1762746182315.66,20325891680.24,240.55698767160743,0.13361262887781056,-4.850675718286457,87800.44291666667,0.532670528527094,2,0
1767308551918,2026-01-02,2026-01-02 00:02:31,88587.35,1768281951339.23,20927913343.29,283.836985548866,0.36164808294907314,2.961846262495138,87842.90791666666,0.847469762771933,2,0
1767312001054,2026-01-02,2026-01-02 01:00:01,88727.67,1771365149347.4,21163124465.21,327.61844025398807,0.1583973332535571,1.123911008525913,87893.34125,0.9492513746028521,2,0
1767315745056,2026-01-02,2026-01-02 02:02:25,88737.78,1771139757688.81,22068741801.49,366.46148305855127,0.011394416195087409,4.279223220412209,87937.48458333332,0.9100731280393639,2,0
1767319312284,2026-01-02,2026-01-02 03:01:52,88526.49,1768050748883.72,20922512170.52,384.2827253019249,-0.23810602428863126,-5.193905666577747,87967.54208333335,0.6354024489363984,2,0
1767322919465,2026-01-02,2026-01-02 04:01:59,88496.25,1767319011691.36,22070852419.17,396.2603748887369,-0.03415926690418791,5.488539040106377,87998.1175,0.5660717685239198,2,0
1767326517006,2026-01-02,2026-01-02 05:01:57,88979.05,1776865720949.94,23233775008.18,438.4662584316545,0.5455598401062245,5.2690424770360345,88051.105,1.0538709309781031,2,0
1767330076626,2026-01-02,2026-01-02 06:01:16,88532.36,1768594535308.89,22885187086.09,431.6748569685934,-0.5020170478331698,-1.5003499085588623,88094.79083333333,0.4967026569079502,2,0
1767333789891,2026-01-02,2026-01-02 07:03:09,88637.9,1770842219714.21,23323821599.71,429.8517061768758,0.11921064794837566,1.9166743621974014,88139.58375,0.565371685227625,2,0
1767337319219,2026-01-02,2026-01-02 08:01:59,88861.21,1775349993223.74,23813645427.47,432.9679314214958,0.25193512030408094,2.1001010733425085,88195.46958333334,0.7548465015401145,2,0
1767340907301,2026-01-02,2026-01-02 09:01:47,88765.51,1772459485324.1,23567356767.27,420.8609962356428,-0.10769603519917847,-1.0342333388230318,88248.53958333335,0.5858118662445084,2,0
1767344429019,2026-01-02,2026-01-02 10:00:29,88990.47,1777564502434.07,24562939472.54,425.53102994167654,0.2534317664597552,4.224413942986804,88305.22083333333,0.7760007394806364,2,0
1767348082740,2026-01-02,2026-01-02 11:01:22,89355.77,1783759622725.85,26497047769.07,458.842962312293,0.4104933932813193,7.874091367168101,88372.47249999999,1.1126739720901384,2,0
1767351823749,2026-01-02,2026-01-02 12:03:43,89510.66,1787602788723.03,29329581771.01,492.8682648585224,0.17334079265389768,10.68999847313712,88446.83458333333,1.202785177873554,2,0
1767355379856,2026-01-02,2026-01-02 13:02:59,89400.12,1785807949494.11,30295371690.24,514.2992176192637,-0.12349367103315911,3.2928867747599844,88509.99791666667,1.0056740529712616,2,0
1767358851086,2026-01-02,2026-01-02 14:00:51,89325.1,1784834409724.75,30488560722.67,516.8560377505443,-0.08391487617689375,0.6376849718342736,88573.6175,0.8484270160920241,2,0
1767362554784,2026-01-02,2026-01-02 15:02:34,89417.47,1785613037685.37,31190300024.6,515.1210822482327,0.10340878431704947,2.3016478485591962,88642.1275,0.8746885051918445,2,0
1767366091508,2026-01-02,2026-01-02 16:01:31,89598.28,1791015266814.96,34994480560.09,521.3229120567158,0.20220880774193262,12.196678238072778,88715.25,0.995353110090992,2,0
1767369707326,2026-01-02,2026-01-02 17:01:47,89512.15,1787910907079.41,38825029314.95,515.6923114882121,-0.09612907747783561,10.946151203137466,88782.33833333333,0.8220234794071123,2,0
1767373324188,2026-01-02,2026-01-02 18:02:04,90158.99,1797399704076.08,44263890353.29,550.4657944476398,0.7226281571831361,14.008646314777451,88877.54291666667,1.4418120047882539,2,0
1767376919500,2026-01-02,2026-01-02 19:01:59,90290.53,1801508941578.4,46618849860.38,603.0665828085321,0.14589781895293363,5.320272321962682,88963.53291666666,1.4916191385703528,2,0
1767380519616,2026-01-02,2026-01-02 20:01:59,89625.92,1789646636924.82,47973228304.53,585.8145593131562,-0.7360794094352974,2.905216341042882,89028.60625,0.6709233977253252,2,0
1767384106846,2026-01-02,2026-01-02 21:01:46,89894.28,1795595584955.33,49489042654.3,585.7408488404897,0.2994223099746174,3.1597088695964892,89097.90791666666,0.8938168156295911,2,0
1767387709495,2026-01-02,2026-01-02 22:01:49,89615.76,1791105837245.26,50744849648.68,558.4120551966736,-0.3098306143616725,2.5375455394283764,89158.96666666667,0.5123358316175942,2,0
1767391302613,2026-01-02,2026-01-02 23:01:42,90048.09,1798355273054.99,51209467072.05,553.1291279284583,0.48242630537307374,0.9155952310168747,89233.13166666667,0.9132911936539809,2,0
1767394914775,2026-01-03,2026-01-03 00:01:54,90225.0,1801854392641.34,51879205861.92,570.7323761513474,0.1964616906366512,1.3078417491197314,89301.36708333333,1.0342875443382216,2,0
1767398492089,2026-01-03,2026-01-03 01:01:32,89926.28,1795890115524.72,50705395175.73,570.7905261392347,-0.3310834026046039,-2.2625841446266004,89351.30916666666,0.6434945818878257,2,0
1767402066694,2026-01-03,2026-01-03 02:01:06,90108.78,1800151869680.77,50415978742.62,575.3058777651952,0.20294401147251673,-0.5707803520847654,89408.43416666666,0.7833107020170182,2,0
1767405693069,2026-01-03,2026-01-03 03:01:33,90137.65,1800311369518.25,50299267697.14,561.7611275265375,0.03203905324209444,-0.23149614148290087,89475.56583333334,0.7399608602642658,2,0
1767409324964,2026-01-03,2026-01-03 04:02:04,90293.92,1803633735647.98,50274553691.68,545.1059448551106,0.17336817633919477,-0.049133926976441256,89550.46875,0.8302036386604601,2,0
1767412864267,2026-01-03,2026-01-03 05:01:04,90284.78,1802933587343.06,48905934979.53,550.7262452197274,-0.010122497727416135,-2.722289133670608,89604.87416666666,0.7587821975718652,2,0
1767416512267,2026-01-03,2026-01-03 06:01:52,90093.14,1799374176002.54,49653194415.76,509.15537886172797,-0.21226169017635188,1.5279524592317406,89669.90666666666,0.471990380124559,2,0
1767420071500,2026-01-03,2026-01-03 07:01:11,89990.94,1796796613853.15,46580134167.72,462.7068915371932,-0.11343815966453619,-6.189048427193655,89726.28333333333,0.29496002379088493,2,0
1767423629005,2026-01-03,2026-01-03 08:00:29,89823.97,1793799906792.86,46651455642.8,424.6131767676473,-0.18554090000615364,0.15311564973856662,89766.39833333333,0.06413498562445055,2,0
1767427274928,2026-01-03,2026-01-03 09:01:14,89537.63,1787865925800.17,50023976768.77,371.39766304286616,-0.3187790519612932,7.229187341532595,89798.57,-0.2905836919229363,2,0
1767430903965,2026-01-03,2026-01-03 10:01:43,89675.18,1791253524898.07,50552321214.29,330.69085430031487,0.15362256070434732,1.0561824142095277,89827.09958333334,-0.16912444466985552,2,0
1767434516889,2026-01-03,2026-01-03 11:01:56,89804.08,1793635494415.56,49224004762.78,315.20884910874724,0.14374099946050656,-2.6276072386059224,89845.77916666667,-0.046411937270107534,2,0
1767438121572,2026-01-03,2026-01-03 12:02:01,89769.02,1792926134830.37,46825079286.48,307.58583780358185,-0.03904054247868549,-4.873487006717314,89856.54416666667,-0.09740433206993718,2,0
1767441698703,2026-01-03,2026-01-03 13:01:38,89687.82,1791418398176.5,45633628210.83,294.34556118458977,-0.09045436833330367,-2.544472094453054,89868.53166666668,-0.20108447675205302,2,0
1767445226122,2026-01-03,2026-01-03 14:00:26,89936.67,1795361248368.03,45636799339.06,270.7834763420898,0.2774624246636659,0.006949103883102659,89894.01375,0.0474517136576294,2,0
1767448820804,2026-01-03,2026-01-03 15:00:20,89926.87,1796797572237.93,44852421253.86,251.05156813741837,-0.010896556432438143,-1.7187403511197963,89915.23875,0.012935793934030196,2,0
1767452512488,2026-01-03,2026-01-03 16:01:52,90039.77,1798287750727.6,41192871211.64,242.858185259984,0.12554645791631458,-8.159091393321516,89933.63416666666,0.11801572828320872,2,0
1767456053288,2026-01-03,2026-01-03 17:00:53,89924.09,1795876284908.55,37423465094.61,225.72721503281267,-0.12847656096857119,-9.150627295833813,89950.79833333334,-0.02969215818893477,2,0
1767459709868,2026-01-03,2026-01-03 18:01:49,90109.36,1799754687554.25,32450811623.15,223.95741446041794,0.20602932984921107,-13.287528182889186,89948.73041666667,0.17857904451708048,2,0
1767463282872,2026-01-03,2026-01-03 19:01:22,90040.19,1798166250507.59,28133398648.54,212.9029055810131,-0.07676228085516934,-13.304483797656431,89938.29958333333,0.11328924066689573,2,0
1767466882405,2026-01-03,2026-01-03 20:01:22,90090.62,1799241317915.9,26523943793.14,204.21202081163142,0.05600832250576282,-5.720797815814283,89957.66208333334,0.14780054704343537,2,0
1767470494895,2026-01-03,2026-01-03 21:01:34,90070.79,1798807649121.85,25160274088.44,205.00701120023538,-0.02201117053030055,-5.1412780668487645,89965.01666666666,0.1175716264525757,2,0
1767474109732,2026-01-03,2026-01-03 22:01:49,90292.45,1803516227363.62,23759935418.89,201.3858430337352,0.24609532124677536,-5.565673349295475,89993.21208333333,0.3325116525339401,2,0
1767477705858,2026-01-03,2026-01-03 23:01:45,90458.17,1806754026003.84,23816776747.89,222.53102442015265,0.18353694024251244,0.23923183290646133,90010.29875,0.49757778411994935,2,0
1767481268222,2026-01-04,2026-01-04 00:01:08,90546.23,1806840437328.22,23456761212.74,244.5748267601095,0.09734886301591139,-1.5116047774260344,90023.68333333333,0.5804546618380552,2,0
1767484931121,2026-01-04,2026-01-04 01:02:11,90593.85,1809211438369.0,23480735292.76,269.6875274056676,0.052591919067213055,0.10220541447545362,90051.49874999998,0.602267877301733,2,0
1767488524633,2026-01-04,2026-01-04 02:02:04,91321.03,1823430364352.5,26440489141.88,374.16681565725816,0.802681418219886,12.605030516368053,90102.00916666666,1.3529341294470503,2,0
1767492090192,2026-01-04,2026-01-04 03:01:30,91123.7,1817699785441.93,26965684516.3,428.44958870487727,-0.2160838527554998,1.986330024387195,90143.09458333334,1.0878319866866024,2,0
1767495667790,2026-01-04,2026-01-04 04:01:07,91087.99,1818767379074.7,26125878553.39,469.3146897801593,-0.039188487736985245,-3.114350619960571,90176.18083333333,1.0111419204500462,2,0
1767499249370,2026-01-04,2026-01-04 05:00:49,91203.93,1822074441523.8,26462997094.86,513.9432989990452,0.12728352003374965,1.2903625069720759,90214.47875000001,1.096776552621808,2,0
1767502898535,2026-01-04,2026-01-04 06:01:38,91391.95,1826611282662.89,26880298625.49,566.3228100343412,0.20615339711786973,1.5769246738535747,90268.59583333333,1.2444573401150132,2,0
1767506497698,2026-01-04,2026-01-04 07:01:37,91391.76,1825205927197.53,26415513750.85,607.1758466350049,-0.00020789577200863718,-1.729091187250642,90326.96333333333,1.1788248241416526,2,0
1767510100676,2026-01-04,2026-01-04 08:01:40,91311.35,1823396230481.65,27618054370.49,629.1150921546823,-0.08798386200242758,4.552402921186061,90388.9375,1.0204926902697644,2,0
1767513706849,2026-01-04,2026-01-04 09:01:46,91426.51,1825563806411.78,26688776554.19,636.0969457832427,0.12611794700219114,-3.364747580817784,90467.64083333332,1.0599029197999934,2,0
1767517266743,2026-01-04,2026-01-04 10:01:06,91330.2,1822680073100.4,27449786411.96,636.1613756715876,-0.10534143762022108,2.8514227927414204,90536.59999999999,0.8765515824539534,2,0
1767520801521,2026-01-04,2026-01-04 11:00:01,91369.72,1824799594761.43,28187729844.66,638.0506543955829,0.04327155749139777,2.6883394341402855,90601.835,0.8475380217188698,2,0
1767524465531,2026-01-04,2026-01-04 12:01:05,91537.89,1828077143137.68,28843585062.21,639.8283032193416,0.18405441102369302,2.3267401141005672,90675.53791666667,0.9510305680522755,2,0
1767528093876,2026-01-04,2026-01-04 13:01:33,91213.1,1822838291356.64,29391625129.85,612.6278254223406,-0.35481482039840806,1.9000414354109818,90739.09125,0.5223864857694485,2,0
1767531712492,2026-01-04,2026-01-04 14:01:52,91113.96,1819608817135.47,29726808378.42,592.382508439504,-0.10869052800529522,1.140403931695455,90788.145,0.3588739476943849,2,0
1767535201475,2026-01-04,2026-01-04 15:00:01,91210.73,1821086986333.79,29892573295.03,568.7207716636957,0.10620765467770354,0.5576276958489057,90841.63916666666,0.40630137976282715,2,0
1767538907283,2026-01-04,2026-01-04 16:01:47,91288.03,1822246781892.89,30108925645.88,548.933505263378,0.08474880093602977,0.7237662302093328,90893.65000000001,0.4338916965046404,2,0
1767542507971,2026-01-04,2026-01-04 17:01:47,91264.45,1822526851644.18,30128711315.34,513.0104252669989,-0.0258303306578056,0.06571363486265192,90949.49833333334,0.34629291248243144,2,0
1767546119460,2026-01-04,2026-01-04 18:01:59,91281.44,1823021833631.54,30548195858.4,484.5547211264839,0.018616230087409313,1.3923082825199495,90998.335,0.3111100878933619,2,0
1767549691758,2026-01-04,2026-01-04 19:01:31,91324.95,1824693882362.34,30806363511.54,443.3129016527333,0.04766576863817207,0.8451158763570943,91051.86666666665,0.2999206313178383,2,0
1767553297215,2026-01-04,2026-01-04 20:01:37,91143.35,1820381725144.38,30962819026.95,393.330424337184,-0.1988503689298371,0.5078675233816332,91095.73041666666,0.05227422088339205,2,0
1767556852614,2026-01-04,2026-01-04 21:00:52,91104.38,1819632928144.89,31808455989.03,327.26548420873974,-0.042756822083012125,2.731136855930183,91138.79666666668,-0.03776291538338815,2,0
1767560494185,2026-01-04,2026-01-04 22:01:34,91276.91,1823091001658.04,31886398131.97,273.92103895583625,0.18937618586505334,0.2450359205328434,91179.81583333334,0.10648646937841993,2,0
1767564097057,2026-01-04,2026-01-04 23:01:37,91220.33,1821814192070.74,31524124806.24,226.73657826798893,-0.061987199172275353,-1.1361374973449134,91211.57250000001,0.009601303606505011,2,0
1767567698788,2026-01-05,2026-01-05 00:01:38,91138.84,1820688998389.18,30865979101.02,178.20293085637104,-0.08933315632601024,-2.087752504677709,91236.26458333334,-0.10678274015082576,2,0
1767571307527,2026-01-05,2026-01-05 01:01:47,91373.22,1824986876689.23,31050236622.95,116.31026119280372,0.2571680745552696,0.5969599128119452,91268.73833333333,0.1144769485966641,2,0
1767574906821,2026-01-05,2026-01-05 02:01:46,92249.05,1843030588403.47,31900645889.1,231.58603432784545,0.9585193561089334,2.738817344539779,91307.40583333334,1.0312900230518889,2,0
1767578517478,2026-01-05,2026-01-05 03:01:57,92979.42,1857004286387.99,35584498794.66,409.237587890067,0.7917371506806825,11.547894416829752,91384.7275,1.7450317395759645,2,0
1767582105555,2026-01-05,2026-01-05 04:01:45,92999.33,1856425720876.22,37370110448.97,519.9751181819371,0.021413340715614737,5.017948024542518,91464.36666666668,1.6782091094856084,2,0
1767585685636,2026-01-05,2026-01-05 05:01:25,92857.97,1854632054973.92,37592656671.14,588.9900772183336,-0.15200109506164905,0.5955193053921892,91533.28499999999,1.4472167146628818,2,0
1767589284447,2026-01-05,2026-01-05 06:01:24,92545.49,1848478708608.72,37979359123.5,623.0379147999973,-0.3365139255144145,1.0286648686281152,91581.34916666667,1.0527698511830417,2,0
1767592921542,2026-01-05,2026-01-05 07:02:01,92320.3,1844727274806.32,38369211342.8,639.3690313096942,-0.24332898340049258,1.0264844597095424,91620.03833333333,0.7643106021402989,2,0
1767596580285,2026-01-05,2026-01-05 08:03:00,92474.87,1846018947434.89,37855667497.48,658.7628286070955,0.16742796546371785,-1.338426898410483,91668.51833333333,0.8796385949367488,2,0
1767600205950,2026-01-05,2026-01-05 09:03:25,92481.03,1846586394420.78,37822738846.35,676.8388159528914,0.006661269164265349,-0.08698473255608352,91712.45666666668,0.8380250200108975,2,0
1767603690252,2026-01-05,2026-01-05 10:01:30,92433.95,1846977635274.69,37637200325.27,687.1560632870953,-0.05090773751114108,-0.4905475561506223,91758.44625,0.7361760988841979,2,0
1767607266999,2026-01-05,2026-01-05 11:01:06,92641.8,1850494681825.03,37303356884.35,704.7047097316857,0.22486326723027972,-0.887003916430662,91811.44958333333,0.9044083504127602,2,0
1767610808066,2026-01-05,2026-01-05 12:00:08,93060.23,1857252481610.34,37218308562.02,746.2968033743133,0.45166436748853567,-0.22799106952672288,91874.88041666668,1.2901780965129666,2,0
1767614500773,2026-01-05,2026-01-05 13:01:40,93082.76,1858879679747.26,37947872693.72,771.3743722708765,0.024210127140245064,1.9602291449765108,91952.78291666666,1.22886665035183,2,0
1767618076991,2026-01-05,2026-01-05 14:01:16,92817.52,1853307707660.43,38137362572.77,769.2076250558881,-0.2849507255693662,0.4993425601993007,92023.76458333334,0.8625548196823344,2,0
1767621727345,2026-01-05,2026-01-05 15:02:07,92718.95,1850090503967.78,38902030178.94,761.4667121307755,-0.10619762303496483,2.005035363184704,92086.60708333335,0.6866828268462651,2,0
1767625406439,2026-01-05,2026-01-05 16:03:26,93404.61,1864137042434.37,42588058385.13,787.0934177751698,0.739503628977678,9.475156410179997,92174.79791666666,1.3342172818704583,2,0
1767628963541,2026-01-05,2026-01-05 17:02:43,93824.83,1873534898205.51,46153268359.06,830.6517587259841,0.4498921412979584,8.371384160529892,92281.48041666667,1.6724369574099178,2,0
1767632500247,2026-01-05,2026-01-05 18:01:40,93681.98,1871621172602.05,48887557667.55,849.3169673617101,-0.1522518079702384,5.924367668217934,92381.50291666668,1.407724536053955,2,0
1767636232395,2026-01-05,2026-01-05 19:03:52,94174.36,1881933552906.64,52523268520.25,893.2242334996305,0.5255866709905188,7.436883792444515,92500.22833333333,1.8098676044709598,2,0
1767639696510,2026-01-05,2026-01-05 20:01:36,94420.78,1885383652489.95,54065009146.99,926.6671143267158,0.26166357806944873,2.9353478375885755,92636.78791666667,1.9257922510635381,2,0
1767643291873,2026-01-05,2026-01-05 21:01:31,94264.92,1881976050881.95,54990297975.67,923.9966548197531,-0.16506959590886217,1.7114374773605556,92768.47708333335,1.6130941928931386,2,0
1767646992114,2026-01-05,2026-01-05 22:03:12,94155.36,1878836015449.5,58122218806.53,908.657623785735,-0.11622563303506084,5.695406182824647,92888.41249999999,1.3639456912884687,2,0
1767650528688,2026-01-05,2026-01-05 23:02:08,94154.53,1881380626867.9,58955682135.82,871.0806250410577,-0.0008815217742319525,1.4339840191998299,93010.67083333332,1.229814984042388,2,0
1767654081928,2026-01-06,2026-01-06 00:01:21,94172.17,1880482719133.86,59612459834.49,805.2524403244985,0.018735158042848532,1.1140193360106299,93137.05958333334,1.111384041215634,2,0
1767657694948,2026-01-06,2026-01-06 01:01:34,93864.98,1875831054533.61,58399673888.79,724.5376204448411,-0.3262004050665901,-2.0344504304422584,93240.88291666668,0.6693384530593668,2,0
1767661309540,2026-01-06,2026-01-06 02:01:49,93832.2,1872938935647.45,56318208661.85,702.0296998384592,-0.03492250251371232,-3.564172688538847,93306.84749999999,0.5630374555308046,2,0
1767664906838,2026-01-06,2026-01-06 03:01:46,93756.87,1873537383210.3,52910551746.96,704.1979109561129,-0.08028160908515325,-6.050719644423541,93339.24125,0.44743105301382435,2,0
1767668536251,2026-01-06,2026-01-06 04:02:16,93608.49,1868655531049.69,51562377790.99,702.3894554743987,-0.15826040267767905,-2.54802475396122,93364.62291666666,0.2611985950513728,2,0
1767672165418,2026-01-06,2026-01-06 05:02:45,93753.71,1872285344950.17,51881414007.41,698.0822210517769,0.15513550106405205,0.618738371052685,93401.94541666668,0.3766137651245898,2,0
1767675795021,2026-01-06,2026-01-06 06:03:15,93780.68,1873742787449.31,50580609412.64,677.4211173572323,0.02876686159938302,-2.5072651153729475,93453.41166666667,0.3501940993878745,2,0
1767679304476,2026-01-06,2026-01-06 07:01:44,93569.03,1868625746667.88,50598906357.03,633.1130513518655,-0.2256861434572599,0.036173831439501036,93505.44208333334,0.06800450888193861,2,0
1767682922282,2026-01-06,2026-01-06 08:02:02,93735.11,1872919353777.14,51558584610.77,595.0386342523857,0.17749462615996858,1.89663833239484,93557.95208333334,0.18935634301707074,2,0
1767686595970,2026-01-06,2026-01-06 09:03:15,93211.38,1862323594581.33,51788205743.32,554.8896492627393,-0.5587340752040482,0.44535965112983966,93588.38333333332,-0.40283133430197327,2,0
1767690090827,2026-01-06,2026-01-06 10:01:30,93205.3,1861734773456.68,51619254593.04,505.23363847689563,-0.006522808695674787,-0.3262348016407013,93620.52291666668,-0.4435169808187011,2,0
1767693718045,2026-01-06,2026-01-06 11:01:58,93471.19,1866225755598.41,51399687884.79,461.8838297011137,0.2852734769374754,-0.42535815362123586,93655.08083333333,-0.19634901993258883,2,0
1767697243049,2026-01-06,2026-01-06 12:00:43,93537.21,1867626711462.07,50398946393.31,445.133585158148,0.0706313892013144,-1.9469797048634163,93674.955,-0.14704570714765258,2,0
1767701042682,2026-01-06,2026-01-06 13:04:02,93805.62,1872969395427.16,49813623640.57,427.4248666244607,0.28695531970643895,-1.1613789466394353,93705.07416666667,0.10730030815032365,2,0
1767704634693,2026-01-06,2026-01-06 14:03:54,93799.13,1873389656108.82,49855225028.63,383.511363984354,-0.006918562022184549,0.08351407711306713,93745.97458333334,0.056701545749476154,2,0
1767708103994,2026-01-06,2026-01-06 15:01:43,93698.28,1871020329050.04,49436878169.93,315.5668147278797,-0.10751698869702064,-0.8391233987205093,93786.77999999998,-0.09436297951586083,2,0
1767711652774,2026-01-06,2026-01-06 16:00:52,93752.27,1870207289230.77,51163085060.61,305.06566799880994,0.057621121753781424,3.4917392735570596,93801.26583333332,-0.05223365900026963,2,0
1767715325118,2026-01-06,2026-01-06 17:02:05,93430.08,1866405595073.91,50240482962.49,314.24355404950853,-0.3436610121546946,-1.803257362270172,93784.81791666667,-0.3782466336735554,2,0
1767718871502,2026-01-06,2026-01-06 18:01:11,92619.85,1850072829125.65,50532660002.49,394.02035166331797,-0.8672046518637178,0.5815569890483374,93740.5625,-1.195547018399846,2,0
1767722632349,2026-01-06,2026-01-06 19:03:52,91544.95,1825652682581.65,53944606250.76,586.6358017426853,-1.1605503571858633,6.751962489411567,93631.00374999999,-2.227951924524778,2,0
1767726142059,2026-01-06,2026-01-06 20:02:22,91970.91,1836890627247.82,54859208904.29,652.6648743023056,0.46530147211834016,1.6954478252718896,93528.92583333333,-1.665811746955885,2,0
1767729675971,2026-01-06,2026-01-06 21:01:15,92063.89,1838686006958.24,53165954963.44,697.8267541565689,0.10109718388129352,-3.086544583251516,93437.21625,-1.4697850654342437,2,0
1767733359932,2026-01-06,2026-01-06 22:02:39,92443.66,1847105472454.5,53512783038.29,708.6261606743321,0.4125070100774675,0.6523499391452692,93365.89541666668,-0.9877647641582514,2,0
1767736870245,2026-01-06,2026-01-06 23:01:10,93250.31,1862143898022.98,56801784628.14,688.6288221852267,0.8725855293916229,6.146197979455903,93328.21958333334,-0.08347912740773475,2,0
1767740532116,2026-01-07,2026-01-07 00:02:12,93215.18,1861840617666.46,57449796899.41,664.9350449879166,-0.037672797012688886,1.1408308304260206,93288.34499999999,-0.07842887554709391,2,0
1767744137769,2026-01-07,2026-01-07 01:02:17,93646.72,1870355101656.63,57507913450.91,658.163715189076,0.46295034778671695,0.10116058652349658,93279.25083333334,0.39394523796426884,2,0
1767747755932,2026-01-07,2026-01-07 02:02:35,92759.09,1851519194829.77,58417485373.07,655.4109424932186,-0.9478495349329985,1.5816465379785205,93234.53791666667,-0.5099482737734254,2,0
1767751352523,2026-01-07,2026-01-07 03:02:32,92383.71,1845881902615.21,59691993852.43,667.6523623705448,-0.40468271088039964,2.181724309460842,93177.32291666667,-0.8517232431934479,2,0
1767754935786,2026-01-07,2026-01-07 04:02:15,92911.47,1855703497513.82,60454304464.71,663.2267002648351,0.5712695452477545,1.2770734617519652,93148.28041666669,-0.2542295097745222,2,0
1767758492824,2026-01-07,2026-01-07 05:01:32,92753.62,1852210612073.42,60676285386.51,654.8992549080648,-0.1698929098850832,0.36718795090857625,93106.60999999999,-0.37912453261910267,2,0
1767762232483,2026-01-07,2026-01-07 06:03:52,92604.48,1849698199349.01,60969314202.23,646.215079088573,-0.16079156802720762,0.48293796143483725,93057.60166666667,-0.4869260098597425,2,0
1767765640899,2026-01-07,2026-01-07 07:00:40,92479.14,1847832893568.76,60935237674.98,647.0073293824395,-0.13534982324828748,-0.05589127530116755,93012.18958333333,-0.5730964787746942,2,0
1767769364094,2026-01-07,2026-01-07 08:02:44,92593.31,1850691465499.38,60738346813.08,633.3743374153464,0.12345486776801362,-0.32311494861182455,92964.61458333333,-0.39940420879225397,2,0
1767773196925,2026-01-07,2026-01-07 09:06:36,92820.22,1853556985196.21,59362302831.46,631.7791148323564,0.24506090126814595,-2.2655275519018137,92948.31624999999,-0.1378144921479283,2,0
1767776659469,2026-01-07,2026-01-07 10:04:19,92639.95,1850601895683.03,58859157730.86,632.320196784606,-0.19421414859822628,-0.8475835279310395,92924.76,-0.30649527639350127,2,0
1767780030489,2026-01-07,2026-01-07 11:00:30,91646.64,1830681140185.21,60376881309.57,672.1917588694228,-1.0722263990859182,2.578568292889871,92848.73708333333,-1.2946832892884952,2,0
1767783671802,2026-01-07,2026-01-07 12:01:11,91889.4,1834905098877.4,61281704846.15,682.8825286830436,0.26488696148598834,1.4986258265654806,92780.07833333332,-0.9599887705778467,2,0
1767787318003,2026-01-07,2026-01-07 13:01:58,92090.67,1839163842049.32,61759569494.25,660.2555779068967,0.21903505736244888,0.7797835411069265,92708.62208333332,-0.6665529801293584,2,0
1767790852493,2026-01-07,2026-01-07 14:00:52,91937.28,1836765657542.8,61452489696.76,635.4691881224403,-0.1665641047024602,-0.49721816392938045,92631.045,-0.7489551694035185,2,0
1767794566252,2026-01-07,2026-01-07 15:02:46,92009.91,1838062560308.56,61995673262.13,604.9048963044471,0.07899950923064836,0.8839081509152136,92560.69625,-0.5950541345457847,2,0
1767798069074,2026-01-07,2026-01-07 16:01:09,91913.84,1837402876183.19,61510650219.34,562.3582891104543,-0.10441266598348875,-0.7823498274455831,92484.09500000002,-0.616597913403401,2,0
1767801721231,2026-01-07,2026-01-07 17:02:01,91327.46,1826449116239.7,60655736764.84,572.2718098338428,-0.6379670352147038,-1.3898624895875344,92396.48583333334,-1.1569983681648495,2,0
1767805293850,2026-01-07,2026-01-07 18:01:33,91176.91,1822617398898.8,56625748960.38,621.4676199809957,-0.1648463671277023,-6.644034050866631,92336.36333333333,-1.2556844253739008,2,0
1767808898646,2026-01-07,2026-01-07 19:01:38,91229.48,1821321125518.8,54043399053.94,641.9337291232714,0.05765714148460166,-4.560381017206183,92323.21875,-1.1846843782187826,2,0
1767812478638,2026-01-07,2026-01-07 20:01:18,90795.42,1814777587352.79,52311692918.57,711.1010606284201,-0.4757891856886576,-3.2042879716755235,92274.24,-1.6026357952121923,2,0
1767816035813,2026-01-07,2026-01-07 21:00:35,91112.86,1819332492647.38,52368763636.26,748.8297871601206,0.349621159305169,0.10909743979963249,92234.61375,-1.2161960725942798,2,0
1767819656361,2026-01-07,2026-01-07 22:00:56,90942.82,1817626827401.45,51929755062.56,792.0346633191829,-0.18662568598987184,-0.8383023451713378,92172.07875,-1.3336563161758934,2,0
1767823274045,2026-01-07,2026-01-07 23:01:14,90999.34,1817670499237.33,46312985712.3,792.0789655065012,0.062148941499717836,-10.816090589091843,92078.28833333333,-1.1717727955882764,2,0
1767826898244,2026-01-08,2026-01-08 00:01:38,91109.2,1819780647469.86,47696230887.03,777.167671484095,0.12072615032152623,2.986732885940091,91990.53916666667,-0.9580758789443324,2,0
1767830491222,2026-01-08,2026-01-08 01:01:31,91279.57,1823249755458.55,47535758154.98,704.66852523822,0.1869953857568829,-0.33644740698710596,91891.90791666665,-0.666367616637091,2,0
1767834070744,2026-01-08,2026-01-08 02:01:10,91313.47,1823751026813.83,45898600639.78,688.929154633063,0.037138649973922355,-3.4440547048022463,91831.67375,-0.5642974028881844,2,0
1767837739834,2026-01-08,2026-01-08 03:02:19,91326.28,1823902989885.17,44345078811.17,685.8960067709424,0.014028598409421278,-3.3846823366191603,91787.61416666665,-0.502610478390874,2,0
1767841263612,2026-01-08,2026-01-08 04:01:03,90851.58,1815129837152.12,43771559027.31,667.7911962651195,-0.5197846665822792,-1.2933110036903117,91701.78541666665,-0.9271416175852624,2,0
1767844902083,2026-01-08,2026-01-08 05:01:42,90651.93,1811343825902.32,43943791040.87,661.6360295186403,-0.2197540207886428,0.3934792760124095,91614.21500000001,-1.0503664742420353,2,0
1767848503153,2026-01-08,2026-01-08 06:01:43,90908.12,1815784354550.12,43422306982.8,641.5529814628287,0.28260843426057836,-1.186707031227674,91543.53333333334,-0.6941105616053106,2,0
1767852098286,2026-01-08,2026-01-08 07:01:38,90709.9,1811580322252.13,43661086447.5,630.9321785440823,-0.21804432871342927,0.5499004573722432,91469.815,-0.8307822640725885,2,0
1767855730963,2026-01-08,2026-01-08 08:02:10,89801.88,1796693094158.67,46048480123.11,670.8473100817503,-1.0010153246778897,5.468012525251087,91353.50541666667,-1.698484814118125,2,0
1767859295049,2026-01-08,2026-01-08 09:01:35,90436.9,1806151407939.89,47664615148.59,618.6615580185917,0.7071344163396054,3.5096381490969497,91254.20041666667,-0.8956304618690274,2,0
1767862871955,2026-01-08,2026-01-08 10:01:11,90113.11,1799122239638.03,48659963443.39,586.7677089974771,-0.3580286365410523,2.088233150938268,91148.91541666667,-1.1363880874848804,2,0
1767866489642,2026-01-08,2026-01-08 11:01:29,89953.97,1796844643953.6,47110218630.72,624.8338985774113,-0.17660027492114594,-3.1848458219105313,91078.3875,-1.2345601748823187,2,0
1767870102538,2026-01-08,2026-01-08 12:01:42,90336.85,1804083054614.96,47305918907.78,617.5443302098216,0.4256399133912625,0.4154094010771159,91013.69791666667,-0.7436769762793249,2,0
1767873691024,2026-01-08,2026-01-08 13:01:31,90102.42,1799054701688.29,47447712327.96,599.896638995492,-0.25950650260664343,0.29973716493367775,90930.85416666667,-0.9110594794900317,2,0
1767877364313,2026-01-08,2026-01-08 14:02:44,89862.44,1794992566157.9,48429730631.57,598.0544536593983,-0.26634134799042863,2.069685250201858,90844.40250000001,-1.0809279085742336,2,0
1767880821579,2026-01-08,2026-01-08 15:00:21,89799.63,1793247291543.09,48730919281.2,580.7033249529321,-0.06989572061475435,0.6219085790942991,90752.3075,-1.0497556770112877,2,0
1767884530164,2026-01-08,2026-01-08 16:02:10,89832.69,1795365747386.71,48362465449.44,554.5091299561022,0.03681529645500614,-0.756098668350258,90665.59291666666,-0.9186538022557286,2,0
1767888146896,2026-01-08,2026-01-08 17:02:26,90756.33,1809813756621.35,48119031731.13,536.8435357756725,1.0281780496609771,-0.5033525814859496,90641.79583333334,0.12635911018054302,2,0
1767891701429,2026-01-08,2026-01-08 18:01:41,90835.34,1813901705578.02,48878414528.06,526.4678653298384,0.08705728845579408,1.578133993163311,90627.56374999999,0.22926385903208166,2,0
1767895304276,2026-01-08,2026-01-08 19:01:44,91280.78,1822799569388.96,49361100625.37,529.1154286688229,0.49038182716110157,0.9875240471085789,90629.70125,0.7183944568061793,2,0
1767898993841,2026-01-08,2026-01-08 20:03:13,90971.51,1818181567986.97,49121379830.26,532.7219144921787,-0.3388117410916158,-0.4856471838611931,90637.03833333333,0.36902316405859087,2,0
1767902551210,2026-01-08,2026-01-08 21:02:31,90778.54,1813753162502.87,48575750569.35,524.0390818376558,-0.21212135535619847,-1.110777553064346,90623.10833333334,0.17151438471404198,2,0
1767906085507,2026-01-08,2026-01-08 22:01:25,90846.04,1814493120214.36,48221895850.51,521.8396712215772,0.0743567807986345,-0.7284596011230104,90619.07583333335,0.2504595909630281,2,0
1767909770167,2026-01-08,2026-01-08 23:02:50,91186.03,1821812831295.3,48689128182.49,529.0954854403523,0.37424856383394545,0.9689215318875899,90626.85458333332,0.6170085227359469,2,0
1767913289936,2026-01-09,2026-01-09 00:01:29,91144.09,1820450964333.83,49293182116.37,530.5244085826298,-0.04599388744087607,1.2406341136690147,90628.30833333333,0.5691176147408639,2,0
1767916960359,2026-01-09,2026-01-09 01:02:40,91006.18,1817700328476.43,48129297003.09,518.7368600958059,-0.15130986551076253,-2.36114826292273,90616.91708333332,0.4295698079296817,2,0
1767920505980,2026-01-09,2026-01-09 02:01:45,91191.15,1821630177440.97,47902789452.65,512.1547169050989,0.20324993313640682,-0.4706230187103144,90611.82041666667,0.6393532109490276,2,0
1767924109759,2026-01-09,2026-01-09 03:01:49,90958.34,1816424421660.03,48539030013.36,495.0598971976594,-0.2552988968775982,1.3281910468677438,90596.48958333333,0.3994088715035998,2,0
1767927617599,2026-01-09,2026-01-09 04:00:17,90994.72,1817505780177.0,48385321375.6,499.1123239866821,0.039996332386893485,-0.3166701883364653,90602.45374999999,0.4329532300332597,2,0
1767931369337,2026-01-09,2026-01-09 05:02:49,91102.68,1819679855890.01,46906111566.98,509.42910623437905,0.11864424661123252,-3.057145775962411,90621.235,0.5312717267646953,2,0
1767934894460,2026-01-09,2026-01-09 06:01:34,90931.49,1815983764865.59,46773377470.3,510.0233043982422,-0.18790885185813178,-0.28297825644844066,90622.20875,0.3412863736892751,2,0
1767938484537,2026-01-09,2026-01-09 07:01:24,90914.96,1815890705126.71,46798364487.69,513.2635650553829,-0.018178520994216463,0.05342145199127568,90630.75291666666,0.3135879093872972,2,0
1767942134822,2026-01-09,2026-01-09 08:02:14,91008.34,1818040672302.75,43340063854.82,486.96050016614635,0.10271136895401156,-7.389789516639378,90681.02208333334,0.36095525739206624,2,0
1767945716024,2026-01-09,2026-01-09 09:01:56,90671.47,1811013318590.43,42723007936.81,484.1938698494458,-0.3701528892846473,-1.4237540583165953,90690.79583333334,-0.021309586221794796,2,0
1767949278721,2026-01-09,2026-01-09 10:01:18,89875.94,1793775440630.37,43942919039.65,498.6996375869042,-0.8773763125269674,2.85539610095884,90680.91375,-0.8876992045087376,2,0
1767952926049,2026-01-09,2026-01-09 11:02:06,90217.91,1802305530831.02,43592062514.22,484.68515701361326,0.3804911525820964,-0.798437002133201,90691.91125,-0.5226499733734535,2,0
1767956544669,2026-01-09,2026-01-09 12:02:24,90415.79,1805940969924.46,43161255888.01,482.43350249170425,0.21933560642226624,-0.9882685089044996,90695.20041666667,-0.30807629883723614,2,0
1767960072652,2026-01-09,2026-01-09 13:01:12,90375.88,1805316439739.83,42749219690.38,470.9162667566069,-0.04414052014586334,-0.9546436709328199,90706.59458333334,-0.36459816935305894,2,0
1767963819347,2026-01-09,2026-01-09 14:03:39,90356.61,1804728056053.36,42318706632.38,442.33796240331947,-0.02132206070912801,-1.007066470728779,90727.185,-0.4084497937415308,2,0
1767967236635,2026-01-09,2026-01-09 15:00:36,90523.67,1809193353904.57,43010375497.31,398.88230124911814,0.18488962788665297,1.6344281760274137,90757.35333333333,-0.25748143235850307,2,0
1767970955766,2026-01-09,2026-01-09 16:02:35,90014.43,1798603396585.44,41639378843.47,381.9298620333815,-0.5625489996152422,-3.1875951743916886,90764.92583333334,-0.8268566590484999,2,0
1767974526960,2026-01-09,2026-01-09 17:02:06,91106.58,1819216382335.08,44540242667.34,388.22684253610953,1.2133054666901844,6.96663568103375,90779.51958333333,0.36027995980573696,2,0
1767978015493,2026-01-09,2026-01-09 18:00:15,91516.65,1825318757148.85,44898816875.54,416.3749475539134,0.45009921347063386,0.8050567009212362,90807.90749999999,0.7804854439576285,2,0
1767981840980,2026-01-09,2026-01-09 19:04:00,91315.92,1824069207649.19,44466502503.67,418.1680064875833,-0.21933713701276503,-0.9628636163585003,90809.37166666666,0.5578150404924318,2,0
1767985371939,2026-01-09,2026-01-09 20:02:51,90576.41,1813611200580.61,44956129281.92,419.28308602409044,-0.8098368827691771,1.1011137613298638,90792.90916666666,-0.23845382712568225,2,0
1767988895859,2026-01-09,2026-01-09 21:01:35,90184.18,1802995421191.97,44938480962.31,437.3331454839963,-0.4330376971222516,-0.03925675962742625,90768.14416666667,-0.6433580547757026,2,0
1767992510049,2026-01-09,2026-01-09 22:01:50,90181.27,1801501712196.02,44615625927.39,452.9577517398353,-0.003226730009620038,-0.7184378020938853,90740.44541666667,-0.6162361382501645,2,0
1767996110510,2026-01-09,2026-01-09 23:01:50,90382.08,1804725963403.87,44247854955.78,448.27573873880243,0.22267373258326728,-0.8243097882534078,90706.9475,-0.35815062567284944,2,0
1767999690544,2026-01-10,2026-01-10 00:01:30,90501.13,1807592629452.0,43007078493.55,440.1540517009615,0.13171858846354745,-2.8041505367209174,90680.15750000002,-0.19742742506817001,2,0
1768003342057,2026-01-10,2026-01-10 01:02:22,90513.11,1807824753535.54,42873449054.49,435.76034654620355,0.013237403776056311,-0.31071498865017366,90659.61291666667,-0.16159667127779206,2,0
1768006910934,2026-01-10,2026-01-10 02:01:50,90479.05,1806475505218.23,42706598354.81,422.02130210027525,-0.03762990797686605,-0.38917022856720385,90629.94208333333,-0.16649252980276785,2,0
1768010548519,2026-01-10,2026-01-10 03:02:28,90584.38,1808966599186.56,41961718033.56,416.2330721721761,0.11641368913577477,-1.7441808758952737,90614.36041666666,-0.03308572342043905,2,0
1768014146947,2026-01-10,2026-01-10 04:02:26,90563.21,1808965454090.91,41204612585.92,408.33351144008964,-0.02337047513047974,-1.8042765718850773,90596.38083333334,-0.036613861423846844,2,0
1768017742612,2026-01-10,2026-01-10 05:02:22,90516.42,1807875013818.38,40233023648.28,394.0132376690769,-0.051665571483172634,-2.35796158892172,90571.95333333332,-0.06131405064098089,2,0
1768021339480,2026-01-10,2026-01-10 06:02:19,90337.11,1804305650869.56,40293986344.33,389.08098989583044,-0.1980966547284968,0.15152402310834034,90547.1875,-0.23200886278218127,2,0
1768024805972,2026-01-10,2026-01-10 07:00:05,90477.1,1807300409342.13,39761868404.61,381.27358881520564,0.15496400095156293,-1.3205889711998653,90528.94333333334,-0.0572671362598891,2,0
1768028558275,2026-01-10,2026-01-10 08:02:38,90411.41,1805872347742.77,39293887266.51,367.8755500150243,-0.07260400698076985,-1.1769596270927218,90504.07125,-0.10238351570288073,2,0
1768032086469,2026-01-10,2026-01-10 09:01:26,90550.13,1808644136948.22,38760326974.21,366.30536435715345,0.15343196174022466,-1.3578709804940914,90499.01541666668,0.05648081705418754,2,0
1768035696994,2026-01-10,2026-01-10 10:01:36,90536.31,1808171107843.07,36533016940.62,341.4246886462031,-0.01526226411823206,-5.746365439775536,90526.53083333334,0.010802542168178423,2,0
1768039384886,2026-01-10,2026-01-10 11:03:04,90626.47,1810136127091.6,36000687374.64,335.50188100260937,0.09958435460866166,-1.457119095434245,90543.55416666665,0.09157563351303956,2,0
1768042868105,2026-01-10,2026-01-10 12:01:08,90706.43,1811771902639.75,35174801900.69,335.9347752423966,0.08823029298172802,-2.2940825139127097,90555.66416666667,0.16648967761513075,2,0
1768046549171,2026-01-10,2026-01-10 13:02:29,90610.95,1809862459252.31,34092393704.5,333.8856708824182,-0.10526265888757269,-3.077226132633226,90565.45875,0.05023024299536477,2,0
1768050160498,2026-01-10,2026-01-10 14:02:40,90615.83,1809727044497.31,32455387346.84,331.0163150128122,0.005385662549617365,-4.801676209212391,90576.25958333333,0.04368740423671726,2,0
1768053695090,2026-01-10,2026-01-10 15:01:35,90535.43,1808350616628.25,30924463655.96,330.94377866858895,-0.08872621924890245,-4.71700945830511,90576.74958333334,-0.045618311016260876,2,0
1768057342314,2026-01-10,2026-01-10 16:02:22,90457.59,1806868156855.55,29597282633.93,309.89898703534453,-0.08597739028797236,-4.291686468018064,90595.21458333333,-0.15191153745405045,2,0
1768060906849,2026-01-10,2026-01-10 17:01:46,90543.9,1808523769782.88,23529493654.51,290.1878218092538,0.09541487895046163,-20.501169159576683,90571.76958333333,-0.03077071747802264,2,0
1768064533277,2026-01-10,2026-01-10 18:02:13,90562.08,1808743209383.88,20472742019.24,209.1529928892875,0.020078657976974057,-12.991149236584176,90531.99583333333,0.033230424657876186,2,0
1768068052634,2026-01-10,2026-01-10 19:00:52,90435.07,1806862841248.2,19363245209.55,126.60498306931967,-0.14024633709825984,-5.419385486552375,90495.29375,-0.06654904084444735,2,0
1768071621369,2026-01-10,2026-01-10 20:00:21,90467.63,1807017235524.68,17962872462.19,125.51724144057481,0.036003731738132316,-7.2321180267310385,90490.76125,-0.02556200177837632,2,0
1768075375860,2026-01-10,2026-01-10 21:02:55,90510.83,1807953945905.95,15964341069.87,107.20158600069207,0.04775188650349982,-11.12590091883523,90504.37166666666,0.007135935219935548,2,0
1768078944613,2026-01-10,2026-01-10 22:02:24,90448.41,1806739683400.14,14921752720.01,83.42757110243136,-0.06896412285689602,-6.530732119145899,90515.5025,-0.07412266202687084,2,0
1768082463273,2026-01-10,2026-01-10 23:01:03,90389.71,1805459694090.07,14614595011.99,82.90996560098817,-0.06489887439701247,-2.0584559587836004,90515.82041666667,-0.1393241712732044,2,0
1768086014104,2026-01-11,2026-01-11 00:00:14,90363.86,1804978804460.34,14103174744.58,88.51294864606717,-0.028598388024481114,-3.4993803590891437,90510.10083333333,-0.16157404752273974,2,0
1768089620082,2026-01-11,2026-01-11 01:00:20,90442.02,1806483854865.5,13961660357.41,89.5908181615399,0.08649475575746024,-1.00342220622619,90507.13875,-0.07194874448507983,2,0
1768093349593,2026-01-11,2026-01-11 02:02:29,90501.28,1807708999081.42,13561459507.49,89.40250813793918,0.0655226409140397,-2.8664273422723485,90508.065,-0.00749656950461099,2,0
1768096894340,2026-01-11,2026-01-11 03:01:34,90512.08,1807857158950.74,13676809835.54,87.92509951314916,0.011933532873786845,0.8505745859160196,90505.0525,0.007764759873484971,2,0
1768100506339,2026-01-11,2026-01-11 04:01:46,90592.97,1809506494950.17,13691617917.69,88.984420097282,0.08936928639802222,0.10827146336069848,90506.2925,0.09576958419770121,2,0
1768104166700,2026-01-11,2026-01-11 05:02:46,90606.46,1809872427843.06,13527764063.31,91.29797921343135,0.014890780156573413,-1.1967457415554716,90510.04416666667,0.10652500970587404,2,0
1768107717896,2026-01-11,2026-01-11 06:01:57,90671.41,1811063141047.84,13442121447.04,89.24528216602657,0.07168363050493731,-0.6330877436152127,90523.97333333333,0.16287029969815245,2,0
1768111209731,2026-01-11,2026-01-11 07:00:09,90647.32,1810618773592.07,13525520796.63,92.07713552625995,-0.026568462980769425,0.6204329422150989,90531.06583333334,0.12841356234630916,2,0
1768114939457,2026-01-11,2026-01-11 08:02:19,90629.49,1810218221886.49,13765031949.34,90.50264282984666,-0.01966963833017754,1.7708090971970458,90540.15250000001,0.09867169154590741,2,0
1768118472317,2026-01-11,2026-01-11 09:01:12,90591.02,1809448221022.95,13840357398.79,91.08167332813093,-0.04244755211576523,0.5472232082513351,90541.85625,0.054299472129506934,2,0
1768122169909,2026-01-11,2026-01-11 10:02:49,90667.37,1811023704110.97,13817961717.11,94.59577196801324,0.08427987674715087,-0.16181433061807082,90547.31708333333,0.1325858352668575,2,0
1768125766410,2026-01-11,2026-01-11 11:02:46,90618.28,1810018097325.2,13941279881.11,94.31216395212766,-0.05414296234687033,0.8924482968229785,90546.97583333333,0.07874825858117637,2,0
1768129289147,2026-01-11,2026-01-11 12:01:29,90609.86,1809952231783.22,13743520729.24,89.13113246348625,-0.009291723480076008,-1.4185150399136481,90542.95208333334,0.07389632779488246,2,0
1768132854283,2026-01-11,2026-01-11 13:00:54,90594.03,1809620450171.2,13804880583.3,88.63544293220741,-0.017470504865590986,0.4464638666382914,90542.24708333334,0.057191994162684494,2,0
1768136619587,2026-01-11,2026-01-11 14:03:39,90832.95,1814330952423.49,14284862359.12,105.87586824731996,0.26372598724220264,3.476899151164292,90551.29375,0.3110460804432184,2,0
1768140066444,2026-01-11,2026-01-11 15:01:06,90735.04,1812447209755.66,14524905066.6,112.22530536820905,-0.10779128058705512,1.6803991627315051,90559.61083333334,0.19371678505720982,2,0
1768143781702,2026-01-11,2026-01-11 16:03:01,90965.75,1818030671423.58,15034568165.17,137.2803022690394,0.254267810980191,3.508891082131549,90580.78416666666,0.42499724072271966,2,0
1768147222939,2026-01-11,2026-01-11 17:00:22,90683.21,1811258265147.67,15202687212.13,138.5918695579414,-0.3106004182892974,1.1182166665050897,90586.58875,0.1066617601272805,2,0
1768150871683,2026-01-11,2026-01-11 18:01:11,90910.27,1815868952969.53,15383806894.08,153.3530462612492,0.2503881368998817,1.191366232974178,90601.09666666666,0.3412467891761055,2,0
1768154520521,2026-01-11,2026-01-11 19:02:00,90845.08,1814765128144.97,16585092360.92,156.85123260558478,-0.07170806994633017,7.808765899825998,90618.18041666667,0.2503907960742944,2,0
1768158118673,2026-01-11,2026-01-11 20:01:58,90765.54,1812097087586.57,16880497328.47,156.20563338740058,-0.08755564968406793,1.7811475578277225,90630.59333333334,0.14889747678284623,2,0
1768161693301,2026-01-11,2026-01-11 21:01:33,90568.91,1809605495699.85,17341399878.07,154.71230267051055,-0.2166350797890848,2.7303848970294142,90633.01333333332,-0.07072845862197749,2,0
1768165379136,2026-01-11,2026-01-11 22:02:59,90529.89,1808999387374.23,18309842052.89,151.3425467269081,-0.04308321696706585,5.584567460696732,90636.40833333333,-0.11752267691542222,2,0
1768168975996,2026-01-11,2026-01-11 23:02:55,90560.71,1810595912679.8,18534269510.17,143.01973462870842,0.03404400469282365,1.2257203346250245,90643.53333333334,-0.09137257815045499,2,0
1768172509470,2026-01-12,2026-01-12 00:01:49,90438.21,1806448531833.79,18718274267.58,137.3929608782151,-0.13526837411058645,0.9927812763758315,90646.63124999999,-0.22992718772434786,2,0
1768176187416,2026-01-12,2026-01-12 01:03:07,90819.37,1814078415941.01,19870776213.77,134.52118963442453,0.42145902710810645,6.157095091752818,90662.35416666667,0.17318746548835257,2,0
1768179683236,2026-01-12,2026-01-12 02:01:23,91132.03,1820332672439.96,21697624361.22,160.7429034754892,0.34426576621264804,9.193642602567454,90688.63541666667,0.48891967697624067,2,0
1768183322693,2026-01-12,2026-01-12 03:02:02,91307.33,1823577076079.61,23689331096.67,199.9500693755305,0.19235827403383254,9.179376978291497,90721.77083333333,0.6454450362773617,2,0
1768186846391,2026-01-12,2026-01-12 04:00:46,92107.88,1841044705553.52,26305178862.94,344.4356852950982,0.8767642203533876,11.04230320221118,90784.89208333334,1.4572776221976085,2,0
1768190485014,2026-01-12,2026-01-12 05:01:25,91817.82,1834194124291.59,27875726999.95,401.2256952199254,-0.3149133385764613,5.9704902414583705,90835.36541666667,1.081577179578425,2,0
1768194087765,2026-01-12,2026-01-12 06:01:27,92050.8,1838687019245.01,28776376522.69,469.6764532893544,0.2537415939520171,3.230945412622299,90892.84000000001,1.2739837373328766,2,0
1768197686154,2026-01-12,2026-01-12 07:01:26,92000.56,1837509040736.84,29734511564.87,517.694236533199,-0.054578558795803644,3.3295889127128886,90949.22499999999,1.1559581733654207,2,0
1768201300488,2026-01-12,2026-01-12 08:01:40,91685.53,1831434487383.17,29755505236.46,533.960407307117,-0.34242182873669424,0.07060372101355128,90993.22666666667,0.7608295240143841,2,0
1768204886310,2026-01-12,2026-01-12 09:01:26,91286.86,1823533657831.78,30852123694.01,530.0488530320315,-0.4348232485540504,3.6854304735726373,91022.21999999999,0.2907421945982135,2,0
1768208487848,2026-01-12,2026-01-12 10:01:27,90554.36,1806718169524.82,33185500428.62,533.8267677438165,-0.8024155940953626,7.563099246432192,91017.51125,-0.5088594970783662,2,0
1768212093250,2026-01-12,2026-01-12 11:01:33,90645.65,1810970753995.02,33784271311.49,532.9653467055597,0.10081237391550424,1.804314761375747,91018.65166666667,-0.40980794577435004,2,0
1768215741832,2026-01-12,2026-01-12 12:02:21,90321.6,1803491462033.57,34918321370.61,545.6749133590532,-0.3574909551644079,3.356739734487957,91006.64083333332,-0.7527371926493585,2,0
1768219296459,2026-01-12,2026-01-12 13:01:36,90520.63,1808626984592.82,35729848497.16,548.2874485421218,0.2203570353049633,2.324072563330737,91003.5825,-0.5306961404513931,2,0
1768222968300,2026-01-12,2026-01-12 14:02:48,90637.38,1811036594348.6,36085831380.73,552.3717664752038,0.12897612400619707,0.9963179205707995,90995.43375000001,-0.39348540387611086,2,0
1768226510032,2026-01-12,2026-01-12 15:01:50,90547.39,1809093079072.72,36221629978.64,557.5219310021736,-0.09928574722702921,0.3763211008698475,90987.61499999999,-0.48382958493855593,2,0
1768230021049,2026-01-12,2026-01-12 16:00:21,90777.48,1814022162274.1,39235123460.66,559.1650577621273,0.25411003011792666,8.319596560941811,90979.77041666665,-0.22234658951128553,2,0
1768233676075,2026-01-12,2026-01-12 17:01:16,91573.11,1827865707381.82,40921486812.16,568.0789501127987,0.8764618713804406,4.2980962024775415,91016.84958333334,0.6111620202337977,2,0
1768237341643,2026-01-12,2026-01-12 18:02:21,92067.65,1839071793435.46,43473960841.12,606.4660130258492,0.5400493660202121,6.237490931540446,91065.07375,1.1009448614211421,2,0
1768241016356,2026-01-12,2026-01-12 19:03:36,91432.2,1826259500990.25,45643595527.75,609.0421951224165,-0.6901990004089309,4.990653358131203,91089.53708333334,0.3761825206699294,2,0
1768244498825,2026-01-12,2026-01-12 20:01:38,91555.82,1830197089624.93,47188714028.93,612.1192033742587,0.13520400909090569,3.385181389228231,91122.46541666666,0.4755738130567372,2,0
1768248123835,2026-01-12,2026-01-12 21:02:03,91771.06,1832872336647.0,47494277606.38,614.0352730915351,0.23509155398311332,0.6475352925758182,91172.555,0.6564530301909437,2,0
1768251695169,2026-01-12,2026-01-12 22:01:35,91393.04,1825108156468.79,47448499845.93,599.8716088975125,-0.41191634922818077,-0.09638584426820973,91208.51958333334,0.20230611954847405,2,0
1768255336182,2026-01-12,2026-01-12 23:02:16,91101.08,1815735628226.43,48369863819.14,584.4423628670746,-0.3194553983541737,1.9418189746815084,91231.03499999999,-0.1424460437174556,2,0
1768258876012,2026-01-13,2026-01-13 00:01:16,91152.85,1821200849708.08,48349188110.06,559.9859452175484,0.05682698822011556,-0.04274502230833255,91260.81166666666,-0.11830013857534931,2,0
1768262494919,2026-01-13,2026-01-13 01:01:34,91134.97,1820530763450.67,46923085427.63,552.8288198516648,-0.019615404235862055,-2.9495897204802723,91273.96166666667,-0.1522796470413626,2,0
1768266121868,2026-01-13,2026-01-13 02:02:01,91292.39,1823633458649.85,46597867324.86,552.0072749499919,0.17273281595417966,-0.6930876343832604,91280.64333333333,0.012868737815286283,2,0
1768269699416,2026-01-13,2026-01-13 03:01:39,91063.01,1818951426165.74,45161825902.17,553.743844356695,-0.2512586207897516,-3.081774993431674,91270.46333333332,-0.22729514648750426,2,0
1768273319186,2026-01-13,2026-01-13 04:01:59,91030.84,1819923905121.99,42744373440.08,525.8682403146429,-0.035327187186096065,-5.352866970717052,91225.58666666667,-0.21347811922357596,2,0
1768276900683,2026-01-13,2026-01-13 05:01:40,91287.11,1822757408382.05,41244630443.65,510.8249762107458,0.2815199771857513,-3.5086325420873754,91203.47375,0.09170292156771706,2,0
1768280469476,2026-01-13,2026-01-13 06:01:09,91393.29,1825552508104.53,40725177487.12,480.11433067115655,0.11631434054599765,-1.2594438377613648,91176.0775,0.23823409161245632,2,0
1768284139936,2026-01-13,2026-01-13 07:02:19,91890.93,1835649845565.51,42328788544.25,472.3883187594854,0.5445038689382953,3.9376404378769436,91171.50958333333,0.7890846822154348,2,0
1768287804749,2026-01-13,2026-01-13 08:03:24,92041.39,1839972772317.74,43115988148.65,494.30078334295507,0.16373759630030627,1.859726279614815,91186.33708333333,0.9376985017889818,2,0
1768291265227,2026-01-13,2026-01-13 09:01:05,91845.55,1834519352257.61,45813432069.09,512.0766030244822,-0.212773840116931,6.256249795644431,91209.61583333334,0.6972227224689735,2,0
1768294891088,2026-01-13,2026-01-13 10:01:31,92068.62,1838881412085.52,44035218037.63,521.0400663811986,0.24287513113046,-3.88142505625495,91272.70999999998,0.8720131132295932,2,0
1768298597098,2026-01-13,2026-01-13 11:03:17,92142.92,1841087541163.68,45463557165.21,532.2125845193157,0.08070067738605857,3.243629056995756,91335.09625,0.8844614865120874,2,0
1768302102096,2026-01-13,2026-01-13 12:01:42,91991.89,1837540667287.64,44645958061.7,502.28669539581495,-0.16390841531829237,-1.7983614888270383,91404.69166666665,0.6424159664306236,2,0
1768305694653,2026-01-13,2026-01-13 13:01:34,91920.04,1835717945183.39,45231290902.91,475.720747777181,-0.07810471118704365,1.311054497701858,91463.00041666666,0.4996988741362658,2,0
1768309394604,2026-01-13,2026-01-13 14:03:14,91961.64,1836966737283.16,45398239156.0,452.0031883501856,0.045256725301690004,0.3690990236125513,91518.17791666667,0.484561748745843,2,0
1768312904371,2026-01-13,2026-01-13 15:01:44,92115.73,1838458329206.23,47754830279.5,417.6128073275075,0.16755899525062734,5.190930677734329,91583.52541666666,0.5811138858348505,2,0
1768316516467,2026-01-13,2026-01-13 16:01:56,92439.18,1846669313516.23,47961944782.74,415.91147186742796,0.3511343828030311,0.4337037782938369,91652.76291666667,0.8580396905746881,2,0
1768320101787,2026-01-13,2026-01-13 17:01:41,93202.18,1854766973498.61,49118422280.81,521.8014339640333,0.8254075815038675,2.4112397929413776,91720.64083333332,1.615273457758316,2,0
1768323725112,2026-01-13,2026-01-13 18:02:05,93623.54,1869617453155.05,50218413913.78,648.1447909933587,0.4520924295976725,2.2394685779631773,91785.46958333334,2.002572329815063,2,0
1768327251642,2026-01-13,2026-01-13 19:00:51,93209.71,1862502532257.55,49566741941.18,705.0785402771902,-0.4420149035167742,-1.2976753382113015,91859.53249999999,1.46982840349206,2,0
1768331013345,2026-01-13,2026-01-13 20:03:33,93573.87,1868398359730.37,49874552576.52,783.2803210027167,0.39068890998585903,0.6210023561872724,91943.61791666667,1.7730997760071925,2,0
1768334466130,2026-01-13,2026-01-13 21:01:06,94135.52,1880407344426.29,52266358245.72,900.5519874598936,0.6002209804938152,4.795643360470003,92042.13708333333,2.2743745234547923,2,0
1768338216446,2026-01-13,2026-01-13 22:03:36,94430.05,1885740585244.95,55629738947.08,1011.8719370381161,0.3128787093330976,6.435077580013759,92168.67916666665,2.4535133342251334,2,0
1768341732658,2026-01-13,2026-01-13 23:02:12,94070.58,1879329647787.97,57159119859.27,1056.2319374108108,-0.38067331320909004,2.7492146127898964,92292.40833333333,1.9266716502233179,2,0
1768345247158,2026-01-14,2026-01-14 00:00:47,95724.32,1909668940186.29,64176799748.99,1238.302769747536,1.7579778927694578,12.277445676207144,92482.88625,3.504901156780248,2,-1
1768348945762,2026-01-14,2026-01-14 01:02:25,95260.44,1902289955573.26,66844465446.74,1326.2703001831728,-0.4845999428358505,4.15674466190874,92654.78083333334,2.812223118150485,1,0
1768352421846,2026-01-14,2026-01-14 02:00:21,95214.28,1902557690107.25,68168187505.06,1391.1346619453936,-0.04845663110520926,1.980301659192274,92818.19291666667,2.5814843060827193,1,0
1768356100946,2026-01-14,2026-01-14 03:01:40,95231.78,1901881578837.7,69161104449.01,1422.3603361735572,0.01837959600177186,1.4565693768464838,92991.89166666668,2.408692083996199,1,0
1768359705765,2026-01-14,2026-01-14 04:01:45,95281.6,1902918999704.88,69945608415.72,1432.171846489207,0.052314468972447514,1.1343138212727588,93169.00666666665,2.2674850885677427,1,0
1768363316185,2026-01-14,2026-01-14 05:01:56,95671.12,1909731496109.93,68445162426.67,1460.9986801765428,0.40880925593187456,-2.145161108803484,93351.67375,2.484632740717189,1,0
1768366885441,2026-01-14,2026-01-14 06:01:25,95171.14,1901346792238.36,68400904504.62,1444.2451297417886,-0.5226028502645308,-0.06466187014664282,93509.08416666667,1.7774271325029272,1,0
1768370513085,2026-01-14,2026-01-14 07:01:53,94961.63,1896919116216.45,67435660412.79,1430.6124425881267,-0.22014026521064434,-1.4111569120621836,93637.02999999998,1.4146112921351954,1,0
1768374123644,2026-01-14,2026-01-14 08:02:03,94919.47,1896151991504.84,68757711904.65,1411.5431132170881,-0.044396879034203085,1.960463475507468,93756.95000000001,1.2399294132328211,1,0
1768377737136,2026-01-14,2026-01-14 09:02:17,95174.5,1901156011606.81,69076287083.89,1378.7311899049805,0.26868038770127,0.46333010569314936,93895.65625,1.3619839309659225,1,0
1768381329666,2026-01-14,2026-01-14 10:02:09,94872.55,1895205763016.2,68440947868.01,1335.296231458018,-0.31725934993090954,-0.9197645714634439,94012.48666666668,0.9148394684876162,1,0
1768384967875,2026-01-14,2026-01-14 11:02:47,95048.54,1898441461219.66,67511340667.12,1289.3496748227628,0.18550149648133285,-1.3582617275885278,94133.55416666665,0.9720081658802834,1,0
1768388415020,2026-01-14,2026-01-14 12:00:15,95117.49,1899770491436.13,67897139347.29,1219.5877144752292,0.07254188228458247,0.5714575897289187,94263.78750000002,0.9056526611557856,1,0
1768392086945,2026-01-14,2026-01-14 13:01:26,94736.56,1892155901780.14,67807910786.75,1115.306454947137,-0.4004836544782786,-0.13141726057647185,94381.1425,0.3765768145898381,2,0
1768395778492,2026-01-14,2026-01-14 14:02:58,95031.54,1897858206330.93,67253302207.75,995.3422223586236,0.31136870496457636,-0.8179113212088085,94509.055,0.5528412065912633,2,0
1768399260464,2026-01-14,2026-01-14 15:01:00,94939.89,1895487294970.32,66641663931.76,857.4869027155175,-0.0964416655775513,-0.9094546377821033,94626.72833333333,0.33094419746133413,2,0
1768402925124,2026-01-14,2026-01-14 16:02:05,96447.19,1926832781521.62,69618802681.07,801.3819791782626,1.587636134821735,4.467383576074191,94793.72875,1.7442728245881007,2,0
1768406487366,2026-01-14,2026-01-14 17:01:27,96740.64,1932676850224.91,72578629537.51,821.0979116964422,0.30425977159105333,4.251476242703034,94941.16458333335,1.8953584828709236,2,0
1768410066224,2026-01-14,2026-01-14 18:01:06,97258.43,1942160314052.44,74044234017.83,899.0262292676939,0.5352352434302654,2.0193333625327714,95092.61833333333,2.2775812724755604,2,0
1768413698260,2026-01-14,2026-01-14 19:01:38,96943.94,1937480594841.91,76363147060.49,881.9626356447525,-0.3233550037770372,3.1317942219533323,95248.21125000001,1.7803260846013993,2,0
1768417317570,2026-01-14,2026-01-14 20:01:57,96770.23,1934244282007.27,77843880830.71,859.1745782846161,-0.1791860326700201,1.9390685523307027,95381.39291666668,1.4560880700774876,2,0
1768420963195,2026-01-14,2026-01-14 21:02:43,97243.4,1942944953948.26,77685360659.32,896.625997368754,0.48896235960169676,-0.2036385772373528,95510.88791666667,1.8139419715634288,2,0
1768424557876,2026-01-14,2026-01-14 22:02:37,97511.39,1949238576961.7,77010362094.08,953.9110666122642,0.2755868264581407,-0.8688877280239815,95639.27708333335,1.9574728853663574,2,0
1768428158403,2026-01-14,2026-01-14 23:02:38,97538.1,1948135872110.79,75322654210.5,968.4702430642928,0.027391671885723667,-2.191533499762288,95783.75708333333,1.831566196699061,2,0
1768431688778,2026-01-15,2026-01-15 00:01:28,96918.07,1936028652844.02,70503149367.24,995.5608528026199,-0.6356798010213383,-6.398479838205374,95833.49666666666,1.1317267667961348,2,0
1768435305890,2026-01-15,2026-01-15 01:01:45,96933.53,1936846682124.81,67432894690.82,1012.128563523217,0.015951617691101205,-4.354776636186175,95903.20874999999,1.074334491441099,2,0
1768438962044,2026-01-15,2026-01-15 02:02:42,96711.16,1930473424813.73,68225079731.85,1013.9483578198956,-0.22940462397272876,1.1747753743364786,95965.57875,0.7769257057703128,2,0
1768442523101,2026-01-15,2026-01-15 03:02:03,96430.1,1926194208334.67,67577864536.25,1005.713818143078,-0.2906179597059966,-0.9486470344099218,96015.50875,0.43179612897693703,2,0
1768446173253,2026-01-15,2026-01-15 04:02:53,96316.17,1923504872409.9,67159627678.03,995.0041374353842,-0.11814775676890488,-0.618896233389632,96058.61583333334,0.26812187999202886,2,0
1768449687820,2026-01-15,2026-01-15 05:01:27,95934.03,1915036691814.39,67487867785.94,991.9951987595016,-0.3967558095385182,0.4887461697727469,96069.57041666667,-0.14108569037918386,2,0
1768453425942,2026-01-15,2026-01-15 06:03:45,96390.93,1921036608407.14,68080498612.49,975.0663825791562,0.4762647832057043,0.8781294268026318,96120.395,0.2814543157047876,2,0
1768456977671,2026-01-15,2026-01-15 07:02:57,96404.04,1925230237628.92,67295384541.55,944.512321341686,0.013600864728657847,-1.1532143373520487,96180.49541666667,0.23242195038078842,2,0
1768460624673,2026-01-15,2026-01-15 08:03:44,96266.24,1923009906265.52,66833569693.35,905.5378788613307,-0.1429400676569048,-0.6862504038666506,96236.61083333332,0.030787832624315194,2,0
1768464141002,2026-01-15,2026-01-15 09:02:21,96544.38,1928995056930.74,66354217161.59,878.4478782788896,0.28892787336454173,-0.7172331718317548,96293.68916666666,0.26033983691230433,2,0
1768467698422,2026-01-15,2026-01-15 10:01:38,96604.17,1929792510744.58,66680979977.69,826.2079302564412,0.06193006780921273,0.49245222094060903,96365.84000000001,0.24731792925790627,2,0
1768471431453,2026-01-15,2026-01-15 11:03:51,96990.85,1938153243842.07,67524483710.35,785.698730389613,0.4002725762252357,1.2649840073469365,96446.76958333334,0.5641250806192732,2,0
1768474970892,2026-01-15,2026-01-15 12:02:50,96798.16,1933365598310.38,66876762184.09,735.3560089915309,-0.1986682248892535,-0.9592395093880879,96516.79749999999,0.29151661398630374,2,0
1768478580499,2026-01-15,2026-01-15 13:03:00,96532.65,1928484071707.98,67120362504.73,630.1761723112916,-0.2742924039052075,0.36425256349799096,96591.63458333333,-0.061065933491838885,2,0
1768482200248,2026-01-15,2026-01-15 14:03:20,96937.8,1936593636263.74,67275881684.98,538.4491461202402,0.4197025565961354,0.23170193730559507,96671.06208333334,0.27592322968038674,2,0
1768485717356,2026-01-15,2026-01-15 15:01:57,96875.02,1935523703519.24,66629841816.52,393.2553003860493,-0.06476317803787435,-0.9602845065414312,96751.6925,0.12746805437021105,2,0
1768489420035,2026-01-15,2026-01-15 16:03:40,96203.14,1919000646971.86,65255721970.17,404.4669174837243,-0.6935534052018855,-2.062318938312868,96741.52375000001,-0.556517748667369,2,0
1768492914416,2026-01-15,2026-01-15 17:01:54,95648.34,1908970112000.4,64114889811.24,461.9423470187746,-0.5766963531543823,-1.7482484669336773,96696.01125,-1.0834689419518322,2,0
1768496490921,2026-01-15,2026-01-15 18:01:30,96711.7,1932857160209.06,62448346002.79,446.21419036020365,1.1117391059792592,-2.5993085433921093,96673.23083333332,0.03979298750550543,2,0
1768500161739,2026-01-15,2026-01-15 19:02:41,96554.47,1929207900645.42,61980309508.89,443.0116192668534,-0.16257598615265767,-0.7494778066325258,96657.00291666666,-0.10607913919601113,2,0
1768503655817,2026-01-15,2026-01-15 20:00:55,95812.02,1914079086248.1,63018761254.88,474.4279211337212,-0.76894420320468,1.6754542760730295,96617.0775,-0.8332455512329022,2,0
1768507366310,2026-01-15,2026-01-15 21:02:46,95447.66,1906683564097.38,63189153795.59,511.51005188936153,-0.3802863148068436,0.2703838306513884,96542.255,-1.1337988738713438,2,0
1768510914841,2026-01-15,2026-01-15 22:01:54,95250.98,1901333594488.13,61699373769.94,532.9594507085868,-0.20606057812209144,-2.3576514894775635,96448.07125,-1.241176971696049,2,0
1768514530326,2026-01-15,2026-01-15 23:02:10,95549.76,1908888375217.47,61511901784.75,510.20559701523024,0.31367656269782884,-0.3038474683536241,96365.22375,-0.846222027269469,2,0
1768518132255,2026-01-16,2026-01-16 00:02:12,95576.1,1910074630609.92,59852442785.96,520.4164211876661,0.02756678823683245,-2.697785226340399,96309.30833333333,-0.7613057824023017,2,0
1768521696477,2026-01-16,2026-01-16 01:01:36,95584.83,1909227332523.16,59629891835.22,522.8928574714558,0.009134082683837086,-0.37183269450817846,96253.1125,-0.6942970285766096,2,0
1768525232885,2026-01-16,2026-01-16 02:00:32,95593.94,1909876105440.43,58405964018.64,530.0239116656973,0.009530801069579375,-2.052540729005814,96206.56166666666,-0.636777425628462,2,0
1768528899136,2026-01-16,2026-01-16 03:01:39,95616.39,1911219596568.49,57344176219.71,541.0146542547418,0.023484752276137222,-1.8179441376759642,96172.65708333334,-0.578404611251757,2,0
1768532487301,2026-01-16,2026-01-16 04:01:27,95496.63,1907160035105.9,57048472630.62,557.1846586702661,-0.12525049314243697,-0.5156645514568514,96138.50958333333,-0.6676612588600029,2,0
1768536141266,2026-01-16,2026-01-16 05:02:21,95312.14,1904053910483.62,55227844956.53,581.0567371637032,-0.1931900633561634,-3.191369707438596,96112.59750000002,-0.832833073728986,2,0
1768539744022,2026-01-16,2026-01-16 06:02:24,95293.86,1900200124050.56,55735953741.79,601.0184509859931,-0.019179088833798374,0.9200228356908369,96066.88625,-0.8046750344216506,2,0
1768543284686,2026-01-16,2026-01-16 07:01:24,95622.67,1909422730168.39,55652365004.78,603.1204869607069,0.34504846377301224,-0.14997274003284433,96034.32916666666,-0.42865834565495214,2,0
1768546886177,2026-01-16,2026-01-16 08:01:26,95702.9,1911775436042.36,55534491161.78,604.6626461870202,0.08390269796900718,-0.21180383437411354,96010.85666666667,-0.32075192052066853,2,0
1768550608468,2026-01-16,2026-01-16 09:03:28,95615.73,1910255136665.63,54737600040.53,598.7208845792685,-0.09108396924231155,-1.434948091859778,95972.16291666665,-0.3713919805851942,2,0
1768554220431,2026-01-16,2026-01-16 10:03:40,95649.48,1911475085829.06,54487794133.21,586.4947081569003,0.03529753943205538,-0.45636985752943726,95932.38416666666,-0.2948995473469737,2,0
1768557782305,2026-01-16,2026-01-16 11:03:02,95589.97,1909574665454.1,53108889693.68,544.8006080252945,-0.06221675224997725,-2.530666659323555,95874.01416666666,-0.2962681485025536,2,0
1768561416964,2026-01-16,2026-01-16 12:03:36,95259.49,1903192606562.74,52471565424.96,521.349650289932,-0.3457266489360733,-1.2000331251433516,95809.90291666666,-0.5744843694762852,2,0
1768565028490,2026-01-16,2026-01-16 13:03:48,95391.15,1905588098416.88,52031109656.77,504.33872312170763,0.13821195137617703,-0.8394180059672518,95762.34041666669,-0.38761627488595807,2,0
1768568460960,2026-01-16,2026-01-16 14:01:00,95401.62,1905120812318.62,52140926883.33,442.3411304746444,0.010975860968231999,0.211060704421695,95698.33291666665,-0.3100502460424589,2,0
1768572081615,2026-01-16,2026-01-16 15:01:21,95408.76,1906088551661.16,51437417890.93,367.71861823285525,0.00748414964022448,-1.3492452751639128,95637.23875,-0.2389014498811106,2,0
1768575626880,2026-01-16,2026-01-16 16:00:26,95197.56,1903751162703.56,50076465737.2,357.584335137393,-0.2213633213553945,-2.6458407313831755,95595.33958333333,-0.41610771515339423,2,0
1768579321123,2026-01-16,2026-01-16 17:02:01,94564.22,1889861395474.14,48159653576.52,414.53786991318776,-0.6652901607982376,-3.82777045556566,95550.16791666666,-1.0318641381421159,2,0
1768582965958,2026-01-16,2026-01-16 18:02:45,94774.67,1893713834533.6,45603152215.82,364.0509521527718,0.22254717481939856,-5.308388185637625,95469.45833333333,-0.7277597940353492,2,0
1768586439354,2026-01-16,2026-01-16 19:00:39,94942.2,1893348807119.05,44072736247.96,297.86948528850763,0.17676664028478672,-3.3559433800040894,95402.28041666666,-0.4822530600497978,2,0
1768590142355,2026-01-16,2026-01-16 20:02:22,94931.61,1897625145363.58,40322030318.51,299.4234075509142,-0.011154154843684427,-8.510263370869342,95365.59666666666,-0.455076759162517,2,0
1768593739034,2026-01-16,2026-01-16 21:02:19,94928.2,1896827723150.13,37720782798.81,311.7544215559501,-0.003592059589008212,-6.451181895237779,95343.9525,-0.4360554488235658,2,0
1768597355914,2026-01-16,2026-01-16 22:02:35,95444.54,1907215168897.94,37284045387.48,311.74834773613304,0.5439268836868294,-1.1578164049760198,95352.0175,0.09703255623300455,2,0
1768600948776,2026-01-16,2026-01-16 23:02:28,95498.9,1907162980283.35,37783472381.11,310.51614359462064,0.056954541349352183,1.3395193264025718,95349.89833333333,0.15626830156207303,2,0
1768604510815,2026-01-17,2026-01-17 00:01:50,95457.21,1906281177450.78,37633903622.18,307.6860330454458,-0.04365495309368583,-0.39585763166853916,95344.94458333333,0.11774658547161253,2,0
1768608133274,2026-01-17,2026-01-17 01:02:13,95519.8,1908177812335.06,37105657043.75,305.76199772562103,0.06556864588855849,-1.4036454568552181,95342.23499999999,0.1862396030468731,2,0
1768611720240,2026-01-17,2026-01-17 02:02:00,95427.46,1906834554848.26,36607443768.24,301.66438738352866,-0.09667105668144105,-1.3426881915136968,95335.29833333334,0.09667108434950286,2,0
1768615293655,2026-01-17,2026-01-17 03:01:33,95354.08,1905081832908.77,35874222438.31,295.7308961146004,-0.07689610516721235,-2.0029296079015824,95324.36874999998,0.031168577762044847,2,0
1768618863255,2026-01-17,2026-01-17 04:01:03,95324.29,1904281197972.56,35646884648.87,293.4498009228661,-0.031241452909003264,-0.6337079217004105,95317.18791666666,0.007450999645038374,2,0
1768622415255,2026-01-17,2026-01-17 05:00:15,95339.46,1904098514987.42,35114380086.74,293.4823552347464,0.015914097026059615,-1.4938319782368037,95318.32624999998,0.0221717594417188,2,0
1768626087364,2026-01-17,2026-01-17 06:01:27,95272.31,1903939898218.96,33811458739.8,293.5934102858923,-0.07043253653840065,-3.7105064754710315,95317.42833333333,-0.047334820213098115,2,0
1768629753118,2026-01-17,2026-01-17 07:02:33,95270.07,1902793772141.08,32170912912.55,286.3885425474041,-0.00235115533567809,-4.8520409600633085,95302.73666666668,-0.03427673518015259,2,0
1768633381629,2026-01-17,2026-01-17 08:03:01,95178.15,1902039307160.76,31486088742.22,274.2849075733631,-0.09648360707619208,-2.128706052549867,95280.87208333334,-0.10780976400331414,2,0
1768637025814,2026-01-17,2026-01-17 09:03:45,95020.14,1899126138320.66,30959315884.51,269.57389295971325,-0.16601499398758435,-1.6730336435965443,95256.05583333335,-0.2476649188017211,2,0
1768640468239,2026-01-17,2026-01-17 10:01:08,95210.13,1901965646872.32,29796407318.94,256.2858189530337,0.1999470849022078,-3.756247618352071,95237.74958333334,-0.029000667754298323,2,0
1768644137174,2026-01-17,2026-01-17 11:02:17,95213.04,1902418061078.49,29643233775.02,245.0667328642305,0.003056397465250882,-0.5140671567562927,95222.04416666667,-0.00945596867351461,2,0
1768647754280,2026-01-17,2026-01-17 12:02:34,95059.78,1899219884925.38,28685489685.86,247.12193912402725,-0.16096534676341978,-3.2309028644745164,95213.72291666667,-0.1616814382958236,2,0
1768651339104,2026-01-17,2026-01-17 13:02:19,95274.04,1903050571462.29,26616250345.62,244.6096399461194,0.22539500932992063,-7.213540235501004,95208.84333333332,0.06847753253173335,2,0
1768654937916,2026-01-17,2026-01-17 14:02:17,95212.45,1902009958623.43,27883424710.48,241.15106739969028,-0.06464510164573278,4.760904892332163,95200.96125000001,0.012067892854379684,2,0
1768658503337,2026-01-17,2026-01-17 15:01:43,95391.64,1905251372826.9,27896479203.77,240.53419814867144,0.18820017760283747,0.04681811300280003,95200.24791666666,0.2010415807959599,2,0
1768662050817,2026-01-17,2026-01-17 16:00:50,95399.81,1905432055745.22,26825133418.62,243.9545158623687,0.008564691832524396,-3.840433688152367,95208.67499999999,0.2007537653475477,2,0
1768665829233,2026-01-17,2026-01-17 17:03:49,95484.19,1908323409420.17,23678503682.29,207.90251008772626,0.0884488134724748,-11.73015502747078,95247.00708333333,0.2490187607251076,2,0
1768669240272,2026-01-17,2026-01-17 18:00:40,95270.64,1903248445510.37,21982697066.55,181.9395746409481,-0.2236495905762026,-7.161798053178314,95267.6725,0.003114907630391449,2,0
1768673055068,2026-01-17,2026-01-17 19:04:15,95318.68,1904340447186.3,21234259142.84,168.38231645839664,0.05042476884797864,-3.404668323655613,95283.35916666668,0.037069257047848976,2,0
1768676480437,2026-01-17,2026-01-17 20:01:20,95381.74,1905539265342.88,20488659192.3,151.746189668977,0.06615702189749495,-3.5113066367159385,95302.11458333333,0.08355052457629503,2,0
1768680093127,2026-01-17,2026-01-17 21:01:33,95254.87,1902825298828.27,19923276680.63,129.81464843413735,-0.1330128806624975,-2.759490049414648,95315.72583333333,-0.0638465822940339,2,0
1768683731538,2026-01-17,2026-01-17 22:02:11,95334.33,1904507066864.05,18674602081.4,126.97814255336274,0.08341830711648957,-6.267415843519341,95311.13375,0.024337398042973284,2,0
1768687353419,2026-01-17,2026-01-17 23:02:33,95264.14,1902774664494.34,18155002366.45,120.77561365178845,-0.07362510440888093,-2.7823870767641368,95301.35208333335,-0.03904675276884588,2,0
1768690917258,2026-01-18,2026-01-18 00:01:57,95136.15,1900280089476.2,17837040107.83,120.54230388903072,-0.13435275855112616,-1.7513754732832454,95287.97458333334,-0.15933236486265373,2,0
1768694619189,2026-01-18,2026-01-18 01:03:39,95096.89,1899854362892.21,17748555652.75,116.00569194347126,-0.04126717341409458,-0.49607140279490647,95270.35333333333,-0.18207482943452202,2,0
1768698116799,2026-01-18,2026-01-18 02:01:56,95050.17,1899127489996.75,18030627961.88,119.30695021809996,-0.04912884112193705,1.589269091236134,95254.63291666667,-0.21464878967676557,2,0
1768701653860,2026-01-18,2026-01-18 03:00:53,94923.58,1896042061613.41,18274521580.09,135.03133775048866,-0.13318229730677755,1.3526629173739035,95236.69541666667,-0.32877601989103816,2,0
1768705394094,2026-01-18,2026-01-18 04:03:14,94994.31,1897426742311.04,18289300059.59,142.327020744842,0.0745125710597927,0.080869309958298,95222.94625,-0.24010625485135725,2,0
1768708878109,2026-01-18,2026-01-18 05:01:18,95151.8,1900399849538.03,18463458038.61,140.79426083251926,0.16578887724960634,0.9522397164055452,95215.12708333334,-0.06650947729966547,2,0
1768712512306,2026-01-18,2026-01-18 06:01:52,95053.75,1898926943969.94,18296799166.22,143.9673684823074,-0.10304586986268349,-0.9026417047201529,95206.02041666668,-0.15993780225270765,2,0
1768716127686,2026-01-18,2026-01-18 07:02:07,95130.66,1900455341767.22,18503348187.83,144.08314609748473,0.08091211551359834,1.128880629522011,95200.21166666666,-0.07305831095226914,2,0
1768719670202,2026-01-18,2026-01-18 08:01:10,95124.29,1900067165209.79,18499304311.39,144.8590664827269,-0.006696053617216702,-0.021854836211010475,95197.96749999998,-0.07739398427806844,2,0
1768723325746,2026-01-18,2026-01-18 09:02:05,94995.6,1898193542810.43,18703950847.66,146.2487938889951,-0.1352861608743594,1.1062390932398358,95196.94499999999,-0.21150363596225344,2,0
1768726965140,2026-01-18,2026-01-18 10:02:45,95138.76,1900631095578.66,18391808453.93,146.69396373049295,0.1507017167110769,-1.668858073207835,95193.97125,-0.05799868339877413,2,0
1768730523827,2026-01-18,2026-01-18 11:02:03,95229.22,1902391509285.71,18870808446.99,146.82253203716368,0.09508217260767449,2.6044203008086964,95194.64541666665,0.036319882470297146,2,0
1768734021015,2026-01-18,2026-01-18 12:00:21,95133.79,1900522868548.14,19252806538.89,144.62758153045456,-0.10021083864806268,2.0242804804736947,95197.72916666667,-0.06716459229267636,2,0
1768737684550,2026-01-18,2026-01-18 13:01:24,95116.31,1900023916379.92,19313105980.16,144.59287394754853,-0.018374123431852407,0.31319818826516244,95191.15708333334,-0.07862818945232254,2,0
1768741279872,2026-01-18,2026-01-18 14:01:19,95058.37,1898582436789.19,19190794120.24,147.00681869980014,-0.06091489461691468,-0.6333101472422276,95184.73708333333,-0.1327598175983799,2,0
1768744968647,2026-01-18,2026-01-18 15:02:48,95099.99,1899913758347.25,19359527444.9,141.0954356673266,0.04378362473500541,0.8792409714929006,95172.585,-0.07627721785638286,2,0
1768748582517,2026-01-18,2026-01-18 16:03:02,94939.09,1896730786771.86,19892688369.04,140.17483358985774,-0.16919034376344788,2.753997615166237,95153.38833333335,-0.2252135600075976,2,0
1768752106366,2026-01-18,2026-01-18 17:01:46,95078.28,1899217489698.61,18606450286.57,121.81115612810336,0.1466097894976759,-6.465883638291137,95136.47541666667,-0.0611704568744977,2,0
1768755767922,2026-01-18,2026-01-18 18:02:47,95129.35,1900507967166.11,18092180240.07,118.41193362204368,0.053713634701857416,-2.7639342194743954,95130.58833333333,-0.0013017194101525515,2,0
1768759342335,2026-01-18,2026-01-18 19:02:22,95186.97,1901333984253.8,18299037471.99,112.20506892313155,0.06057016052354314,1.1433515981775333,95125.10041666665,0.06504022919539296,2,0
1768762864285,2026-01-18,2026-01-18 20:01:04,95414.26,1906748027003.08,18981907839.38,115.58448944707298,0.23878268212549347,3.7317283405493784,95126.45541666668,0.30254946646828523,2,0
1768766525611,2026-01-18,2026-01-18 21:02:05,95323.01,1904628904453.66,19300772546.23,119.64162879145223,-0.09563559996168536,1.6798348698568555,95129.29458333332,0.2036338201761587,2,0
1768770142590,2026-01-18,2026-01-18 22:02:22,95264.04,1903200869441.22,19330489384.84,115.18146140925099,-0.06186334233465596,0.15396709400528064,95126.36583333333,0.14472766352482835,2,0
1768773693793,2026-01-18,2026-01-18 23:01:33,95385.09,1905565369123.87,19321323690.23,123.79552285524144,0.1270678841670092,-0.04741574011669636,95131.40541666666,0.26666754498393114,2,0
1768777348426,2026-01-19,2026-01-19 00:02:28,95419.05,1906897613539.87,19527179916.66,137.02821599585215,0.03560304865257713,1.065435421146077,95143.19291666667,0.2899388541384687,2,0
1768780863979,2026-01-19,2026-01-19 01:01:03,93635.81,1870901262174.09,23481403709.64,337.05734369667675,-1.8688511361200977,20.249845650299836,95082.31458333334,-1.5213182279713826,2,-1
1768784515488,2026-01-19,2026-01-19 02:01:55,92617.69,1850655935138.88,31853462801.22,605.7613651209242,-1.0873190502650565,35.65399749991505,94980.96125,-2.488152592791317,2,-1
1768788089654,2026-01-19,2026-01-19 03:01:29,92527.66,1848478178860.41,31700517176.07,786.1847013233452,-0.09720605210515876,-0.4801538410578843,94881.13125000002,-2.4804418107104054,2,0
1768791834039,2026-01-19,2026-01-19 04:03:54,92557.75,1848293056756.12,34471966166.72,917.3191127461283,0.032520005369196525,8.7425986625294,94779.60791666668,-2.344236239740731,2,0
1768795242851,2026-01-19,2026-01-19 05:00:42,92635.37,1850710245428.42,35364567859.57,1011.8706013971437,0.08386115695335761,2.5893553287126947,94674.75666666665,-2.154097605813748,2,0
1768798867912,2026-01-19,2026-01-19 06:01:07,92634.91,1851415753784.37,36513570573.1,1089.9310769743195,-0.0004965705863613223,3.2490223494108683,94573.97166666666,-2.050312186846752,2,0
1768802516895,2026-01-19,2026-01-19 07:01:56,92489.45,1847613871611.45,37246350868.28,1162.2225096785319,-0.1570250351622393,2.006871099371055,94463.92125000001,-2.090185569128083,2,0
1768806152448,2026-01-19,2026-01-19 08:02:32,92535.42,1849020191017.22,37914739146.45,1217.1112732372908,0.04970296612207825,1.7945067438518203,94356.05166666668,-1.9295335429024316,2,0
1768809669062,2026-01-19,2026-01-19 09:01:09,92766.66,1852531605334.47,38478792481.03,1250.763473841326,0.24989350024022805,1.487688817800592,94263.17916666665,-1.587596747634255,2,0
1768813360922,2026-01-19,2026-01-19 10:02:40,93242.7,1861471015416.08,39759213080.25,1252.9331778245105,0.513158498969335,3.3276007812647723,94184.17666666665,-0.9996123552671654,2,0
1768816979176,2026-01-19,2026-01-19 11:02:59,92934.02,1857518546984.85,41378070994.58,1257.2854489309098,-0.3310500446683684,4.071654816362935,94088.54333333333,-1.2270604820005866,2,0
1768820449490,2026-01-19,2026-01-19 12:00:49,92997.86,1857973784196.03,41131864477.61,1255.6756729793076,0.06869389702499618,-0.5950169040075615,93999.54625,-1.0656288141390884,2,0
1768824214961,2026-01-19,2026-01-19 13:03:34,93052.24,1859138145394.78,42171198701.93,1246.513466662762,0.058474463820989975,2.5268346998608804,93913.54333333333,-0.917123667963683,2,0
1768827829889,2026-01-19,2026-01-19 14:03:49,92992.64,1858004699102.41,42654837082.06,1235.2950199829204,-0.0640500432875224,1.146845228537141,93827.47125,-0.8897514116901055,2,0
1768831281768,2026-01-19,2026-01-19 15:01:21,92971.59,1857198103305.05,41834176851.23,1216.220307299354,-0.022636200026160402,-1.9239558440961702,93738.78791666667,-0.8184423265091787,2,0
1768834865245,2026-01-19,2026-01-19 16:01:05,92762.5,1853225794439.4,42545786852.05,1203.914404774578,-0.22489665929129599,1.701025463822603,93648.09666666666,-0.9456643521745873,2,0
1768838485390,2026-01-19,2026-01-19 17:01:25,92989.44,1857322787150.6,43456560470.96,1171.083289109874,0.24464627408704587,2.140690503802767,93561.06166666666,-0.6109610734251772,2,0
1768842174707,2026-01-19,2026-01-19 18:02:54,93252.36,1861533590387.3,44567109513.01,1123.5038854787383,0.28274178229270586,2.555538289304171,93482.85375,-0.24656259490793966,2,0
1768845641722,2026-01-19,2026-01-19 19:00:41,93183.63,1861611553029.67,44622719086.3,1064.2470581236907,-0.07370322852954247,0.1247771594291347,93399.38125000002,-0.2309985859783366,2,0
1768849438610,2026-01-19,2026-01-19 20:03:58,93034.39,1858574668713.74,44875336443.07,975.5219955626503,-0.16015688592514454,0.5661182508431173,93300.21999999999,-0.2849189423133056,2,0
1768852937410,2026-01-19,2026-01-19 21:02:17,93044.67,1858767677944.62,44333716368.82,875.8879834970237,0.011049677436480998,-1.2069437628330904,93205.28916666667,-0.1723283819005775,2,0
1768856507388,2026-01-19,2026-01-19 22:01:47,93176.97,1859660142478.03,45217207443.59,758.3158466945332,0.14218976756004142,1.9928197929992564,93118.32791666668,0.0629758766564246,2,0
1768860098785,2026-01-19,2026-01-19 23:01:38,92951.52,1857010423647.54,45126286972.94,584.9132533079602,-0.24195893040951377,-0.20107493538477073,93016.92916666665,-0.0703196367076907,2,0
1768863682629,2026-01-20,2026-01-20 00:01:22,92565.41,1851852973168.55,45622787259.8,292.16012044156446,-0.41538858105817367,1.1002462647940137,92898.02750000001,-0.3580458153430734,2,0
1768867342746,2026-01-20,2026-01-20 01:02:22,92558.76,1849102174992.81,41869488075.86,254.1540002254254,-0.007184109053270937,-8.226808157438414,92853.15041666666,-0.3170494650376667,2,0
1768870815128,2026-01-20,2026-01-20 02:00:15,92658.19,1851216166910.79,36163166661.43,252.65266556587616,0.10742365174296609,-13.62883014975289,92854.83791666666,-0.2117799363810611,2,0
1768874489301,2026-01-20,2026-01-20 03:01:29,92755.66,1853097203819.97,33692171905.27,243.9522731836245,0.10519307575509451,-6.832904815261798,92864.33791666666,-0.1170286884123126,2,0
1768878016374,2026-01-20,2026-01-20 04:00:16,92496.32,1847864707979.48,33740097757.83,247.60383572755973,-0.27959479777298624,0.14224625439627214,92861.77833333332,-0.3935508665594124,2,0
1768881650980,2026-01-20,2026-01-20 05:00:50,92365.76,1845158181579.21,33366692390.02,263.9022290960975,-0.1411515614891612,-1.106710983738468,92850.54458333335,-0.5221128055940067,2,0
1768885305140,2026-01-20,2026-01-20 06:01:45,92054.45,1840643378587.6,33306250885.95,307.51813614032085,-0.3370404790692949,-0.18114322919247083,92826.35875,-0.8315620265563872,2,0
1768888815390,2026-01-20,2026-01-20 07:00:15,91628.16,1831337515584.12,35759405534.41,388.21295399508693,-0.4630846200265104,7.365448176260658,92790.47166666666,-1.2526196340956859,2,0
1768892591861,2026-01-20,2026-01-20 08:03:11,90765.58,1813332116575.57,38350758124.51,566.1054923176256,-0.9413918166642277,7.246632183542401,92716.72833333333,-2.1044188771616286,2,0
1768896091113,2026-01-20,2026-01-20 09:01:31,91140.45,1821536810386.92,38892403004.0,650.8491146154789,0.41300898424270205,1.4123446470901246,92648.96958333335,-1.6282097794692845,2,0
1768899757198,2026-01-20,2026-01-20 10:02:37,90966.98,1817195489187.66,39535862216.84,722.426186914075,-0.1903326130165084,1.6544599025517082,92554.14791666668,-1.7148533614028096,2,0
1768903341259,2026-01-20,2026-01-20 11:02:21,90880.61,1815198579048.99,39618768787.23,793.5728196878607,-0.09494653994228663,0.20969966440922416,92468.58916666667,-1.7173173949961276,2,0
1768906868527,2026-01-20,2026-01-20 12:01:08,91178.05,1821626243200.41,39535421014.38,827.0378188494698,0.32728653559874754,-0.2103744649350925,92392.76375,-1.3147282327075052,2,0
1768910464723,2026-01-20,2026-01-20 13:01:04,91131.66,1821719996343.99,39856656818.97,852.963801349781,-0.05087847349224406,0.8125265808429427,92312.73958333333,-1.2794329240625895,2,0
1768914091150,2026-01-20,2026-01-20 14:01:31,91178.39,1821223369463.66,39648942062.03,870.3054213317687,0.051277459447129914,-0.5211544909134003,92237.14583333333,-1.1478627441989953,2,0
1768917630511,2026-01-20,2026-01-20 15:00:30,90877.19,1815489245260.87,40503115429.57,898.0225966748174,-0.33034143287680173,2.154340880530081,92149.87916666667,-1.3811077976182877,2,0
1768921302645,2026-01-20,2026-01-20 16:01:42,90465.36,1808975084383.3,43678948454.65,950.7584416802432,-0.4531720225944502,7.840959865426633,92054.165,-1.7259458059284911,2,0
1768924899872,2026-01-20,2026-01-20 17:01:39,90345.38,1805521438249.19,47125815607.26,990.0498471330145,-0.13262534963658368,7.89136935425252,91943.99583333333,-1.7386843141243686,2,0
1768928504519,2026-01-20,2026-01-20 18:01:44,90023.47,1798966051988.34,48438485875.22,1023.3527025221291,-0.356310416758443,2.7854589910965455,91809.45875,-1.9453210751011034,2,0
1768932110181,2026-01-20,2026-01-20 19:01:50,89639.15,1788268251329.53,51285502151.16,1071.065871927861,-0.4269108933481536,5.877591391428005,91661.77208333333,-2.206614641373603,2,0
1768935689340,2026-01-20,2026-01-20 20:01:29,89450.17,1786655882639.66,53022120610.36,1120.1128786420861,-0.21082306112897298,3.386178132918438,91512.42958333333,-2.2535294852546683,2,0
1768939295396,2026-01-20,2026-01-20 21:01:35,89569.05,1790119273184.17,54868614477.11,1137.9357495386503,0.13290080946743998,3.482497202100232,91367.61208333336,-1.9684897550928042,2,0
1768942864448,2026-01-20,2026-01-20 22:01:04,89478.16,1790364421792.16,56527633609.74,1132.6930588377,-0.10147478397950493,3.0236213333254547,91213.495,-1.9024980897837451,2,0
1768946465542,2026-01-20,2026-01-20 23:01:05,89379.13,1786072447147.41,57170872939.13,1129.0871129213094,-0.11067505187858373,1.1379201433246777,91064.64541666668,-1.8508998843125049,2,0
1768950087630,2026-01-21,2026-01-21 00:01:27,88348.44,1762102302051.12,59433891941.75,1210.5656839520204,-1.1531662928471187,3.958342572500939,90888.93833333334,-2.7951677948048097,1,0
1768953629536,2026-01-21,2026-01-21 01:00:29,88312.84,1764030499464.27,60578606228.98,1264.9559485885015,-0.04029499558793059,1.9260294923171273,90712.02500000001,-2.644836778806351,1,0
1768957383797,2026-01-21,2026-01-21 02:03:03,88839.03,1774643151452.75,61978203864.95,1249.6158446173283,0.5958250238583762,2.310382696293267,90552.89333333333,-1.89266545799309,1,0
1768960899528,2026-01-21,2026-01-21 03:01:39,88916.22,1776419711535.6,62270151568.9,1200.139706703183,0.08688748627714293,0.4710489910068283,90392.91666666667,-1.6336420165665677,1,0
1768964442074,2026-01-21,2026-01-21 04:00:42,88946.88,1777182031606.98,63126914968.0,1147.1986713299584,0.034481897678517726,1.3758813452573904,90245.02333333333,-1.4384652863775567,1,0
1768968198244,2026-01-21,2026-01-21 05:03:18,89329.2,1784620364341.44,63706579710.9,1067.8402192803892,0.42982957918253906,0.9182529245945981,90118.5,-0.8758468017110838,2,0
1768971795800,2026-01-21,2026-01-21 06:03:15,89361.7,1785130244718.01,62655112081.4,994.5334448523973,0.036382280374169795,-1.6504851371264229,90006.30208333333,-0.7161743882517464,2,0
1768975304373,2026-01-21,2026-01-21 07:01:44,89878.01,1795994741200.12,62161028241.73,932.6827945694816,0.5777754899470411,-0.7885770582105045,89933.37916666667,-0.06156687003171479,2,0
1768978843202,2026-01-21,2026-01-21 08:00:43,89532.41,1788084592083.58,58983321981.88,918.706337465631,-0.3845211971204021,-5.112055494791101,89881.99708333334,-0.38894004881668937,2,0
1768982499628,2026-01-21,2026-01-21 09:01:39,89095.3,1780060595615.05,59072065303.86,891.3449204491752,-0.4882142678835577,0.15045494047836172,89796.78249999999,-0.7811889028429095,2,0
1768986112759,2026-01-21,2026-01-21 10:01:52,89065.36,1779296819261.67,58117145515.44,866.9874392130973,-0.033604466228864815,-1.6165336077348935,89717.54833333334,-0.7269350817637392,2,0
1768989702800,2026-01-21,2026-01-21 11:01:42,89103.42,1782931365369.84,58073849737.92,838.7668755421329,0.04273266284444688,-0.07449742607971155,89643.49874999998,-0.6024739747231097,2,0
1768993209339,2026-01-21,2026-01-21 12:00:09,89165.58,1782283401317.31,57547866641.73,777.0063610666494,0.06976163204510666,-0.9057141873040853,89559.64583333333,-0.4400037870478702,2,0
1768996994498,2026-01-21,2026-01-21 13:03:14,88716.44,1774558490773.41,57948023700.39,718.7763830567823,-0.5037145499418028,0.6953464689685385,89459.01166666666,-0.8300691599785979,2,0
1769000636622,2026-01-21,2026-01-21 14:03:56,88654.49,1770881439236.0,59749492507.57,636.1665719992673,-0.06982922218249366,3.1087666017639792,89353.84916666667,-0.7826849914010829,2,0
1769004093349,2026-01-21,2026-01-21 15:01:33,88596.06,1771293995510.81,59867105528.07,565.1142340072911,-0.06590754737859639,0.19684354722360187,89258.80208333333,-0.7424949336812576,2,0
1769007645710,2026-01-21,2026-01-21 16:00:45,89733.05,1793412624959.48,60671870452.44,514.6517779326824,1.2833414939671162,1.344252268873558,89228.28916666667,0.5656959671057988,2,0
1769011273486,2026-01-21,2026-01-21 17:01:13,90213.56,1802552851589.65,59458790941.39,502.77798159751273,0.5354883178494418,-1.9994101088426475,89222.79666666668,1.1104374334227378,2,0
1769015020991,2026-01-21,2026-01-21 18:03:40,87653.05,1750287087098.35,61112451155.82,567.3346311585918,-2.8382761970595083,2.781187084782899,89124.02916666666,-1.650485486821795,2,-1
1769018500528,2026-01-21,2026-01-21 19:01:40,87842.97,1754421544467.9,63053970596.61,613.0576585736055,0.21667243752498955,3.1769621477620857,89049.18833333334,-1.3545528666899933,2,0
1769022234503,2026-01-21,2026-01-21 20:03:54,88466.45,1764898460763.36,63135166053.25,617.9485541337825,0.7097665299795608,0.12877136185356353,89008.20000000001,-0.6086517871387294,2,0
1769025714908,2026-01-21,2026-01-21 21:01:54,90203.6,1801648063363.41,66336970584.85,655.4268691233985,1.9636257586915784,5.071348872195092,89034.63958333334,1.3129276674081016,2,0
1769029309680,2026-01-21,2026-01-21 22:01:49,90050.46,1799457264595.86,66904218594.7,682.1313958017697,-0.16977149470752684,0.8551008658504333,89058.48541666666,1.1138462311505946,2,0
1769032864951,2026-01-21,2026-01-21 23:01:04,90174.17,1800861187586.18,67120955515.27,716.803795293504,0.1373785319919385,0.3239510528969314,89091.61208333333,1.2151064408331544,2,0
1769036489438,2026-01-22,2026-01-22 00:01:29,89724.2,1794415196176.59,64076046994.56,709.7634706927298,-0.4990009888641067,-4.536449902023943,89148.93541666667,0.6452848602674117,2,0
1769040094878,2026-01-22,2026-01-22 01:01:34,89398.24,1785639647852.8,62292526182.41,688.4319376571066,-0.3632910630576691,-2.783443885515302,89194.16041666667,0.2288037494607165,2,0
1769043760214,2026-01-22,2026-01-22 02:02:40,89790.14,1795334910112.7,60880878655.82,694.4490531909522,0.4383755205918938,-2.266158740225599,89233.79,0.6234745828906357,2,0
1769047263200,2026-01-22,2026-01-22 03:01:03,90019.26,1797938468990.87,60474602164.99,708.8688144283971,0.25517278400501997,-0.6673302025202665,89279.75,0.8283065308762567,2,0
1769050898004,2026-01-22,2026-01-22 04:01:38,89867.28,1795350019699.06,59504738416.19,714.9483603605021,-0.1688305369317633,-1.6037538306642563,89318.09999999999,0.6148585784964163,2,0
1769054496267,2026-01-22,2026-01-22 05:01:36,89782.42,1793747674156.69,58463110104.18,721.2123791401025,-0.09442813891774593,-1.7504964137891155,89336.98416666668,0.4986018248638425,2,0
1769058144940,2026-01-22,2026-01-22 06:02:24,89913.79,1796668658195.66,58884923572.38,730.7762924388633,0.14632040437314586,0.7215036412676845,89359.98791666667,0.6197427912029049,2,0
1769061652360,2026-01-22,2026-01-22 07:00:52,89869.69,1795207504395.05,57943845195.65,730.5217971706361,-0.04904698155865361,-1.5981652342186403,89359.64125,0.5707820027757796,2,0
1769065294081,2026-01-22,2026-01-22 08:01:34,90091.9,1799547168983.04,57633727459.78,745.0573123482711,0.247258002113937,-0.5352039286016907,89382.95333333332,0.7931564579465344,2,0
1769068958598,2026-01-22,2026-01-22 09:02:38,89751.98,1793161600105.69,55167220139.82,746.0914838121168,-0.3773036199702706,-4.279624845853092,89410.315,0.382131524757511,2,0
1769072485285,2026-01-22,2026-01-22 10:01:25,89826.15,1795090599151.9,55650446335.52,746.9595070855481,0.08263884540484767,0.8759299353407135,89442.01458333334,0.42947983501507236,2,0
1769076123134,2026-01-22,2026-01-22 11:02:03,89967.7,1798060769735.79,55794416483.16,750.7500690571121,0.15758217401058427,0.2587043898480301,89478.02625,0.5472558688675833,2,0
1769079705454,2026-01-22,2026-01-22 12:01:45,90003.76,1797417743060.6,56582824052.54,755.0666800697691,0.04008105131063644,1.4130581858812885,89512.95041666667,0.5483112566937975,2,0
1769083303226,2026-01-22,2026-01-22 13:01:43,89845.21,1797542035946.5,56630268683.88,738.2638294539653,-0.17615930712227001,0.08384988224685586,89559.9825,0.31847650260539984,2,0
1769086887706,2026-01-22,2026-01-22 14:01:27,89910.79,1796474492327.89,53577690047.94,715.455380899172,0.0729922051492693,-5.390365800628672,89612.32833333332,0.3330587121411176,2,0
1769090407175,2026-01-22,2026-01-22 15:00:07,89466.63,1789237907026.17,53862611127.6,683.024128664986,-0.4940007756577214,0.5317905258794386,89648.60208333332,-0.20298373773208322,2,0
1769094101548,2026-01-22,2026-01-22 16:01:41,89265.6,1782842735033.5,52323926129.01,687.1636622469599,-0.22469830371391053,-2.8566847510323345,89629.125,-0.40558802732927957,2,0
1769097703021,2026-01-22,2026-01-22 17:01:43,88928.45,1778394215463.64,52794344034.9,689.7078157500218,-0.3776930866985828,0.8990493273194566,89575.57875,-0.7224388153897399,2,0
1769101317339,2026-01-22,2026-01-22 18:01:57,88877.12,1778373137103.92,50910722204.27,577.4879906947957,-0.05772056074293541,-3.5678477781347695,89626.58166666667,-0.8362046758114894,2,0
1769104930840,2026-01-22,2026-01-22 19:02:10,89392.79,1785866840997.76,47125940412.61,439.54679100188923,0.5802055692173624,-7.434154590214314,89691.15749999999,-0.3326609983821349,2,0
1769108523870,2026-01-22,2026-01-22 20:02:03,89329.3,1789137754475.91,46629618597.71,363.77506838389775,-0.07102362505968518,-1.0531817732536863,89727.10958333332,-0.4433549516758461,2,0
1769112089660,2026-01-22,2026-01-22 21:01:29,89689.47,1792853861487.03,42874184229.74,349.3473912038419,0.4031935770234307,-8.053753131393682,89705.6875,-0.018078563859174297,2,0
1769115730955,2026-01-22,2026-01-22 22:02:10,89365.88,1786859550302.91,41621590186.1,347.9178301493791,-0.36078928775027386,-2.9215577302369455,89677.16333333333,-0.3471154993788931,2,0
1769119290606,2026-01-22,2026-01-22 23:01:30,89269.82,1783304448761.42,39630207588.34,340.64597882022406,-0.10749068884007285,-4.784494270536177,89639.48208333335,-0.41238757157218653,2,0
1769122871694,2026-01-23,2026-01-23 00:01:11,89260.53,1783661050008.3,40392510362.02,348.68587777296864,-0.010406652550665196,1.9235396937569593,89620.16249999999,-0.40128525765615797,2,0
1769126511910,2026-01-23,2026-01-23 01:01:51,89459.27,1787298551504.05,39406081669.6,347.2165066695089,0.22265160200147793,-2.4421079145095947,89622.70541666665,-0.18235938750879543,2,0
1769130141184,2026-01-23,2026-01-23 02:02:21,89493.04,1788536126289.46,39009347257.25,346.2824235488241,0.03774902254398693,-1.006784728500576,89610.32625,-0.13088474834115968,2,0
1769133670042,2026-01-23,2026-01-23 03:01:10,89823.32,1793473685318.85,38523494238.5,338.4430288315052,0.3690566327839706,-1.2454784632667804,89602.16208333334,0.246822076080015,2,0
1769137274648,2026-01-23,2026-01-23 04:01:14,89551.92,1789890755372.36,37940078403.15,333.7922846287562,-0.3021487070395623,-1.5144416333005895,89589.02208333333,-0.04141364920672984,2,0
1769140893174,2026-01-23,2026-01-23 05:01:33,89816.42,1793973288299.77,37227588904.04,334.71964550841517,0.2953593848127323,-1.8779336498441324,89590.43875000002,0.2522381329447195,2,0
1769144554785,2026-01-23,2026-01-23 06:02:34,89848.62,1795959213425.93,37872324883.33,332.2375465212282,0.03585090565845217,1.7318768103728344,89587.72333333333,0.2912192172759394,2,0
1769148185784,2026-01-23,2026-01-23 07:03:05,89483.78,1788139537074.26,38403603743.0,327.29954713456794,-0.406060771996275,1.4028155422374011,89571.64375,-0.0980932651467659,2,0
1769151801805,2026-01-23,2026-01-23 08:03:21,89414.12,1786180399178.15,38897935863.08,309.1981878769226,-0.07784651028376333,1.287202428678591,89543.40291666666,-0.14438016923142868,2,0
1769155429267,2026-01-23,2026-01-23 09:03:49,89400.67,1786674691700.46,39448733335.52,307.203854226748,-0.015042366910278382,1.4160069428331479,89528.765,-0.1430769205852456,2,0
1769158975375,2026-01-23,2026-01-23 10:02:55,89128.56,1780499146565.35,39792804145.8,310.8233570523051,-0.3043713207071086,0.8721973589205234,89499.69875,-0.4146815633834726,2,0
1769162531107,2026-01-23,2026-01-23 11:02:11,88854.26,1775258389054.76,40122098416.7,320.8661159632098,-0.3077576929325532,0.8275221562508372,89453.30541666667,-0.6696738749634428,2,0
1769166114062,2026-01-23,2026-01-23 12:01:54,88916.02,1776723246538.81,39844810938.07,316.5261686472815,0.06950707821999913,-0.691109113362276,89407.98291666666,-0.5502449564544968,2,0
1769169870309,2026-01-23,2026-01-23 13:04:30,89100.46,1779836557197.44,39328783477.43,308.19495901440763,0.20743168666343959,-1.2950932593005615,89376.95166666666,-0.30935455003862283,2,0
1769173240981,2026-01-23,2026-01-23 14:00:40,89183.3,1782856424904.77,39344524740.4,288.5571993546314,0.09297370630858559,0.040024789932879834,89346.63958333334,-0.182815586680222,2,0
1769176966428,2026-01-23,2026-01-23 15:02:46,89196.29,1782598253910.0,38845672119.09,288.94583968098937,0.01456550721938843,-1.2679086215972801,89335.37541666666,-0.15568907167845228,2,0
1769180622048,2026-01-23,2026-01-23 16:03:42,88936.33,1775335902634.49,38690211630.47,300.00827878238846,-0.29144709942531266,-0.40020028008113107,89321.65583333334,-0.43139127878721983,2,0
1769184150245,2026-01-23,2026-01-23 17:02:30,89648.47,1788319668943.16,37545121519.98,294.93622898956454,0.8007301403149869,-2.959637753927913,89351.65666666666,0.3321855961111323,2,0
1769187648869,2026-01-23,2026-01-23 18:00:48,90025.83,1799664518796.49,38377822926.81,307.5183801708037,0.42093300644172604,2.2178684556577233,89399.51958333334,0.7005747006088188,2,0
1769191313751,2026-01-23,2026-01-23 19:01:53,90475.02,1807673660516.69,40555027957.35,377.80307137567115,0.4989567993985755,5.6730811299331,89444.6125,1.1520062206094315,2,0
1769194884000,2026-01-23,2026-01-23 20:01:24,90427.45,1808397845749.48,40955577434.84,426.5806437776921,-0.05257804861497073,0.987669094720478,89490.36875000001,1.047130839987726,2,0
1769198505388,2026-01-23,2026-01-23 21:01:45,89818.94,1794971343117.08,42654801364.61,430.0128092998096,-0.6729261966360811,4.1489438953057345,89495.76333333332,0.3611083414786758,2,0
1769202091684,2026-01-23,2026-01-23 22:01:31,89355.16,1783797068715.68,43443508419.07,430.1591313498452,-0.5163498923500986,1.849046365772966,89495.31666666667,-0.15660782249498964,2,0
1769205714950,2026-01-23,2026-01-23 23:01:54,89236.67,1783371989874.37,43543421299.62,430.9671511534578,-0.13260566037820443,0.22998345250160313,89493.93541666667,-0.2874668718823209,2,0
1769209304860,2026-01-24,2026-01-24 00:01:44,89487.84,1787956198932.74,43929022615.62,428.1028888583589,0.28146500760282134,0.885555853194675,89503.40666666666,-0.017392261642777355,2,0
1769212892472,2026-01-24,2026-01-24 01:01:32,89481.2,1787109818163.11,43548170475.99,428.0279842276959,-0.007420002538893744,-0.8669715758587881,89504.32041666667,-0.02583162081901784,2,0
1769216518033,2026-01-24,2026-01-24 02:01:58,89334.75,1784894621476.55,42590341857.83,429.42660765818135,-0.1636656638489442,-2.199469249088404,89497.72499999999,-0.1820996008557662,2,0
1769220159923,2026-01-24,2026-01-24 03:02:39,89416.06,1786571694638.72,42527494101.91,424.01353889243507,0.09101721334643376,-0.1475633985981828,89480.75583333334,-0.07230139344581338,2,0
1769223709046,2026-01-24,2026-01-24 04:01:49,89566.38,1789786002092.89,41784282837.35,424.12931343923213,0.16811297657266522,-1.7476018285465522,89481.35833333334,0.09501606619553898,2,0
1769227291652,2026-01-24,2026-01-24 05:01:31,89638.36,1790939322744.86,41548316919.58,419.5459585113605,0.08036497623327143,-0.5647241061633612,89473.93916666666,0.18376393714717756,2,0
1769230847887,2026-01-24,2026-01-24 06:00:47,89710.02,1792010677581.76,41629667610.04,415.0945768592965,0.07994345278070636,0.19579779998659674,89468.16416666667,0.27032613844941683,2,0
1769234514916,2026-01-24,2026-01-24 07:01:54,89651.92,1791237410384.31,40380558320.34,416.7850592535491,-0.06476422589138942,-3.0005266950504095,89475.17,0.1975408373071546,2,0
1769238210539,2026-01-24,2026-01-24 08:03:30,89500.22,1788307501069.24,39484411702.7,416.6072379007984,-0.169209984571439,-2.219252667411986,89478.7575,0.02398613995058456,2,0
1769241691649,2026-01-24,2026-01-24 09:01:31,89478.75,1788018596261.22,39013434397.49,416.27566679315555,-0.023988767848837078,-1.1928183424796845,89482.01083333335,-0.00364412165415215,2,0
1769245291927,2026-01-24,2026-01-24 10:01:31,89523.78,1788375935179.6,37563294053.72,409.4468056931793,0.050324797787193454,-3.7170281626456747,89498.47833333333,0.02827049927310639,2,0
1769248992643,2026-01-24,2026-01-24 11:03:12,89455.6,1787341447011.41,36219491987.63,386.0405480828255,-0.07615853575440035,-3.5774340348538325,89523.53416666666,-0.07588414297874471,2,0
1769252523192,2026-01-24,2026-01-24 12:02:03,89484.79,1788060687221.69,35515919556.39,363.9503381845298,0.03263071288994723,-1.9425242945988574,89547.23291666666,-0.06973182155698403,2,0
1769256186427,2026-01-24,2026-01-24 13:03:06,89448.85,1787227038835.3,34711124925.62,352.1111708200486,-0.04016325008975308,-2.2660109630336156,89561.74916666666,-0.12605734894319634,2,0
1769259616517,2026-01-24,2026-01-24 14:00:16,89388.92,1785987792959.25,34574745070.49,344.930797213392,-0.06699918445011166,-0.39289955431361934,89570.31666666667,-0.20251872876784605,2,0
1769263378456,2026-01-24,2026-01-24 15:02:58,89135.99,1786137382972.23,34672000597.52,347.9798260128277,-0.2829545317249549,0.281290655453037,89567.80416666665,-0.4821086892597416,2,0
1769267091539,2026-01-24,2026-01-24 16:04:51,89310.03,1784449277110.9,31423555631.1,326.1726764334712,0.19525222079206372,-9.369072768914155,89583.375,-0.30512916040504295,2,0
1769270505747,2026-01-24,2026-01-24 17:01:45,89139.95,1780980996058.72,29679323231.99,338.06044107938305,-0.19043773694846777,-5.550716219343821,89562.18666666666,-0.4714452408784392,2,0
1769274140973,2026-01-24,2026-01-24 18:02:20,89137.8,1781072962099.8,27022925148.31,333.67730468265904,-0.002411937632895711,-8.950332401167383,89525.18541666667,-0.4327111023157434,2,0
1769277697639,2026-01-24,2026-01-24 19:01:37,89247.24,1782541066052.56,24187733171.16,269.70920473938094,0.12277619595726375,-10.491802651228943,89474.02791666666,-0.25346787436224144,2,0
1769281402305,2026-01-24,2026-01-24 20:03:22,89255.22,1783377070114.21,22371379111.24,181.14351396547946,0.00894145297938298,-7.509401757770795,89425.185,-0.19006390649345206,2,0
1769284947772,2026-01-24,2026-01-24 21:02:27,89185.72,1781861494696.59,19452423580.0,166.84956452286602,-0.07786659424513509,-13.04772279225932,89398.80083333334,-0.2383486482448332,2,0
1769288425293,2026-01-24,2026-01-24 22:00:25,89238.26,1782965138515.32,17827572030.4,169.85816482026235,0.058910776299159195,-8.352951717906187,89393.93,-0.17413934033328465,2,0
1769292031272,2026-01-24,2026-01-24 23:00:31,89238.43,1782813214064.42,17086881036.98,169.78768390370033,0.0001905012491310032,-4.154749688611314,89394.00333333334,-0.17403106196424017,2,0
1769295735413,2026-01-25,2026-01-25 00:02:15,89294.13,1783076353379.22,16452069441.61,169.73721451322405,0.06241705507370465,-3.715198777331674,89385.93208333333,-0.10270305538431104,2,0
1769299307175,2026-01-25,2026-01-25 01:01:47,89096.86,1781352219000.29,16298779751.08,178.27414335990125,-0.2209215768158579,-0.9317350080124576,89369.91791666666,-0.3055367208922263,2,0
1769302891055,2026-01-25,2026-01-25 02:01:31,89168.24,1781045136464.64,16189936541.79,182.88275902175337,0.08011505680447506,-0.6677997430009297,89362.98,-0.21792021707421877,2,0
1769306525697,2026-01-25,2026-01-25 03:02:05,89029.2,1778844796372.71,16074928358.92,194.66985684505482,-0.15592995891812178,-0.7103683363621438,89346.86083333334,-0.355536647141866,2,0
1769310059623,2026-01-25,2026-01-25 04:00:59,88995.39,1778206923595.99,16045662328.94,201.44851959551474,-0.03797630440349753,-0.18206009586201333,89323.06958333333,-0.3668476518573116,2,0
1769313718628,2026-01-25,2026-01-25 05:01:58,88824.89,1774850222734.27,16646500446.15,214.1288988873477,-0.19158295727452757,3.7445516731729134,89289.175,-0.519979045612196,2,0
1769317245095,2026-01-25,2026-01-25 06:00:45,88902.32,1776758722139.22,17015005046.15,208.50827002403574,0.08717151239929777,2.2137061251527257,89255.52083333333,-0.3957187522246974,2,0
1769320939843,2026-01-25,2026-01-25 07:02:19,88850.71,1775394085313.78,16976481182.45,206.4117019860659,-0.058052478270531616,-0.2264111212163078,89222.13708333333,-0.41629476212435507,2,0
1769324476424,2026-01-25,2026-01-25 08:01:16,88705.86,1772497181047.01,17552258710.72,222.9108919893963,-0.1630262718215869,3.3916188053459972,89189.03875,-0.5417467849994138,2,0
1769328213533,2026-01-25,2026-01-25 09:03:33,88542.65,1768453815832.5,17679430865.29,250.2370285033253,-0.1839900994139554,0.7245344127267739,89150.03458333334,-0.6813060546438622,2,0
1769331722785,2026-01-25,2026-01-25 10:02:02,88160.16,1762064865304.87,18346527478.61,309.481733315411,-0.4319839083198773,3.773292355410085,89093.21708333334,-1.0472818401658999,2,0
1769335319870,2026-01-25,2026-01-25 11:01:59,88260.08,1763402290021.49,18607936726.82,343.0146960948897,0.11333917724287712,1.4248431945215412,89043.40375,-0.8797100256850817,2,0
1769338947282,2026-01-25,2026-01-25 12:02:27,88493.9,1768669071700.46,19404215563.76,347.1862344197772,0.2649215817615236,4.279243038226288,89002.11666666665,-0.5710163821946481,2,0
1769342585796,2026-01-25,2026-01-25 13:03:05,88393.36,1766685974220.46,19539913579.2,354.90202866032627,-0.11361235068179099,0.6993223456733588,88958.13791666667,-0.6348805515643103,2,0
1769346085598,2026-01-25,2026-01-25 14:01:25,88647.68,1771114041280.25,20324699942.9,347.9688308184067,0.2877139187830391,4.016324639917523,88927.25291666668,-0.3143838446563424,2,0
1769349738806,2026-01-25,2026-01-25 15:02:18,88786.1,1773894920733.31,20176700025.56,346.16815988849356,0.15614621837820586,-0.7281776250364858,88912.67416666665,-0.14235784476505625,2,0
1769353286879,2026-01-25,2026-01-25 16:01:26,88575.81,1769750996960.77,20307390400.71,341.9426131819732,-0.23685013757784867,0.6477291875501834,88882.08166666667,-0.3445820135213239,2,0
1769356910978,2026-01-25,2026-01-25 17:01:50,88316.56,1764637198904.97,20648500186.0,355.9640400104338,-0.2926871343315929,1.6797322480099464,88847.77375,-0.597892020901644,2,0
1769360568644,2026-01-25,2026-01-25 18:02:48,87930.8,1756104578133.76,24195071828.41,396.19729054370447,-0.4367923750653313,17.17592856848087,88797.48208333335,-0.9760210120822984,2,-1
1769364138235,2026-01-25,2026-01-25 19:02:18,87750.86,1752852895793.94,25134654403.94,437.8902133345438,-0.20463819276067552,3.8833634477031698,88735.13291666667,-1.1092257196380417,2,0
1769367713991,2026-01-25,2026-01-25 20:01:53,87305.51,1741509948002.77,28913231738.97,511.8228730039391,-0.5075163935715388,15.033337138057835,88653.895,-1.5209540426847679,2,-1
1769371345027,2026-01-25,2026-01-25 21:02:25,86392.13,1726749675558.83,32144163873.63,676.7155782732149,-1.046188264635295,11.174579735081181,88537.49541666667,-2.423115095553985,2,-1
1769375008052,2026-01-25,2026-01-25 22:03:28,86635.05,1727301775356.35,34580490300.97,762.6776732505906,0.2811830197958942,7.579374087682145,88429.02833333332,-2.028721074001757,2,0
1769378523819,2026-01-25,2026-01-25 23:02:03,86491.47,1727386955939.44,35875253975.7,838.2997730220669,-0.16572969023507245,3.7442027671125144,88314.57166666667,-2.064327134538748,2,0
1769382122378,2026-01-26,2026-01-26 00:02:02,86319.21,1725728882529.59,37859875218.08,904.4899394043199,-0.19916414878831112,5.53200611129967,88190.61666666668,-2.122002019489235,2,0
1769385732687,2026-01-26,2026-01-26 01:02:12,86563.19,1729625211879.58,39552835020.93,941.2320614627823,0.282648555286813,4.471646546900199,88085.04708333332,-1.7277133108569047,2,0
1769389271036,2026-01-26,2026-01-26 02:01:11,86745.84,1732954925638.16,38983342950.91,949.8690312869156,0.21100192818679364,-1.4398261710409366,87984.11375,-1.4073833300389498,2,0
1769392874622,2026-01-26,2026-01-26 03:01:14,87561.08,1750418097014.77,44285252790.33,926.6283434460952,0.9398029922818241,13.600449417835868,87922.94208333333,-0.4115673051413059,2,-1
1769396519783,2026-01-26,2026-01-26 04:01:59,87451.2,1747363464658.79,45899551886.5,902.2137735345063,-0.12548954398461376,3.645229493919677,87858.60083333333,-0.46370057054080277,2,0
1769400103708,2026-01-26,2026-01-26 05:01:43,87170.46,1740288342447.82,47348092681.19,888.2699000512616,-0.32102475437728595,3.155893108220198,87789.66625000001,-0.7053293131752882,2,0
1769403607576,2026-01-26,2026-01-26 06:00:07,87702.26,1751078788892.77,49206158091.21,856.1078263496253,0.6100690532090614,3.924266648988284,87739.66375,-0.042630377643785106,2,0
1769407281287,2026-01-26,2026-01-26 07:01:21,87724.34,1753532019584.33,50286467033.87,822.7769044845659,0.02517609010304067,2.195475088011367,87692.73166666667,0.03604441637588701,2,0
1769410936419,2026-01-26,2026-01-26 08:02:16,87817.45,1755553080047.65,50919846840.42,794.7206643678738,0.10613929953762202,1.259543260661733,87655.71458333333,0.18451211930159178,2,0
1769414502955,2026-01-26,2026-01-26 09:01:42,87907.32,1756408633494.6,52245042439.55,774.2091009045923,0.10233729173416695,2.602512932301426,87629.2425,0.31733413648989833,2,0
1769418102916,2026-01-26,2026-01-26 10:01:42,87876.86,1756010179169.43,52325698691.0,767.8963570329735,-0.03465012924976918,0.15438067935980015,87617.43833333334,0.29608451422616716,2,0
1769421722947,2026-01-26,2026-01-26 11:02:02,87563.61,1749360884936.95,52969662338.55,755.6163236450259,-0.3564647166500956,1.2306833232229142,87588.41875,-0.028324235502877493,2,0
1769425229903,2026-01-26,2026-01-26 12:00:29,87820.32,1754957528370.05,53275198701.05,732.6831561633531,0.29316973112460953,0.5768138761149677,87560.35291666667,0.2969004517155769,2,0
1769428835872,2026-01-26,2026-01-26 13:00:35,87754.54,1753403406311.11,52591374869.36,712.4290963831554,-0.07490293818106508,-1.2835688056786587,87533.73541666666,0.2522508405271244,2,0
1769432546339,2026-01-26,2026-01-26 14:02:26,87714.72,1752451069140.65,53094809548.41,673.3881114634245,-0.045376569690858126,0.9572571173515954,87494.86208333333,0.25128094545400187,2,0
1769436143013,2026-01-26,2026-01-26 15:02:23,87850.86,1755703158359.89,54131513361.87,620.3918829660271,0.15520770060031275,1.9525520898888704,87455.89375,0.4516176475527673,2,0
1769439772174,2026-01-26,2026-01-26 16:02:52,88110.31,1760326201695.18,57569801911.0,590.4088301738336,0.2953300627904998,6.351731802037364,87436.49791666666,0.7706302280948281,2,0
1769443279521,2026-01-26,2026-01-26 17:01:19,87581.75,1749405987350.35,60244511347.87,561.1126622273913,-0.5998843949135968,4.646028556785664,87405.88083333334,0.20120976413704472,2,0
1769446837339,2026-01-26,2026-01-26 18:00:37,87563.39,1751377260359.48,59435554000.07,551.0912128237802,-0.020963271457807853,-1.3427901226201966,87390.57208333333,0.19775350194740945,2,0
1769450486879,2026-01-26,2026-01-26 19:01:26,87596.95,1750521453586.01,59502944880.27,547.6007956124512,0.03832651979325252,0.11338479355289532,87384.15916666666,0.2435119080650297,2,0
1769454019413,2026-01-26,2026-01-26 20:00:19,88146.73,1760553936384.44,57575707076.07,568.857575343493,0.627624591952114,-3.2388948279415852,87419.21,0.8322198290284131,2,0
1769457895357,2026-01-26,2026-01-26 21:04:55,87955.7,1756367681556.83,54716286219.1,534.6205158091532,-0.21671819249562407,-4.966366897052755,87484.35875,0.5387720236333077,2,0
1769461321439,2026-01-26,2026-01-26 22:02:01,87520.84,1748747129533.25,53491701410.13,503.08405692003805,-0.4944079803810286,-2.2380627297444944,87521.26666666666,-0.0004875005617677821,2,0
1769464890269,2026-01-26,2026-01-26 23:01:30,87969.53,1757645466858.81,52617973667.39,460.178762809509,0.5126664689232951,-1.6333893290119472,87582.8525,0.44149909367248036,2,0
1769468614878,2026-01-27,2026-01-27 00:03:34,88019.52,1758790720127.92,51584051526.77,381.30262467613505,0.05682649435549969,-1.9649600099685638,87653.69875,0.4173483323771413,2,0
1769472211083,2026-01-27,2026-01-27 01:03:31,88220.24,1764364440334.51,50673492172.59,320.4181788416323,0.22804032560050924,-1.765195495951799,87722.74250000001,0.5671248821250631,2,0
1769475756457,2026-01-27,2026-01-27 02:02:36,88237.8,1763244962583.62,49445292191.91,262.0618625140956,0.019904729345543437,-2.423752396019674,87784.90750000002,0.5159115762581251,2,0
1769479419094,2026-01-27,2026-01-27 03:03:39,88494.43,1767691298542.98,47240873953.71,294.6319362457341,0.2908390735036237,-4.458297525362143,87823.79708333332,0.7636118443277123,2,0
1769482889617,2026-01-27,2026-01-27 04:01:29,88661.53,1771550049077.67,46920274964.86,329.59223144337784,0.18882544359006825,-0.6786474550918409,87874.2275,0.8959424422820734,2,0
1769486426916,2026-01-27,2026-01-27 05:00:26,88650.49,1770910093410.5,45440008646.86,330.64747454874765,-0.012451849184191843,-3.15485431214676,87935.89541666668,0.8126312695712721,2,0
1769490092817,2026-01-27,2026-01-27 06:01:32,88468.85,1767845511535.28,43814283000.85,343.85964925818473,-0.20489452455366708,-3.57774061762276,87967.83666666667,0.5695414964355753,2,0
1769493694990,2026-01-27,2026-01-27 07:01:34,88339.22,1765465231821.75,43387643408.78,347.8123726405841,-0.14652615016472748,-0.9737454611815077,87993.45666666667,0.3929420964142175,2,0
1769497267230,2026-01-27,2026-01-27 08:01:07,88213.01,1762247957105.98,41955112352.05,348.48087105651274,-0.1428697242289556,-3.3017028448244945,88009.93833333334,0.2307371991303207,2,0
1769500868034,2026-01-27,2026-01-27 09:01:08,88220.82,1762784402641.21,41434377575.6,350.3377602290468,0.00885356933180148,-1.2411712119382745,88023.00083333334,0.22473576769011502,2,0
1769504502745,2026-01-27,2026-01-27 10:01:42,88045.46,1759353671504.12,40194142890.6,348.967633952853,-0.19877394021048378,-2.993250430121952,88030.02583333333,0.017532843504890785,2,0
1769508095460,2026-01-27,2026-01-27 11:01:35,87817.23,1755062942072.79,39900906872.6,337.8938363838813,-0.25921836287755573,-0.7295491255980391,88040.59333333332,-0.2537049386839594,2,0
1769511766188,2026-01-27,2026-01-27 12:02:46,87674.71,1751629307970.33,39400189112.05,343.2851819616487,-0.16229161407161907,-1.2549032084627654,88034.52625,-0.4087217428514179,2,0
1769515245527,2026-01-27,2026-01-27 13:00:45,87892.82,1756888002130.01,40443164754.98,339.5214092875241,0.24877185222511589,2.6471335961456566,88040.28791666667,-0.16750049341756446,2,0
1769518884971,2026-01-27,2026-01-27 14:01:24,87866.67,1755447041651.06,40880191402.12,334.56700041104233,-0.029752145852202094,1.0805945820206553,88046.61916666666,-0.20437941668836349,2,0
1769522464317,2026-01-27,2026-01-27 15:01:04,87862.2,1755497919919.52,40455143274.72,334.2864046789411,-0.005087253221269794,-1.0397410403953256,88047.09166666667,-0.20999179321748634,2,0
1769526041493,2026-01-27,2026-01-27 16:00:41,87639.4,1752080698629.36,38980050997.21,344.0908817440094,-0.25357889968610214,-3.6462416348226667,88027.47041666666,-0.44085149196016654,2,0
1769529690298,2026-01-27,2026-01-27 17:01:30,87924.61,1756545408778.02,37047106096.75,331.67439752237857,0.325435819962272,-4.958805468464755,88041.75624999999,-0.13305760242599737,2,0
1769533295767,2026-01-27,2026-01-27 18:01:35,88534.71,1769219061098.15,38254784566.82,330.0223990148876,0.6938899131881282,3.2598456325201086,88082.22791666667,0.5137041762402091,2,0
1769536901008,2026-01-27,2026-01-27 19:01:41,87435.12,1747131044964.43,39978725032.96,341.8112129453945,-1.2419874645774653,4.506470198855195,88075.485,-0.7270638362082312,2,0
1769540513055,2026-01-27,2026-01-27 20:01:53,88153.6,1763458068714.5,40782420786.13,341.87634164443165,0.821729300537366,2.010308614162648,88075.77125,0.0883656752537385,2,0
1769544110052,2026-01-27,2026-01-27 21:01:50,88287.19,1764026184589.99,40040544504.06,343.5067984722428,0.15154230797154167,-1.8191080072478383,88089.58333333333,0.22432466948892807,2,0
1769547700867,2026-01-27,2026-01-27 22:01:40,89269.21,1783378794181.36,42791481304.96,398.61786747325687,1.112301795991022,6.870378100430341,88162.43208333333,1.2553849644489379,2,0
1769551282350,2026-01-27,2026-01-27 23:01:22,88978.32,1777778152650.42,43399146198.35,429.3914901137985,-0.3258570340210265,1.4200604299238417,88204.46500000001,0.877342207109352,2,0
1769554905848,2026-01-28,2026-01-28 00:01:45,89119.68,1780747008014.16,43848270045.97,465.9564590495234,0.15887016073126148,1.0348679339619693,88250.30500000001,0.9851240740754214,2,0
1769558422227,2026-01-28,2026-01-28 01:00:22,89204.22,1782508769730.27,43778458930.63,504.86167984183675,0.09486120237416351,-0.15921064905597415,88291.30416666668,1.0339815930343663,2,0
1769562107195,2026-01-28,2026-01-28 02:01:47,89249.31,1783553630912.47,43210751917.88,541.1197484719125,0.050546936008188936,-1.2967724918082957,88333.45041666667,1.0368207955346895,2,0
1769565668168,2026-01-28,2026-01-28 03:01:08,89316.54,1783451769385.01,44438050083.92,576.6105255259869,0.07532831346259705,2.8402610729209687,88367.705,1.0737350257087608,2,0
1769569320406,2026-01-28,2026-01-28 04:02:00,89153.87,1781348388792.5,43647995850.84,595.952120529846,-0.1821275208376827,-1.7778778132434003,88388.21916666668,0.8662362931982952,2,0
1769572942664,2026-01-28,2026-01-28 05:02:22,89007.48,1778567867999.05,43023799784.28,607.133081226542,-0.16419926583108868,-1.4300681036835905,88403.09375,0.6836709263922066,2,0
1769576599241,2026-01-28,2026-01-28 06:03:19,88907.5,1775753174091.21,43281441660.49,615.740199285536,-0.11232763808164403,0.5988357083795748,88421.37083333333,0.5497869599680572,2,0
1769580103172,2026-01-28,2026-01-28 07:01:43,89002.21,1777478282527.85,42863826152.61,626.6695403683104,0.10652644602537897,-0.9648835432883085,88448.99541666667,0.6254616920488966,2,0
1769583696950,2026-01-28,2026-01-28 08:01:36,89223.36,1782951395343.53,43577961996.02,643.8287699692368,0.24847697602115026,1.6660571570709104,88491.09333333334,0.8275032425108803,2,0
1769587258462,2026-01-28,2026-01-28 09:00:58,89039.39,1779452391305.55,43709273355.3,650.5355212266262,-0.20619039677501894,0.3013251498360514,88525.20041666667,0.5808397845056095,2,0
1769590831361,2026-01-28,2026-01-28 10:00:31,88938.69,1777193488798.14,44041639843.17,647.4396829090049,-0.1130960128994607,0.7604026842731537,88562.41833333333,0.42486607044812985,2,0
1769594514482,2026-01-28,2026-01-28 11:01:54,89242.96,1783375421211.5,44073175213.81,641.473592677226,0.3421120774322217,0.07160353418331766,88621.82375,0.7008840754081305,2,0
1769598146047,2026-01-28,2026-01-28 12:02:26,89293.44,1784214383796.76,44701630627.41,622.3761559005642,0.05656468588670638,1.4259363219264687,88689.27083333333,0.6812201306762807,2,0
1769601681997,2026-01-28,2026-01-28 13:01:21,89953.35,1796570581443.38,46052706621.51,649.2722472775398,0.7390352527576471,3.022431117471469,88775.12624999999,1.327200309106876,2,0
1769605307936,2026-01-28,2026-01-28 14:01:47,89870.97,1795830698524.48,46488098386.89,656.2061260679982,-0.09158080271608471,0.9454205785521363,88858.63875,1.1392603625722355,2,0
1769608916496,2026-01-28,2026-01-28 15:01:56,90117.42,1800863283261.25,48805739324.72,668.6674517911099,0.27422648270070127,4.985450079161757,88952.60625000001,1.3094768091744209,2,0
1769612473419,2026-01-28,2026-01-28 16:01:13,89511.63,1788434853082.17,49412876386.1,615.9339575259212,-0.6722229730944274,1.2439870182900492,89030.61583333333,0.5402795006687822,2,0
1769616091318,2026-01-28,2026-01-28 17:01:31,89395.34,1786255774089.22,50050317885.76,572.7608419618153,-0.12991607906146507,1.2900311543881715,89091.89625,0.3405963536217709,2,0
1769619702776,2026-01-28,2026-01-28 18:01:42,89594.24,1787367821681.15,48780818846.24,568.7660998092562,0.22249481908118707,-2.536445507534313,89136.04333333333,0.5140419627481077,2,0
1769623308147,2026-01-28,2026-01-28 19:01:48,90031.13,1801551306765.13,37928074581.69,469.394581380874,0.4876317941867603,-22.247974759830257,89244.21041666665,0.8817598135042616,2,-1
1769626924691,2026-01-28,2026-01-28 20:02:04,89355.29,1786553770145.95,47801628699.75,408.08981074455653,-0.7506736836469963,26.032310437468166,89294.28083333332,0.06832371132541312,2,-1
1769630556400,2026-01-28,2026-01-28 21:02:36,89347.78,1786060022625.1,48719992322.11,347.1698725898745,-0.008404650692750426,1.9211973469113186,89338.47208333334,0.01041871038266167,2,0
1769634099464,2026-01-28,2026-01-28 22:01:39,89024.74,1780294910548.24,47517621527.95,352.83075887376896,-0.3615534711662649,-2.467920738186047,89328.28583333333,-0.33980931180037593,2,0
1769637668618,2026-01-28,2026-01-28 23:01:08,89288.25,1784855592007.89,46702076574.38,345.050969535731,0.2959963713457636,-1.7163000321686828,89341.19958333333,-0.05926670291005659,2,0
1769641295870,2026-01-29,2026-01-29 00:01:35,89259.32,1783531442761.7,45537895365.95,342.3197599107794,-0.03240067982068773,-2.492782535217397,89347.01791666668,-0.0981542738767921,2,0
1769644892568,2026-01-29,2026-01-29 01:01:32,89173.21,1781144268415.72,45836987735.82,342.9401452383995,-0.0964717185835573,0.6567988429558413,89345.72583333333,-0.193087953256026,2,0
1769648485338,2026-01-29,2026-01-29 02:01:25,89003.36,1778158032088.28,45812596941.37,349.5575196670911,-0.1904720038675367,-0.053212036075700464,89335.47791666667,-0.3717648625291665,2,0
1769652096031,2026-01-29,2026-01-29 03:01:36,88464.57,1768057873508.23,45750854840.04,392.22102544196224,-0.605359168462849,-0.13477101376510037,89299.97916666667,-0.9355088035434846,2,0
1769655789281,2026-01-29,2026-01-29 04:03:09,87653.21,1752594984057.5,47718813112.91,516.4648620532697,-0.917158134606888,4.3014677643743005,89237.45166666668,-1.7753102952607493,2,0
1769659352498,2026-01-29,2026-01-29 05:02:32,87921.17,1756235862625.33,48176798815.82,581.0585481033123,0.3057047197700946,0.9597592082316364,89192.18875000002,-1.4250337028532865,2,0
1769662866015,2026-01-29,2026-01-29 06:01:06,88177.05,1761871893998.45,48718736389.46,614.7709111220153,0.2910334336997611,1.1248932825774327,89161.75333333334,-1.1044010425097872,2,0
1769666472912,2026-01-29,2026-01-29 07:01:12,88048.67,1759054520285.87,48777662949.76,655.0244195792458,-0.1455934395627967,0.12095256295019396,89122.0225,-1.2043628161602908,2,0
1769670074395,2026-01-29,2026-01-29 08:01:14,88157.57,1761560964521.48,48988566694.85,683.3701841666724,0.12368159564477565,0.4323777162247966,89077.61458333333,-1.0328572308956558,2,0
1769673719444,2026-01-29,2026-01-29 09:01:59,88269.37,1763411144543.76,48973932847.76,703.0360661069418,0.12681837759365155,-0.02987196416900373,89045.53041666666,-0.8716444419330357,2,0
1769677335790,2026-01-29,2026-01-29 10:02:15,87913.43,1755910608407.7,50263476734.16,739.9885886796586,-0.40324293693271285,2.6331229930188993,89002.81124999998,-1.2239852142872525,2,0
1769680933996,2026-01-29,2026-01-29 11:02:13,87747.57,1753425346873.81,49779944850.26,780.7241927885173,-0.1886628698254511,-0.9619945043940481,88940.50333333334,-1.3412711741268546,2,0
1769684416194,2026-01-29,2026-01-29 12:00:16,87845.64,1754461744724.41,49615681923.03,807.7348626741314,0.11176377875763421,-0.3299781221616671,88880.17833333334,-1.1639696867545042,2,0
1769688022335,2026-01-29,2026-01-29 13:00:22,87659.21,1751386209948.25,49412226540.32,810.9519448254363,-0.2122245338527784,-0.4100626552419939,88784.58916666667,-1.267538856945208,2,0
1769691740956,2026-01-29,2026-01-29 14:02:20,87969.1,1757832009567.06,47161279160.22,792.8999245198979,0.3535167611024459,-4.555446167282595,88705.34458333334,-0.8299889784450086,2,0
1769695269616,2026-01-29,2026-01-29 15:01:09,87905.02,1755352658350.78,45895847318.2,748.9846090788499,-0.07284375991115644,-2.683200847290379,88613.16125,-0.7991377804501931,2,0
1769698823187,2026-01-29,2026-01-29 16:00:23,86955.0,1739319515439.44,46177372668.62,795.9789476238499,-1.08073463836309,0.6134004858177278,88506.635,-1.7531284518951542,2,0
1769702468719,2026-01-29,2026-01-29 17:01:08,84643.77,1691997097169.1,50383598380.62,1098.6869803836516,-2.6579610143177446,9.108845889056738,88308.65291666666,-4.150083593875062,2,-1
1769706027852,2026-01-29,2026-01-29 18:00:27,85127.74,1698257316610.08,57098077812.28,1240.5790974914369,0.5717727364931813,13.326716724232046,88122.54875,-3.3984590691948138,1,-1
1769709768811,2026-01-29,2026-01-29 19:02:48,84187.97,1680184721010.69,62599987303.85,1411.3432090642607,-1.103952718585044,9.635892664650637,87879.08375,-4.200218746591113,1,-1
1769713262469,2026-01-29,2026-01-29 20:01:02,83407.63,1669114135907.74,65637721828.03,1643.8850012379232,-0.9269020265009309,4.852612045167581,87631.26458333334,-4.819780478366655,1,-1
1769716891240,2026-01-29,2026-01-29 21:01:31,83859.73,1678496799430.02,66904791086.45,1771.4810070521942,0.5420367417225291,1.930397983250698,87402.59583333333,-4.053501843456877,1,0
1769720499334,2026-01-29,2026-01-29 22:01:39,84060.22,1680897293401.73,68292930196.71,1861.398758427947,0.23907780289778024,2.074797765179981,87195.74083333333,-3.595956411823588,1,0
1769724088904,2026-01-29,2026-01-29 23:01:28,84392.37,1686062638010.97,69525926738.99,1890.158506663369,0.395133393655156,1.8054526855539876,86991.74583333333,-2.988071808920192,1,0
1769727697033,2026-01-30,2026-01-30 00:01:37,84419.97,1686896454490.22,69893676818.56,1895.8583574540564,0.03270437836975226,0.5289394860575891,86790.10625,-2.7308829916313138,1,0
1769731300905,2026-01-30,2026-01-30 01:01:40,84570.41,1689639802554.1,70962598615.02,1877.0182482433531,0.17820428033794578,1.5293540776726733,86598.32291666667,-2.3417461774844335,1,0
1769734946683,2026-01-30,2026-01-30 02:02:26,84037.19,1680596181713.25,71981285978.85,1874.0925052869698,-0.6305042153632701,1.435527142060411,86391.39916666667,-2.725050397812075,1,0
1769738590087,2026-01-30,2026-01-30 03:03:10,82279.35,1644482915171.32,78257403050.64,1997.8030774276326,-2.091740573429446,8.7190955071768,86133.68166666667,-4.474825169534433,1,-1
1769742131480,2026-01-30,2026-01-30 04:02:11,82005.64,1638101237333.39,81740807528.41,2138.6789450535534,-0.3326594096817792,4.451213996349845,85898.36625,-4.53178147611161,1,0
1769745678663,2026-01-30,2026-01-30 05:01:18,82557.83,1649684214135.93,82636709243.03,2197.5251288938057,0.673356125261626,1.0960274821222082,85674.89375,-3.6382464145162725,1,0
1769749296381,2026-01-30,2026-01-30 06:01:36,82795.67,1655062281882.41,84543524268.12,2205.6468239487267,0.2880889674546916,2.307467277626163,85450.66958333334,-3.1070553294425913,1,0
1769752900374,2026-01-30,2026-01-30 07:01:40,82959.58,1657871512748.3,85437360739.36,2189.589944870312,0.19796928993991436,1.0572500720520184,85238.62416666666,-2.6737223752115655,1,0
1769756502426,2026-01-30,2026-01-30 08:01:42,82491.57,1648125200285.04,87849323402.98,2166.5180295417235,-0.5641422003341834,2.8230772144028027,85002.54083333333,-2.9539950320504547,1,0
1769760070112,2026-01-30,2026-01-30 09:01:10,82694.41,1653909112240.04,90170565198.87,2098.8371132686093,0.2458917923370718,2.64229900239763,84770.25083333334,-2.448784582948378,1,0
1769763704172,2026-01-30,2026-01-30 10:01:44,82552.04,1648553029265.54,88690565496.41,2034.0673822609076,-0.17216399512374192,-1.641333509661247,84546.85958333334,-2.359424812659254,1,0
1769767278961,2026-01-30,2026-01-30 11:01:18,82225.86,1643057713209.02,90306976703.35,1967.4856811912055,-0.3951204597730018,1.822528921642097,84316.78833333333,-2.479848171003821,1,0
1769770945065,2026-01-30,2026-01-30 12:02:25,82666.73,1651811807082.94,90617747332.73,1843.7361648646825,0.5361695213646822,0.3441269331835084,84101.00041666666,-1.7054142157177365,1,0
1769774509158,2026-01-30,2026-01-30 13:01:49,83059.42,1657140120164.52,91916606961.98,1690.482285267092,0.4750278618738113,1.4333391277989493,83909.34250000001,-1.0129056844892035,1,0
1769778042459,2026-01-30,2026-01-30 14:00:42,82637.06,1651045546431.46,91402327266.37,1469.6976850829174,-0.5085034304357028,-0.5595068319076746,83687.17416666666,-1.254808968188265,1,0
1769781752364,2026-01-30,2026-01-30 15:02:32,82617.91,1650101987074.94,92397284573.48,1177.112004670173,-0.02317362210125795,1.0885470172006029,83466.87791666666,-1.0171315111537664,1,0
1769785329735,2026-01-30,2026-01-30 16:02:09,82948.93,1656678228904.78,92704584447.78,916.069445970265,0.4006637301766425,0.33258539546756616,83299.95833333333,-0.4214027718101125,1,0
1769788879428,2026-01-30,2026-01-30 17:01:19,82762.54,1655614152720.25,85496802451.09,875.6796993877376,-0.2247045260258318,-7.7750005996198635,83221.57375,-0.5515802325235436,1,0
1769792517569,2026-01-30,2026-01-30 18:01:57,82970.01,1658170972373.16,81240611223.77,776.6305836369503,0.25068104483019216,-4.978187610881502,83131.66833333333,-0.19446059074038807,1,0
1769796058654,2026-01-30,2026-01-30 19:00:58,82877.03,1657583958975.36,79088570577.37,744.5461736718555,-0.11206458815660181,-2.64897151065544,83077.04583333334,-0.24075944363092075,1,0
1769799711185,2026-01-30,2026-01-30 20:01:51,83826.73,1672733435287.95,79064266679.97,757.4398823475724,1.1459146159074507,-0.03072997428398283,83094.50833333333,0.8811914064517475,1,0
1769803315715,2026-01-30,2026-01-30 21:01:55,84128.56,1681222834371.11,78985738745.34,771.1125912175803,0.36006414660336716,-0.09932165050978714,83105.70958333333,1.2307823635643422,1,0
1769806909922,2026-01-30,2026-01-30 22:01:49,83788.09,1674377429086.18,80678037513.5,758.3621864763734,-0.40470204173231883,2.1425371149799366,83094.37083333333,0.8348569941736373,1,0
1769810484299,2026-01-30,2026-01-30 23:01:24,84177.33,1683210782307.92,80714609640.74,743.4840338268785,0.4645528976731761,0.045330957925049375,83085.41083333334,1.3142128752989064,1,0
1769814034782,2026-01-31,2026-01-31 00:00:34,84022.42,1678051994037.28,80845220222.54,716.3927892651512,-0.18402817005481742,0.16181777051431645,83068.84625,1.1479318577871735,1,0
1769817736468,2026-01-31,2026-01-31 01:02:16,84121.73,1681092724873.11,79330100689.41,680.4573551106253,0.11819464376292554,-1.8740990858326145,83050.15125,1.2902791071075872,1,0
1769821314503,2026-01-31,2026-01-31 02:01:54,83941.88,1677290890334.34,77573089852.58,674.7001604124317,-0.21379731491493192,-2.214809790433747,83046.18000000001,1.0785565332445117,2,0
1769824833617,2026-01-31,2026-01-31 03:00:33,83873.38,1676672186069.43,71006790942.85,674.3894658516556,-0.08160408130005736,-8.464660776318954,83112.59791666667,0.9153631367607371,2,0
1769828534721,2026-01-31,2026-01-31 04:02:14,84015.98,1678848058625.7,65473070431.97,655.5042994714755,0.1700181869384476,-7.793227151095783,83196.36208333333,0.9851607644162405,2,0
1769832091995,2026-01-31,2026-01-31 05:01:31,83894.1,1676927447949.8,63281467371.34,655.660624090154,-0.1450676407035778,-3.3473350893283627,83252.04,0.7712243447728275,2,0
1769835706169,2026-01-31,2026-01-31 06:01:46,83853.85,1675423857342.57,61146824566.98,659.2068786172867,-0.04797715214777121,-3.3732511160554535,83296.13083333333,0.6695619125246205,2,0
1769839362683,2026-01-31,2026-01-31 07:02:42,83861.83,1675724023256.82,58994812403.34,664.8819910195383,0.009516557677424764,-3.519417694834992,83333.72458333333,0.6337235246680589,2,0
1769842817273,2026-01-31,2026-01-31 08:00:17,83637.65,1671237312768.63,58114742354.48,642.5486820328117,-0.26732066304778757,-1.4917753155024305,83381.47791666666,0.3072290030519279,2,0
1769846576428,2026-01-31,2026-01-31 09:02:56,83426.28,1666741248348.88,55416473374.13,625.6686661638412,-0.25272111303940026,-4.643002568765587,83411.97249999999,0.01715281340458637,2,0
1769850184519,2026-01-31,2026-01-31 10:03:04,82961.42,1654801310598.04,56538317948.23,606.4916963191018,-0.5572105096859126,2.02438824738298,83429.03,-0.560488357589679,2,0
1769853768259,2026-01-31,2026-01-31 11:02:48,83001.14,1658135853539.02,55157934972.81,558.358142901669,0.047877676153573745,-2.4414998986775127,83461.33333333333,-0.551385072528591,2,0
1769857323921,2026-01-31,2026-01-31 12:02:03,82985.77,1658844886027.47,55135462030.91,542.1812902215813,-0.018517817948038306,-0.040742899296486446,83474.62666666666,-0.5856350440700695,2,0
1769860815256,2026-01-31,2026-01-31 13:00:15,82807.69,1655982753730.22,54402000231.35,552.8920128854594,-0.21459100759082528,-1.3302904746654964,83464.13791666666,-0.7865029616936512,2,0
1769864501543,2026-01-31,2026-01-31 14:01:41,82635.24,1652680924180.26,53587954304.59,553.0104971874321,-0.20825360543205163,-1.4963529342637893,83464.06208333334,-0.9930286912058134,2,0
1769868109781,2026-01-31,2026-01-31 15:01:49,82643.11,1649607110596.66,53084116009.93,551.3555053324131,0.009523781863518543,-0.9402081143016106,83465.11208333333,-0.9848451200935564,2,0
1769871808554,2026-01-31,2026-01-31 16:03:28,81202.92,1626449036271.35,56539886254.53,713.7129696089893,-1.7426619109566444,6.5099892479203225,83392.36166666666,-2.6254702743858402,2,0
1769875324835,2026-01-31,2026-01-31 17:02:04,81212.1,1622691326353.32,55891996102.21,833.3428561077159,0.011305012184292806,-1.1458992849814775,83327.76,-2.5389618057655565,2,0
1769878917285,2026-01-31,2026-01-31 18:01:57,80261.28,1602524134729.0,61338381678.7,1041.3658331908082,-1.1707861266978759,9.744482137532117,83214.89625,-3.549384044326086,1,-1
1769882559650,2026-01-31,2026-01-31 19:02:39,78903.32,1574539912879.36,68170708407.61,1363.4959605366248,-1.6919241756423453,11.138746314988879,83049.325,-4.992219984930631,1,-1
1769886133097,2026-01-31,2026-01-31 20:02:13,77976.06,1555333542866.92,74185870299.18,1699.9639826579598,-1.1751850239001493,8.823675200210346,82805.54708333332,-5.83232313950303,1,-1
1769889685796,2026-01-31,2026-01-31 21:01:25,77690.91,1554412482289.23,75366823476.09,1968.7728141963385,-0.36568916151956676,1.5918842390705956,82537.31166666668,-5.87177068019763,1,-1
1769893401559,2026-01-31,2026-01-31 22:03:21,77983.89,1557722879442.17,74106180489.14,2156.0333151999116,0.3771097545388402,-1.6726762901848158,82295.47,-5.239146213029711,1,-1
1769896956309,2026-01-31,2026-01-31 23:02:36,78213.31,1561643558652.64,75050856478.58,2270.3725164537664,0.2941889664647368,1.274760058074298,82046.96916666666,-4.672517712237652,1,0
1769900532043,2026-02-01,2026-02-01 00:02:12,78078.55,1560732785926.04,76019168736.48,2367.621075120791,-0.17229803980932656,1.2902081379662311,81799.30791666667,-4.548642294696679,1,0
1769904133341,2026-02-01,2026-02-01 01:02:13,78641.51,1571721606617.82,78233261839.67,2397.971570227017,0.721017488157738,2.912545796001975,81570.96541666667,-3.591296733712715,1,0
1769907686241,2026-02-01,2026-02-01 02:01:26,78832.01,1577198308250.87,79601757961.56,2405.1470893389524,0.24223848194167008,1.7492510087264046,81358.05416666665,-3.1048483060962995,1,0
1769911296183,2026-02-01,2026-02-01 03:01:36,78446.45,1567027735898.2,79560221032.49,2413.4791236700144,-0.4890906625366953,-0.0521809192832734,81131.93208333333,-3.310018650332384,1,0
1769914843632,2026-02-01,2026-02-01 04:00:43,78852.68,1576316192344.69,81542257954.54,2375.039700070872,0.5178437010215253,2.4912410955225672,80916.79458333334,-2.550909973587232,1,0
1769918543747,2026-02-01,2026-02-01 05:02:23,78767.62,1573922970782.4,81000112899.24,2325.6442108750257,-0.1078720469614991,-0.6648639231970233,80703.19124999999,-2.3983825422764724,1,0
1769922088993,2026-02-01,2026-02-01 06:01:28,78912.8,1577497421747.33,82586816836.48,2252.1476147155063,0.1843143159587779,1.9588910193418796,80497.31416666666,-1.9684062543825793,1,0
1769925716119,2026-02-01,2026-02-01 07:01:56,78539.57,1568949008531.77,82662027399.37,2166.8692183939274,-0.4729650956498799,0.09106848498461328,80275.55333333333,-2.162530510533995,1,0
1769929280629,2026-02-01,2026-02-01 08:01:20,78249.02,1564071596169.35,83626804735.72,2080.8199187683786,-0.3699409100406337,1.167134858293295,80051.02708333333,-2.2510730330260924,1,0
1769932961584,2026-02-01,2026-02-01 09:02:41,78306.03,1564445536713.85,84068463785.33,1979.7449827355622,0.07285714249201103,0.5281309635179143,79837.68333333333,-1.9184591403265945,1,0
1769936534104,2026-02-01,2026-02-01 10:02:14,78503.16,1569067663512.96,82544369173.92,1880.576070332307,0.2517430649976893,-1.8129207348213217,79651.9225,-1.4422282148933656,1,0
1769940082425,2026-02-01,2026-02-01 11:01:22,78943.28,1575170629326.22,82773574103.18,1743.8070508217502,0.5606398519498956,0.2776748208918489,79482.845,-0.6788445984790835,1,0
1769943651074,2026-02-01,2026-02-01 12:00:51,78190.06,1561929606352.79,83084906521.89,1593.224436756054,-0.9541280777793926,0.376125378278247,79283.02375000001,-1.378559618823834,1,0
1769947281241,2026-02-01,2026-02-01 13:01:21,78674.55,1571664704497.48,82099682094.57,1408.3224264118767,0.6196311909723695,-1.185804339877805,79110.80958333334,-0.5514538223424293,1,0
1769950875326,2026-02-01,2026-02-01 14:01:15,78395.43,1566874016097.47,83306993631.19,1197.0746218501133,-0.35477800635658197,1.4705434976341358,78934.15083333333,-0.6824939872613948,1,0
1769954470977,2026-02-01,2026-02-01 15:01:10,78250.68,1563246295303.83,83463836589.42,905.6723865076746,-0.18464086490755927,0.18827105791905385,78751.13291666667,-0.6354866249305243,1,0
1769958143062,2026-02-01,2026-02-01 16:02:23,78153.43,1562106000716.09,79888888919.94,746.7055519671064,-0.12428007015402587,-4.2832294986223545,78624.07083333333,-0.598596369209881,1,0
1769961713804,2026-02-01,2026-02-01 17:01:53,77544.74,1551328586381.0,80612046421.01,540.9634800012277,-0.7788397770897459,0.9052041039082415,78471.26416666666,-1.180717778037566,0,0
1769965277622,2026-02-01,2026-02-01 18:01:17,77393.56,1546350779776.48,75686616145.41,434.66052210622917,-0.19495842013269593,-6.110042474143507,78351.77583333333,-1.222966324811339,0,0
1769968939141,2026-02-01,2026-02-01 19:02:19,77696.03,1551967589369.07,66382279180.46,437.9028636481504,0.39082063158744074,-12.293239463995064,78301.47208333333,-0.7732192859528599,0,0
1769972492719,2026-02-01,2026-02-01 20:01:32,77896.36,1553595637128.81,58460878605.67,440.770729097262,0.25783814179438647,-11.933004820843374,78298.15125000001,-0.5131554750470679,0,0
1769976090378,2026-02-01,2026-02-01 21:01:30,77077.96,1539220200661.57,54687939376.59,492.23904950552253,-1.0506267558586746,-6.45378468313692,78272.61166666666,-1.5262703533570918,0,-1
1769979694657,2026-02-01,2026-02-01 22:01:34,77035.92,1539382322409.21,53605164016.19,550.9472447836856,-0.05454218041059944,-1.9799161803187082,78233.11291666667,-1.5302892496964908,0,0
1769983316369,2026-02-01,2026-02-01 23:01:56,76435.75,1526747207671.78,53721807505.2,662.0111731488155,-0.7790781235558653,0.2175974855235241,78159.04791666666,-2.2048604257616424,0,0
1769986808714,2026-02-02,2026-02-02 00:00:08,77145.44,1541546307094.24,54017502629.55,693.5916106300409,0.9284791475193233,0.550419165106053,78120.16833333332,-1.2477294329093354,0,0
1769990495648,2026-02-02,2026-02-02 01:01:35,76906.68,1538967094702.0,58079188094.32,726.5149016026395,-0.3094933414081402,7.519202604801789,78047.88375,-1.4621841043832284,0,0
1769994141892,2026-02-02,2026-02-02 02:02:21,77576.32,1550582712243.87,58447605047.84,712.673164987224,0.8707176021641061,0.6343355780416449,77995.56333333334,-0.5375220274281395,0,0
1769997651309,2026-02-02,2026-02-02 03:00:51,77483.39,1547973324551.9,59034831529.35,713.2944836457324,-0.11979170963511976,1.0047058062162773,77955.43583333334,-0.605532928252186,0,0
1770001338913,2026-02-02,2026-02-02 04:02:18,76425.36,1529075619507.45,59390357849.77,751.5993767222632,-1.3654926559098612,0.6022314474519064,77854.2975,-1.8353996450870294,0,0
1770004920712,2026-02-02,2026-02-02 05:02:00,76187.07,1522416430200.01,67556832966.76,798.3885568198358,-0.3117944096043379,13.750506669192664,77746.77458333333,-2.0061341344283634,0,-1
1770008537015,2026-02-02,2026-02-02 06:02:17,75825.18,1514892417402.99,69971108409.16,849.461317812308,-0.47500186055194904,3.573695415218614,77618.12375,-2.3099550251625427,0,0
1770012203502,2026-02-02,2026-02-02 07:03:23,75442.36,1506554287674.47,73222407278.58,934.4059415697091,-0.5048718644650618,4.646630506991323,77489.07333333333,-2.6412928239947115,1,0
1770015754828,2026-02-02,2026-02-02 08:02:34,76403.39,1523291198171.37,76164882821.5,945.0302680636967,1.2738599375735404,4.018545213523406,77412.17208333332,-1.3031310919003563,1,0
1770019424420,2026-02-02,2026-02-02 09:03:44,76579.25,1530281493441.32,78325767896.8,939.7369570326968,0.23017303289813995,2.8371146849450968,77340.22291666667,-0.9839290448989352,1,0
1770022982414,2026-02-02,2026-02-02 10:03:02,76827.72,1536009569118.24,80179229776.92,911.3941000014362,0.3244612607200992,2.3663500912778357,77270.41291666667,-0.5729138747376633,1,0
1770026575065,2026-02-02,2026-02-02 11:02:55,77614.62,1550833572887.51,83180601533.87,843.1602106722736,1.0242396884874383,3.7433282476030394,77215.05208333333,0.5174741269816647,1,0
1770030176792,2026-02-02,2026-02-02 12:02:56,77441.06,1547896629218.78,83497220315.86,819.0186157826925,-0.22361766378550252,0.38064016868293304,77183.84375,0.33325141312361456,1,0
1770033790742,2026-02-02,2026-02-02 13:03:10,77690.22,1552410841492.13,84171896816.67,763.915686709098,0.3217414637661342,0.8080227081306068,77142.83,0.7095798792966234,1,0
1770037374105,2026-02-02,2026-02-02 14:02:54,77918.29,1556534216668.7,85489661471.32,735.5828971694533,0.2935633339691712,1.5655636910739457,77122.94916666667,1.0312635109616313,1,0
1770041011189,2026-02-02,2026-02-02 15:03:31,78175.74,1562309672765.65,86512545749.47,730.7306728657992,0.3304102284585664,1.1965005598871814,77119.82666666668,1.3691853041854998,1,0
1770044562887,2026-02-02,2026-02-02 16:02:42,77708.56,1563523139094.02,87112923680.99,708.6813578354781,-0.5976022740558751,0.6939778806863695,77101.29041666667,0.7876257064590664,1,0
1770048103552,2026-02-02,2026-02-02 17:01:43,78762.48,1573855418415.73,89776161898.79,781.6479059931831,1.356246982314424,3.0572251570304854,77152.02958333334,2.087372717690054,1,0
1770051849045,2026-02-02,2026-02-02 18:04:09,78627.17,1570620291169.01,90931666786.28,836.8336691103818,-0.1717949968055854,1.2870954416526192,77203.43000000001,1.84414086265337,1,0
1770055379982,2026-02-02,2026-02-02 19:02:59,78920.29,1577916696003.05,92665241427.78,902.8743121442337,0.37279734219100025,1.9064586659062188,77254.44083333334,2.1563150916599225,1,0
1770059007125,2026-02-02,2026-02-02 20:03:27,78527.96,1570113296896.7,92894428139.5,931.1600008650925,-0.4971218428112545,0.24732759359249457,77280.75749999999,1.6138590515239373,1,0
1770062545545,2026-02-02,2026-02-02 21:02:25,78264.26,1565454816176.65,93613059720.34,951.1976045545667,-0.33580396078035646,0.7736003065337949,77330.18666666666,1.2079025974160333,1,0
1770066167462,2026-02-02,2026-02-02 22:02:47,77931.72,1558618464112.32,93062403592.86,956.708170759138,-0.42489381487794686,-0.5882257551724335,77367.51166666667,0.7292574378819194,1,0
1770069796172,2026-02-02,2026-02-02 23:03:16,78478.47,1567453027330.59,91698409922.41,961.0652594817841,0.7015756870244916,-1.4656763825028118,77452.625,1.3244806099212276,1,0
1770073410436,2026-02-03,2026-02-03 00:03:30,78698.24,1571666810457.4,89708527950.57,991.279276723285,0.28003858892764466,-2.1700288734817996,77517.325,1.523420732075066,1,0
1770076951621,2026-02-03,2026-02-03 01:02:31,78664.87,1572284291986.76,83742944987.87,1008.9979268539792,-0.042402473041336375,-6.649961936714743,77590.58291666667,1.3845585932601228,1,0
1770080533347,2026-02-03,2026-02-03 02:02:13,78994.24,1576865684783.33,83206342117.3,1048.8512523605186,0.4187002406538243,-0.6407738235713056,77649.66291666667,1.7315942308420995,1,0
1770084174687,2026-02-03,2026-02-03 03:02:54,78916.39,1576824909208.17,81895797719.17,1079.3201285887196,-0.09855148932378377,-1.575053493257117,77709.37125,1.5532473504603255,1,0
1770087751154,2026-02-03,2026-02-03 04:02:31,77764.35,1558131293718.62,78976546354.42,1044.094541497519,-1.4598234916726294,-3.5645923796486456,77765.1625,-0.0010448123219700082,1,0
1770091342481,2026-02-03,2026-02-03 05:02:22,78679.47,1571044076920.19,73887153583.32,1003.4682246751648,1.1767860208437453,-6.444182489647643,77869.0125,1.0407959135220883,1,0
1770094948179,2026-02-03,2026-02-03 06:02:28,78732.09,1573714988164.28,70827986050.67,917.8277261524199,0.06687894567667385,-4.14032397282742,77990.13375,0.9513462976975636,1,0
1770098667137,2026-02-03,2026-02-03 07:04:27,78167.16,1562462752818.5,67314510473.35,740.3351029710849,-0.7175346164441931,-4.960575294074399,78103.66708333333,0.08129313134417299,0,0
1770102076117,2026-02-03,2026-02-03 08:01:16,78514.41,1568964875492.02,64293788981.76,649.357324804072,0.44424026662859273,-4.487474498957999,78191.62625,0.41281114804796926,0,0
1770105669140,2026-02-03,2026-02-03 09:01:09,78696.8,1571867361993.01,62883551401.67,558.2154319230291,0.2323013062188295,-2.1934273938810533,78279.8575,0.5326306323437094,0,0
1770109221488,2026-02-03,2026-02-03 10:00:21,78650.13,1573924926822.02,62088139202.34,468.89874470441123,-0.059303554909473366,-1.2648970702199835,78355.79125,0.3756438998374736,0,0
1770112884996,2026-02-03,2026-02-03 11:01:24,78350.9,1565776532714.88,60378796034.86,441.58902855861254,-0.38045709523939486,-2.7530913141226354,78386.46958333334,-0.04537719777713735,0,0
1770116545058,2026-02-03,2026-02-03 12:02:25,78062.95,1560718954309.06,59349817760.28,399.987564390076,-0.36751332786221225,-1.704204691305733,78412.38166666667,-0.4456332778566977,0,0
1770120109910,2026-02-03,2026-02-03 13:01:49,78016.08,1561910283025.78,54682290500.63,379.4094015924001,-0.060041287191936465,-7.864434021520717,78425.95916666667,-0.5226320098879663,0,0
1770123771185,2026-02-03,2026-02-03 14:02:51,78252.02,1563916007615.87,54520405031.95,365.8682679656719,0.30242483344460336,-0.296047344026551,78439.86458333333,-0.23947591486948727,0,0
1770127346062,2026-02-03,2026-02-03 15:02:26,78216.79,1564024515673.79,53412428195.09,364.67381614621405,-0.04502120200859938,-2.0322241483912373,78441.575,-0.2865635984489137,0,0
1770130929193,2026-02-03,2026-02-03 16:02:09,77166.79,1541807070763.11,53425571220.39,423.9686640216709,-1.3424227713768389,0.024606680025840433,78419.00125,-1.596821216847629,0,0
1770134581592,2026-02-03,2026-02-03 17:03:01,77956.3,1558790674702.62,52412607205.99,427.4937773611105,1.0231214749246487,-1.8960284209622147,78385.41041666667,-0.5474365884999224,0,0
1770138091755,2026-02-03,2026-02-03 18:01:31,76462.13,1530990850744.22,53853747851.79,576.6666955837903,-1.9166763943388787,2.749606864882881,78295.20041666667,-2.3412296116639917,0,0
1770141689737,2026-02-03,2026-02-03 19:01:29,74893.61,1496559451005.28,55789112298.32,888.4038864507382,-2.051368435590273,3.5937414269779033,78127.42208333332,-4.139151141943517,0,-1
1770145354074,2026-02-03,2026-02-03 20:02:34,73111.91,1460419730324.45,63707350150.19,1350.1322206995674,-2.3789746548470547,14.193159786319898,77901.75333333334,-6.1485693561197605,1,-1
1770148810546,2026-02-03,2026-02-03 21:00:10,74635.94,1488067544491.96,68292157507.09,1502.3359714376545,2.0845167360557193,7.196669373457398,77750.57333333333,-4.005929731193405,1,-1
1770152557773,2026-02-03,2026-02-03 22:02:37,76411.92,1526911380552.56,71167127952.77,1526.209354146484,2.3795238594167767,4.209810541395664,77687.24833333334,-1.6416186191346054,1,-1
1770156076126,2026-02-03,2026-02-03 23:01:16,76152.05,1521465252314.7,71604663370.43,1547.5020186063618,-0.34009091775208944,0.6147998805717592,77590.31416666666,-1.8536645741338533,1,0
1770159704571,2026-02-04,2026-02-04 00:01:44,75560.99,1507821144189.25,73291609050.96,1581.9648895048565,-0.7761577002851516,2.3559159433555354,77459.59541666666,-2.45109131600001,1,0
1770163279881,2026-02-04,2026-02-04 01:01:19,75649.7,1511439704276.81,73185397333.1,1601.6883683861286,0.1174018498169449,-0.14491661355960916,77333.96333333333,-2.177908981689765,1,0
1770166933289,2026-02-04,2026-02-04 02:02:13,75911.76,1515251766752.87,76249997313.09,1586.2804419518932,0.34641247751148185,4.187447348330431,77205.52666666666,-1.6757435931400027,1,0
1770170400667,2026-02-04,2026-02-04 03:00:00,76360.77,1525635671100.54,76804035406.59,1551.8431838421134,0.5914893818823375,0.7266073613420243,77099.0425,-0.9575637725980733,1,0
1770174085322,2026-02-04,2026-02-04 04:01:25,75870.19,1515543170537.02,75270864370.07,1564.6495387923255,-0.6424503053072961,-1.996211564149708,77020.11916666666,-1.4930243929878637,1,0
1770177670803,2026-02-04,2026-02-04 05:01:10,76608.27,1531000343795.02,75689715229.78,1525.7838770910105,0.972819496036581,0.5564581504613919,76933.81916666667,-0.4231548234481976,1,0
1770181268545,2026-02-04,2026-02-04 06:01:08,76382.71,1526329357952.68,75296326029.4,1480.0754779246683,-0.294432963960678,-0.519739305645095,76835.92833333333,-0.5898520954509063,1,0
1770184864476,2026-02-04,2026-02-04 07:01:04,76167.81,1521493474075.83,76458213062.55,1457.9912428049063,-0.2813463937061278,1.5430859570709332,76752.62208333334,-0.7619441101287515,1,0
1770188477198,2026-02-04,2026-02-04 08:01:17,76550.49,1529613556977.76,75159313021.6,1409.1045231759558,0.5024169659072708,-1.6988365133349004,76670.79208333333,-0.1569073177209026,1,0
1770192093151,2026-02-04,2026-02-04 09:01:33,76424.47,1527383645096.26,75893005697.45,1341.787567511298,-0.16462337471648825,0.9761833182790447,76576.11166666666,-0.19802737872974546,1,0
1770195687154,2026-02-04,2026-02-04 10:01:27,76472.56,1526596088817.6,75285130682.69,1266.982972218445,0.0629248720992015,-0.80096315750533,76485.37958333333,-0.016760828544183235,1,0
1770199273198,2026-02-04,2026-02-04 11:01:13,76006.4,1518833713200.81,74085699332.19,1205.7990543168874,-0.609578128416266,-1.593184921940738,76387.69208333334,-0.49915382037905626,1,0
1770202909512,2026-02-04,2026-02-04 12:01:49,76181.5,1521809603886.39,73953237849.42,1152.1136234904402,0.23037533681375955,-0.17879494148534958,76309.29833333334,-0.1674741297909626,1,0
1770206455291,2026-02-04,2026-02-04 13:00:55,75973.91,1518835686210.77,75323257924.99,1094.5522414529983,-0.2724939781967972,1.8525491451227172,76224.20791666667,-0.32837063645227377,1,0
1770210137140,2026-02-04,2026-02-04 14:02:17,76047.64,1519246705853.57,75002216118.38,1005.8893951444142,0.09704647292734236,-0.42621869453616235,76132.35875,-0.1112782414612893,1,0
1770213686031,2026-02-04,2026-02-04 15:01:26,74754.94,1493910753042.06,76250767043.11,940.0459859706643,-1.6998555116240266,1.6646853777751547,75988.115,-1.6228524684419436,1,0
1770217310821,2026-02-04,2026-02-04 16:01:50,74135.7,1482892144794.52,77568164177.6,977.6667495736992,-0.8283599719296264,1.7277165667660688,75861.81958333334,-2.2753469305296914,1,0
1770220907736,2026-02-04,2026-02-04 17:01:47,74029.46,1479246732687.5,79127149593.73,939.7578942350478,-0.1433047775902696,2.0098263671169736,75698.20125,-2.2044661860442716,1,0
1770224508467,2026-02-04,2026-02-04 18:01:48,73499.67,1466706008668.69,79610051112.99,1025.6834730454393,-0.7156475273492613,0.6102854983901507,75574.76541666666,-2.7457517138505576,1,0
1770228094709,2026-02-04,2026-02-04 19:01:34,72395.8,1447813750039.37,80103576545.56,1208.2775973226471,-1.5018706886711142,0.6199285462956672,75470.69,-4.074283672244151,1,0
1770231694175,2026-02-04,2026-02-04 20:01:34,73462.81,1468042860345.62,76649004902.74,1180.293033916918,1.4738562181783932,-4.312630960810038,75485.31083333334,-2.679330337261099,1,-1
1770235342286,2026-02-04,2026-02-04 21:02:22,73639.69,1472656331344.12,73606290520.65,1228.0178187226384,0.24077489004301622,-3.9696723864202976,75443.80041666667,-2.391330244105926,1,0
1770238906111,2026-02-04,2026-02-04 22:01:46,73384.77,1467660450457.84,71706708609.8,1278.6740936201943,-0.34617201674803644,-2.580733110462985,75317.66916666667,-2.566328974399692,1,0
1770242473653,2026-02-04,2026-02-04 23:01:13,72629.99,1451477573966.35,71695273830.37,1377.0751595279442,-1.028524038434675,-0.015946596422700132,75170.91666666667,-3.3801991239963143,1,0
1770246095860,2026-02-05,2026-02-05 00:01:35,72402.78,1451681129774.6,73045789744.35,1484.8591772082173,-0.31283220609008566,1.8836888986229594,75039.32458333333,-3.5135505256385633,1,0
1770249694865,2026-02-05,2026-02-05 01:01:34,73023.41,1460118181407.56,73261159270.56,1533.8856268993768,0.857190842672062,0.29484180671295324,74929.89583333333,-2.5443593803652473,1,0
1770253310545,2026-02-05,2026-02-05 02:01:50,72713.22,1453313407281.9,73935454059.93,1583.0327905025626,-0.4247815871649907,0.9203987434593497,74796.62333333334,-2.7854243152776936,1,0
1770256877906,2026-02-05,2026-02-05 03:01:17,72289.92,1446449592572.2,75225814334.34,1625.668412117577,-0.5821499859310353,1.7452523837401035,74627.00458333334,-3.1316875122913506,1,0
1770260585124,2026-02-05,2026-02-05 04:03:05,71337.22,1425688781735.68,78134811371.76,1734.6264184142635,-1.3178877497720287,3.867019670257088,74438.13083333334,-4.165755908455397,1,0
1770264201193,2026-02-05,2026-02-05 05:03:21,71128.7,1421329560591.85,79282502305.64,1796.0962595706999,-0.2923018306572711,1.4688599277719705,74209.81541666666,-4.151897426731349,1,0
1770267814483,2026-02-05,2026-02-05 06:03:34,70762.54,1412953854216.75,84152993185.98,1865.513817055174,-0.5147851711053364,6.14321034112153,73975.64166666666,-4.343459001200511,1,0
1770271365683,2026-02-05,2026-02-05 07:02:45,70587.38,1409978442015.41,87653237652.45,1927.1563484301453,-0.24753209819770028,4.159382018336988,73743.12375,-4.279373573458087,1,0
1770274878770,2026-02-05,2026-02-05 08:01:18,70800.17,1414492822390.11,85588272843.48,1920.3978370493708,0.30145615264369763,-2.355834039077598,73503.52708333333,-3.677860356644454,1,0
1770278447621,2026-02-05,2026-02-05 09:00:47,70541.27,1411369482323.49,86635922637.96,1906.7754671306118,-0.3656770880634763,1.2240576420976534,73258.39375,-3.708958947792926,1,0
1770282132543,2026-02-05,2026-02-05 10:02:12,71011.65,1419236749397.62,92600311916.43,1830.8665137649991,0.6668153266874643,6.884429803321157,73030.85583333333,-2.764866726937244,1,0
1770285714791,2026-02-05,2026-02-05 11:01:54,71426.18,1429308809694.24,94400372771.77,1743.8672816117692,0.583749286208679,1.943903663050861,72840.01333333332,-1.9410119090221594,1,0
1770289334107,2026-02-05,2026-02-05 12:02:14,70712.55,1411518161106.99,95291797429.71,1642.625452937958,-0.9991154503852684,0.9443020528056456,72612.14041666666,-2.616078256013847,1,0
1770293034009,2026-02-05,2026-02-05 13:03:54,70198.49,1401906606317.04,98251920638.02,1549.1010689767381,-0.7269713791964727,3.106377766138224,72371.49791666666,-3.002574189038895,1,0
1770296584086,2026-02-05,2026-02-05 14:03:04,69436.27,1387804063034.66,100405122336.81,1451.741206773262,-1.085806831457492,2.191511051191375,72096.02416666667,-3.689182860511181,1,0
1770300176542,2026-02-05,2026-02-05 15:02:56,69608.72,1390626128020.14,102833376460.86,1421.681097977209,0.24835723462679482,2.4184564168991285,71881.59833333333,-3.1619752287552227,1,0
1770303771227,2026-02-05,2026-02-05 16:02:51,69359.6,1394122500392.21,103105296987.14,1426.7035856370505,-0.35788619586740733,0.2644282777036766,71682.59416666666,-3.2406669899048923,1,0
1770307367386,2026-02-05,2026-02-05 17:02:47,67375.62,1348377220973.97,111543279006.64,1588.1849941637904,-2.86042595401359,8.183849196954874,71405.35083333333,-5.6434577889535165,1,-1
1770310907488,2026-02-05,2026-02-05 18:01:47,68153.73,1367239811611.16,115145664123.42,1655.1592165966667,1.1548836211080493,3.2295850981443275,71182.60333333333,-4.255075245210901,1,-1
1770314587444,2026-02-05,2026-02-05 19:03:07,66086.43,1323145260863.32,114759451303.23,1931.997843253316,-3.0332895939811366,-0.3354123866757486,70919.71291666667,-6.815147323489546,1,-1
1770318158071,2026-02-05,2026-02-05 20:02:38,66223.31,1323339419787.2,116953798388.1,2077.3651046637474,0.2071227027999667,1.9121275502371082,70618.06708333333,-6.22327580581789,1,-1
1770321786580,2026-02-05,2026-02-05 21:03:06,65141.5,1302815066761.86,119140008425.13,2256.4757067026712,-1.6335788712463883,1.8692937443342217,70263.97583333333,-7.290330176424803,1,-1
1770325432325,2026-02-05,2026-02-05 22:03:52,63880.77,1268051525678.0,131958390918.62,2505.221300852221,-1.935371460589641,10.759091478111916,69867.97583333333,-8.569313425675194,1,-1
1770328994760,2026-02-05,2026-02-05 23:03:14,63151.48,1260693833714.08,136841206726.98,2782.634407499622,-1.1416424692438643,3.7002692851652697,69473.03791666667,-9.099296800939397,1,-1
1770332589772,2026-02-06,2026-02-06 00:03:09,63819.5,1278449498217.38,140635639166.16,2937.017522304799,1.057805771139475,2.772872682093852,69115.40125,-7.662403971068599,1,-1
1770336185158,2026-02-06,2026-02-06 01:03:05,62822.26,1258539183266.03,142969080106.99,3081.4647219672192,-1.562594504814352,1.6592102504494166,68690.35333333333,-8.542820132045708,1,-1
1770339766464,2026-02-06,2026-02-06 02:02:46,63474.18,1268771716948.41,156013535568.45,3133.7095557817875,1.0377213427215093,9.123969638538831,68305.39333333333,-7.072960270877575,1,-1
1770343352077,2026-02-06,2026-02-06 03:02:32,65564.69,1309706987391.87,162374904265.33,3061.781169616505,3.2934809083000394,4.0774466610872695,68025.17541666667,-3.617021788765319,1,-1
1770346828120,2026-02-06,2026-02-06 04:00:28,64816.19,1295203389368.79,163736099802.6,3044.3797979256274,-1.1416205887650799,0.8383041353765774,67753.46583333334,-4.335240710133906,1,0
1770350595073,2026-02-06,2026-02-06 05:03:15,64091.23,1280244016470.72,161516430150.4,3044.066895617138,-1.1184859832088279,-1.3556385274084648,67460.23791666667,-4.994064682707438,1,0
1770354169928,2026-02-06,2026-02-06 06:02:49,64822.46,1295413333587.82,159552982310.23,3005.1287954936665,1.1409205284404589,-1.2156335044934297,67212.73458333332,-3.5562823000003916,1,-1
1770357800975,2026-02-06,2026-02-06 07:03:20,66360.17,1324951493672.37,162264206968.75,2921.4533244067557,2.372187047514096,1.6992629152166927,67036.60083333334,-1.009047035387566,1,-1
1770361411020,2026-02-06,2026-02-06 08:03:31,64760.1,1300238004626.11,161997384220.78,2842.230908722835,-2.4111903269687263,-0.16443721813609313,66784.93125,-3.0318684351419405,1,-1
1770365010609,2026-02-06,2026-02-06 09:03:30,64762.32,1294278723090.35,162318983230.3,2753.5725796859197,0.0034280367077865748,0.19852111258888971,66544.14166666666,-2.677653692780614,1,0
1770368557087,2026-02-06,2026-02-06 10:02:37,64812.46,1295650346535.66,162197083585.64,2602.912811339573,0.07742156241468123,-0.07509882222895836,66285.84208333334,-2.2227704092240823,1,0
1770372070528,2026-02-06,2026-02-06 11:01:10,65743.14,1314298829234.88,165270409326.78,2362.3340801887443,1.435958456136377,1.8948094954600592,66049.04875,-0.4631539072695613,1,0
1770375791873,2026-02-06,2026-02-06 12:03:11,65852.65,1316383267082.49,165388006623.69,2143.346957118206,0.16657251235641102,0.07115447791836704,65846.55291666667,0.009259533055652911,1,0
1770379414016,2026-02-06,2026-02-06 13:03:34,66468.23,1328369574770.21,164183065633.56,1939.6085792938954,0.934783945672657,-0.7285540316545602,65691.12541666666,1.1829673771065772,1,0
1770383009986,2026-02-06,2026-02-06 14:03:29,66475.34,1328319175118.52,160591669868.12,1778.512588115462,0.01069683967813706,-2.187433735374167,65567.75333333334,1.3841966828612629,1,0
1770386606188,2026-02-06,2026-02-06 15:03:26,67249.24,1346412321146.68,162169925886.12,1601.866886367804,1.1641911120725545,0.9827757686909244,65469.44166666667,2.718517659574764,1,0
1770390191417,2026-02-06,2026-02-06 16:03:11,68114.36,1359473711331.27,164512877815.28,1486.3894809960125,1.2864383300093651,1.4447511869773555,65417.556666666664,4.122445824558723,1,-1
1770393815201,2026-02-06,2026-02-06 17:03:35,68582.17,1370607134230.5,157357383903.04,1573.3548149612632,0.6868008449319563,-4.349503824420598,65467.82958333334,4.757054627421925,1,-1
1770397391194,2026-02-06,2026-02-06 18:03:11,69872.0,1399153617091.62,159453872658.09,1731.9865546045128,1.8807074783431244,1.3323103772122868,65539.42416666668,6.610640676847551,1,-1
1770400953543,2026-02-06,2026-02-06 19:02:33,70772.62,1413973722966.03,158805332144.59,2034.132528862076,1.2889569498511388,-0.40672609745304733,65734.68208333333,7.664048500728969,1,-1
1770404532385,2026-02-06,2026-02-06 20:02:12,69753.81,1394177162487.75,155754508695.34,2192.4997550303515,-1.4395538839737654,-1.9211089502160217,65881.78625,5.877229459606513,1,-1
1770408165035,2026-02-06,2026-02-06 21:02:45,70670.26,1413115627446.02,153010324806.85,2392.652642613172,1.3138350435624835,-1.7618648162909256,66112.15125000001,6.894509804655591,1,-1
1770411794009,2026-02-06,2026-02-06 22:03:14,69990.28,1399844899539.23,141509745628.23,2468.7231253564896,-0.9621869227593005,-7.516211205444834,66366.71416666667,5.459914474948193,1,-1
1770415413268,2026-02-06,2026-02-06 23:03:33,70289.43,1405417297072.46,134951738286.69,2494.364930414563,0.4274164926901136,-4.634314981223275,66664.12875,5.438158898911567,1,-1
1770418943560,2026-02-07,2026-02-07 00:02:23,71297.64,1424905056534.49,132024258013.65,2588.8565858445018,1.434369292794102,-2.1692794107037727,66975.71791666666,6.4529686545664395,1,-1
1770422513674,2026-02-07,2026-02-07 01:01:53,70545.51,1409456747955.53,128240322935.28,2529.4521542973134,-1.0549157026796485,-2.866090773999108,67297.52,4.826314550669906,1,-1
1770426180531,2026-02-07,2026-02-07 02:03:00,69924.37,1397402371552.01,112714668980.12,2446.877523636836,-0.8804812666319939,-12.106686570803049,67566.27791666666,3.490042897200444,1,-1
1770429748253,2026-02-07,2026-02-07 03:02:28,70471.76,1408479938966.42,108575067303.52,2477.1827216926295,0.7828315078133752,-3.6726379219816696,67770.73916666667,3.9855265953212995,1,-1
1770433383055,2026-02-07,2026-02-07 04:03:03,70323.88,1404672703279.63,103832603184.52,2446.498927621183,-0.20984292147662176,-4.36791266796318,68000.22624999999,3.4171264981636917,1,0
1770436854461,2026-02-07,2026-02-07 05:00:54,70793.24,1414666712829.43,103167736814.83,2361.947852255015,0.6674262000333275,-0.6403252439972751,68279.47666666667,3.6815796723300447,1,0
1770440660268,2026-02-07,2026-02-07 06:04:20,70717.03,1412768560248.91,101450324029.38,2292.286688001905,-0.10765152152946156,-1.6646801010401946,68525.08375,3.1987501948875665,1,0
1770444243769,2026-02-07,2026-02-07 07:04:03,70109.21,1398173184276.45,99122888504.08,2265.9316816170704,-0.8595100784068443,-2.2941627319257973,68681.29375,2.0790468146940073,1,0
1770447669434,2026-02-07,2026-02-07 08:01:09,68878.39,1377918393577.79,98126969432.48,2106.3947531536905,-1.7555753373914906,-1.0047316887451418,68852.88916666668,0.037036693219360164,1,-1
1770451431218,2026-02-07,2026-02-07 09:03:51,68052.87,1361231924198.28,99416928440.32,1928.1078050256692,-1.198518141901983,1.3145815215740653,68989.99541666666,-1.3583497302860679,1,0
1770454950609,2026-02-07,2026-02-07 10:02:30,68503.08,1369604200204.41,99303906320.82,1715.9425040900817,0.6615591671593091,-0.11368498431114649,69143.77125,-0.9266073261805249,1,0
1770458417946,2026-02-07,2026-02-07 11:00:17,68042.75,1360080938299.89,98940574772.11,1576.321564942428,-0.6719843837678541,-0.36587840516182357,69239.58833333333,-1.7285462870915873,1,0
1770462149277,2026-02-07,2026-02-07 12:02:29,67959.15,1357111503374.51,97563955211.09,1431.5307152714506,-0.1228639348057059,-1.3913599796552378,69327.35916666666,-1.9735486582972528,1,0
1770465789434,2026-02-07,2026-02-07 13:03:09,67902.78,1354279877673.32,97208075934.89,1333.555289188512,-0.0829468879466444,-0.36476511784502286,69387.13208333333,-2.139232504307337,1,0
1770469371796,2026-02-07,2026-02-07 14:02:51,68967.55,1377541826798.63,99031866216.79,1185.807797022196,1.5680801286781065,1.8761715673927926,69490.97416666667,-0.7532261174109994,1,0
1770472965726,2026-02-07,2026-02-07 15:02:45,68966.61,1377943733016.26,96148208102.01,1092.8208163139245,-0.0013629598267672627,-2.9118487058169773,69562.53125,-0.8566698757098484,1,0
1770476597965,2026-02-07,2026-02-07 16:03:17,68572.19,1369437729350.29,91161881883.91,1070.2043868929948,-0.5718999382454792,-5.186083356654625,69581.6075,-1.4506958609715879,1,0
1770480237146,2026-02-07,2026-02-07 17:03:57,69097.8,1380014076829.15,87345575063.76,1054.3260193874748,0.7665060719221684,-4.186296664004674,69603.09208333334,-0.7259621206603368,1,0
1770483818965,2026-02-07,2026-02-07 18:03:38,68955.47,1376389010217.44,84835407217.03,1060.741720166859,-0.20598340323425557,-2.8738351598207923,69564.90333333334,-0.8760643717322795,1,0
1770487205809,2026-02-07,2026-02-07 19:00:05,69077.47,1381954545131.17,83877612461.54,1032.8992558479997,0.17692577543160226,-1.129003545700824,69494.27208333333,-0.5997646580620697,1,0
1770491008511,2026-02-07,2026-02-07 20:03:28,69451.25,1387277911054.21,79746590511.77,1031.4391964886204,0.5411026200004221,-4.925059057521652,69481.66541666667,-0.043774737528635234,1,0
1770494615304,2026-02-07,2026-02-07 21:03:35,69274.98,1384182560601.88,77715039228.62,1000.3864822480791,-0.2538039272151349,-2.547508639695595,69423.52875,-0.2139746461677832,1,0
1770498188563,2026-02-07,2026-02-07 22:03:08,69580.39,1389183371325.95,74690229173.16,993.7670902533779,0.440866240596538,-3.892181082945456,69406.45,0.2506107141339203,1,0
1770501764692,2026-02-07,2026-02-07 23:02:44,69423.29,1387322865895.66,73709333124.44,975.8731055429881,-0.22578200553345917,-1.3132856326440234,69370.36083333332,0.07629939650138806,1,0
1770505404271,2026-02-08,2026-02-08 00:03:24,69375.53,1387473719609.58,69565511286.66,885.5171730179036,-0.0687953567167332,-5.621841444127817,69290.27291666667,0.12304336488307148,0,0
1770509035993,2026-02-08,2026-02-08 01:03:55,69271.23,1384237878780.88,68349450225.95,844.2212739514639,-0.1503411937898047,-1.748080389575457,69237.17791666667,0.04918178983885407,0,0
1770512658719,2026-02-08,2026-02-08 02:04:18,69072.05,1378789855348.2,67302413196.2,831.8937382816599,-0.2875363985885504,-1.5318880053734163,69201.66458333333,-0.18729980573985372,0,0
1770516225664,2026-02-08,2026-02-08 03:03:45,69336.65,1385302309059.15,65812987246.6,787.6348099975999,0.3830782494510965,-2.2130349847308217,69154.36833333333,0.2635866266438009,0,0
1770519841815,2026-02-08,2026-02-08 04:04:01,69323.1,1383552592510.45,65686434021.67,748.5481252865158,-0.01954233439311892,-0.19229217548780708,69112.66916666667,0.3044750490331571,0,0
1770523282366,2026-02-08,2026-02-08 05:01:22,69072.73,1380413385887.63,64859818933.39,657.4455123294247,-0.36116388332317895,-1.258425884418235,69040.98125,0.045985369015882634,0,0
1770526997519,2026-02-08,2026-02-08 06:03:17,69257.21,1384091716230.39,62980442390.26,555.2209325485455,0.2670808001942415,-2.8975975789573005,68980.15541666666,0.4016438954940434,0,0
1770530469891,2026-02-08,2026-02-08 07:01:09,69176.63,1382526974315.78,62309233276.37,502.93991399361647,-0.11634889710400165,-1.0657421390133037,68941.29791666668,0.3413513966879283,0,0
1770534168358,2026-02-08,2026-02-08 08:02:48,69275.26,1384845347156.5,60777951795.5,507.28721555936073,0.14257705239471008,-2.4575514740777904,68957.83416666667,0.4603187399507494,0,0
1770537671585,2026-02-08,2026-02-08 09:01:11,69634.78,1390642668602.07,54713385192.34,486.9539106358504,0.518973151454083,-9.978234580140988,69023.74708333334,0.8852502833973281,0,0
1770541381896,2026-02-08,2026-02-08 10:03:01,70616.33,1411427027908.85,53805403588.72,572.2953260340199,1.4095686092495674,-1.6595237169626187,69111.79916666666,2.1769522013239504,0,0
1770544949418,2026-02-08,2026-02-08 11:02:29,70149.49,1403004337712.99,52029292741.02,562.6802851811447,-0.6610935459262723,-3.300989731953907,69199.58,1.3727106436195184,0,0
1770548642408,2026-02-08,2026-02-08 12:04:02,70192.56,1402847481124.53,50790793228.39,532.4885681274419,0.06139745278261888,-2.3803889066774886,69292.63875,1.298725616795766,0,0
1770552261666,2026-02-08,2026-02-08 13:04:21,70948.56,1417395335675.17,50909192221.81,549.5195231404299,1.0770372244579773,0.2331111327354085,69419.54625,2.202569496051695,0,0
1770555867898,2026-02-08,2026-02-08 14:04:27,71178.22,1420231912349.19,48489406747.02,647.0788681543626,0.32369931116291717,-4.753140580677573,69511.6575,2.397529507910238,0,0
1770559445266,2026-02-08,2026-02-08 15:04:05,71450.1,1427218878815.36,47875411428.07,746.9895676119975,0.3819707770157832,-1.2662463002555358,69615.13625,2.6358689343224695,0,0
1770563015083,2026-02-08,2026-02-08 16:03:35,71185.44,1422281405397.04,46594525663.13,778.1645264885155,-0.3704123577153884,-2.6754564122429714,69724.02166666667,2.0960040720542703,0,0
1770566650149,2026-02-08,2026-02-08 17:04:10,71093.29,1420530323260.71,44359669412.38,814.1212131179681,-0.12945062922981032,-4.7963923206507335,69807.16708333333,1.8423937976616809,0,0
1770570234244,2026-02-08,2026-02-08 18:03:54,70382.84,1406638555616.27,40167328812.62,801.2318608299292,-0.999320751648991,-9.45079315354408,69866.64083333332,0.7388349583001483,0,0
1770573844287,2026-02-08,2026-02-08 19:04:04,70734.71,1413720737873.41,39545112061.95,801.6744886004248,0.4999372006017522,-1.5490618098421227,69935.69249999999,1.1425031646037056,0,0
1770577440230,2026-02-08,2026-02-08 20:04:00,71115.1,1421924806538.44,39789681942.22,829.4223584000307,0.537769929359988,0.6184579269540746,70005.01958333333,1.5857154576540744,0,0
1770581039582,2026-02-08,2026-02-08 21:03:59,71364.03,1426668431090.8,38109107529.06,858.5824032154063,0.3500381775459749,-4.223643746638706,70092.06333333334,1.8147085506922962,0,0
1770584415342,2026-02-08,2026-02-08 22:00:15,70744.26,1416008089563.93,39956581402.12,861.2901241443774,-0.868462725549557,4.847853945808667,70140.55791666667,0.8607032810468592,0,0
1770588224885,2026-02-08,2026-02-08 23:03:44,70676.41,1411233261261.12,40124745069.17,853.8686950143114,-0.0959088412261222,0.4208660029185296,70192.77125,0.6890150387102693,0,0
1770591793326,2026-02-09,2026-02-09 00:03:13,71010.31,1417589592278.87,39885620566.42,851.0413609863472,0.47243486192916073,-0.5959527028465361,70260.88708333333,1.066628885254189,0,0
1770595437580,2026-02-09,2026-02-09 01:03:57,70288.14,1405738579972.53,42710413811.38,824.5282178722823,-1.0169931662036058,7.082234662128362,70303.25833333333,-0.021504456111622106,0,0
1770599050666,2026-02-09,2026-02-09 02:04:10,70459.16,1407332824700.22,43232940126.51,781.9912598426869,0.2433127409545932,1.2234166529915047,70361.05458333333,0.1394314187694271,0,0
1770602544784,2026-02-09,2026-02-09 03:02:24,70331.36,1406015303634.44,43958720147.79,751.0858116726015,-0.18138166847291304,1.6787662813497972,70402.50083333334,-0.10104873050142482,0,0
1770606161743,2026-02-09,2026-02-09 04:02:41,70570.0,1410526409725.53,44628836015.89,715.4553363394593,0.33930809812294793,1.5244207880644733,70454.455,0.16399956539298793,0,0
1770609818368,2026-02-09,2026-02-09 05:03:38,71229.74,1422868887671.08,45666691156.23,668.2617446036879,0.9348731755703721,2.3255258998251316,70544.33041666666,0.9716012318566253,0,0
1770613390803,2026-02-09,2026-02-09 06:03:10,70964.74,1417451066072.68,46394131621.18,613.9599170981056,-0.37203561321437206,1.5929344704685322,70615.4775,0.49459766097313673,0,0
1770617070965,2026-02-09,2026-02-09 07:04:30,70917.71,1417975388529.51,45222326315.17,534.2419107919031,-0.0662723487748984,-2.5257619122566966,70688.0225,0.32493128521172027,0,0
1770620577857,2026-02-09,2026-02-09 08:02:57,70599.48,1411594673414.1,46173458009.81,442.4933599872539,-0.44873135356459093,2.1032347783509264,70743.19833333333,-0.20315498411049288,0,0
1770624214806,2026-02-09,2026-02-09 09:03:34,70373.24,1407629973151.97,46330132588.3,383.85712703688233,-0.3204556180866902,0.33931740277437505,70773.9675,-0.5662074829985949,0,0
1770627915874,2026-02-09,2026-02-09 10:05:15,69837.08,1397364844945.17,46182465578.47,428.16961766407485,-0.7618805102621473,-0.31872779459148903,70741.49875000001,-1.2784840100663142,0,0
1770631464242,2026-02-09,2026-02-09 11:04:24,69550.38,1389126299430.05,45873852335.29,478.67144390374864,-0.4105269006092427,-0.6682476548499294,70716.53583333334,-1.6490567864944141,0,0
1770634990367,2026-02-09,2026-02-09 12:03:10,68682.8,1372732664846.42,47155776171.56,626.8091337881178,-1.2474123074525334,2.794454293701931,70653.62916666667,-2.789423827072808,0,0
1770638648041,2026-02-09,2026-02-09 13:04:08,68832.03,1375156443579.47,47596951083.63,724.7502738460297,0.21727419383017477,0.9355691876747674,70565.44041666666,-2.456458014619372,0,0
1770642178390,2026-02-09,2026-02-09 14:02:58,69082.02,1378957347806.08,47716231520.52,772.4326277159679,0.36318847490042216,0.2506052051115981,70478.09875,-1.980868914969135,0,0
1770645818510,2026-02-09,2026-02-09 15:03:38,68592.06,1372998446041.02,47636321385.67,833.9274763427223,-0.7092438814035984,-0.1674695010557059,70359.01375,-2.5113395652166894,0,0
1770649437354,2026-02-09,2026-02-09 16:03:57,69277.24,1383455802812.66,50373282830.75,842.6289637128308,0.9989202831931276,5.745534847078559,70279.50541666667,-1.426113360821939,0,0
1770653048338,2026-02-09,2026-02-09 17:04:08,69497.95,1388905720949.28,50586871562.71,838.556715675905,0.31858948191352265,0.42401193640215773,70213.03291666666,-1.0184475544809077,0,0
1770656658213,2026-02-09,2026-02-09 18:04:18,70052.91,1401464341824.97,51918509561.75,838.356278212111,0.7985271508008651,2.6323786348187994,70199.28583333334,-0.20851470438155661,0,0
1770660278179,2026-02-09,2026-02-09 19:04:38,70580.77,1413123124733.92,54510853357.28,834.6624536785555,0.7535161637111099,4.993101337870187,70192.87166666667,0.5526178429846698,0,0
1770663827055,2026-02-09,2026-02-09 20:03:47,70346.0,1404859191981.32,55540937707.21,812.1766032947551,-0.3326260113059143,1.8896867073030954,70160.82583333334,0.2639281457526515,0,0
1770667423251,2026-02-09,2026-02-09 21:03:43,70891.58,1418579854530.9,56251217032.02,787.0835051526809,0.7755664856566202,1.2788392744722987,70141.14041666668,1.069899318538894,0,0
1770671058216,2026-02-09,2026-02-09 22:04:18,70744.76,1413320682006.5,56620564562.8,787.1001696675442,-0.20710499046573405,0.6566036261397956,70141.16125,0.8605485555744061,0,0
1770674613561,2026-02-09,2026-02-09 23:03:33,70375.1,1406232013125.29,58987498075.99,780.5674320077346,-0.5225263326923302,4.180342480627752,70128.60666666667,0.3514875669852635,0,0
1770678229473,2026-02-10,2026-02-10 00:03:49,70339.17,1405914655947.83,58996917412.39,759.3399635173212,-0.05105498961991417,0.015968360597140574,70100.6425,0.3402643563502239,0,0
1770681843099,2026-02-10,2026-02-10 01:04:03,70123.69,1400890109949.08,55970867172.75,758.315759462148,-0.30634424602962174,-5.129166696096732,70093.79041666667,0.04265653655708502,0,0
1770685432077,2026-02-10,2026-02-10 02:03:52,69826.12,1395756356996.6,55256992263.42,756.0607069192323,-0.42435017324389257,-1.275440144828699,70067.41374999999,-0.3443737068145991,0,0
1770689048786,2026-02-10,2026-02-10 03:04:08,70394.24,1406852606889.8,54673189898.79,757.1233389207556,0.8136210346500805,-1.0565221535166258,70070.03375,0.4626888737583959,0,0
1770692601270,2026-02-10,2026-02-10 04:03:21,70064.76,1399846184345.69,53438939737.4,749.604175984239,-0.46804965860844927,-2.2575053031930636,70048.98208333334,0.022524119833588176,0,0
1770696179597,2026-02-10,2026-02-10 05:02:59,69457.99,1388899741558.54,53117473368.94,714.6946537784058,-0.8660130998807247,-0.6015582832288424,69975.15916666666,-0.7390753702108301,0,0
1770699777463,2026-02-10,2026-02-10 06:02:57,69797.42,1395535374084.81,52918572064.29,683.4591935787166,0.48868387927722967,-0.3744555078297629,69926.52083333334,-0.18462356169707156,0,0
1770703382631,2026-02-10,2026-02-10 07:03:02,69382.34,1385763849909.78,52873750035.39,658.0317235751651,-0.5946924685754862,-0.08469999690382535,69862.54708333332,-0.6873598278066323,0,0
1770707009853,2026-02-10,2026-02-10 08:03:29,68847.05,1376633346563.16,53506698038.91,669.825988019594,-0.7715075622989898,1.1970930813425484,69789.52916666666,-1.3504592707824286,0,0
1770710543150,2026-02-10,2026-02-10 09:02:23,68881.07,1377102101116.34,52722974911.08,682.4235444744473,0.049413881931048564,-1.4647196641812577,69727.35541666667,-1.2137064594082987,0,0
1770714186243,2026-02-10,2026-02-10 10:03:06,69064.99,1380567439458.87,52034983740.19,695.106922248372,0.2670109509042229,-1.3049172055452751,69695.18500000001,-0.9042159799131129,0,0
1770717837962,2026-02-10,2026-02-10 11:03:57,69105.54,1380574232831.35,51648701984.68,704.9964907660119,0.05871281527729533,-0.7423501032280511,69676.65000000001,-0.8196576614978117,0,0
1770721344171,2026-02-10,2026-02-10 12:02:24,68877.65,1377477355312.64,50171205626.95,694.0912869070793,-0.32977095613463403,-2.8606650331082006,69684.76875,-1.1582427042207968,0,0
1770725020193,2026-02-10,2026-02-10 13:03:40,68522.83,1368850816301.66,49736037055.88,713.2137063479967,-0.5151453337911338,-0.8673671793054227,69671.88541666667,-1.6492382971909594,0,0
1770728579479,2026-02-10,2026-02-10 14:02:59,68543.23,1371268212140.79,49549051754.99,740.5439663432049,0.029771099646636046,-0.37595536749321923,69649.43583333334,-1.5882480885852697,0,0
1770732168078,2026-02-10,2026-02-10 15:02:48,68958.61,1378272531894.59,49396649807.46,721.3188950287848,0.6060117096903683,-0.30757792961123576,69664.70875,-1.0135673609630995,0,0
1770735744965,2026-02-10,2026-02-10 16:02:24,68400.93,1367103059924.57,49670133970.19,762.7732546498147,-0.8087169970508512,0.5536492126409387,69628.19583333335,-1.762598927984602,0,0
1770739381918,2026-02-10,2026-02-10 17:03:01,69246.28,1383002070806.83,49421123396.09,766.3631369436678,1.235875009301779,-0.5013285735235851,69617.70958333333,-0.5335274394351118,0,0
1770743001020,2026-02-10,2026-02-10 18:03:21,69539.9,1389528961094.78,49403567289.34,760.8312288545884,0.4240227778300909,-0.03552348781976633,69596.33416666667,-0.08108784369522518,0,0
1770746597790,2026-02-10,2026-02-10 19:03:17,69855.81,1394904230572.36,47715404256.15,733.9645420139337,0.4542859566953661,-3.417087319429779,69566.1275,0.416413145894883,0,0
1770750151070,2026-02-10,2026-02-10 20:02:31,68892.14,1377798895983.91,47050514706.24,726.7610592097916,-1.3795130283365098,-1.393448426719146,69505.55,-0.8825338408227882,0,0
1770753791756,2026-02-10,2026-02-10 21:03:11,69014.1,1379743583906.4,46333518662.42,669.9042587518771,0.17703035498679576,-1.5238856541667345,69427.32166666667,-0.5951859538102561,0,0
1770757242181,2026-02-10,2026-02-10 22:00:42,68756.11,1373749993590.01,45839394600.43,621.0737699406051,-0.3738221609787096,-1.0664505443459205,69344.46125,-0.8484473588725048,0,0
1770760998773,2026-02-10,2026-02-10 23:03:18,68636.08,1371334635461.6,44984430354.03,596.5637201150679,-0.17457357607927326,-1.865129881955252,69272.00208333334,-0.91800736835689,0,0
1770764590009,2026-02-11,2026-02-11 00:03:10,68661.02,1372758916880.87,44352434883.31,563.472959916448,0.03633657400015089,-1.4049204708077023,69202.07916666666,-0.7818539170818392,0,0
1770768270101,2026-02-11,2026-02-11 01:04:30,68787.11,1374903003258.19,42874724071.05,533.6884976463888,0.18364131497026204,-3.3317467601222117,69146.38833333332,-0.5195908882490744,0,0
1770771778705,2026-02-11,2026-02-11 02:02:58,69163.88,1382383852293.84,41130937835.99,513.7642793372902,0.5477334343600093,-4.067166081746166,69118.795,0.06522827835758191,0,0
1770775395302,2026-02-11,2026-02-11 03:03:15,68946.98,1378433241594.61,43655027809.21,436.7081877488581,-0.31360299624603183,6.136718747539471,69058.49250000001,-0.16147543330751338,0,0
1770778822849,2026-02-11,2026-02-11 04:00:22,68644.96,1371758775586.78,43241083756.33,387.907698232911,-0.4380467425839196,-0.94821621621477,68999.33416666667,-0.5135907048185081,0,0
1770782518507,2026-02-11,2026-02-11 05:01:58,68175.45,1363971120199.79,43356164024.03,409.70545474126334,-0.683968640960686,0.26613640941215433,68945.895,-1.1174631934214603,0,0
1770786239711,2026-02-11,2026-02-11 06:03:59,67551.4,1349856352132.71,44388924843.93,460.1548152152539,-0.9153588278478564,2.382039193614083,68852.31083333334,-1.8894221814608072,0,0
1770789788390,2026-02-11,2026-02-11 07:03:08,67393.13,1348452972129.78,44617447024.12,533.7920554137822,-0.2342956622660486,0.5148180114600276,68769.42708333333,-2.001321141828848,0,0
1770793394850,2026-02-11,2026-02-11 08:03:14,66764.59,1334089090478.07,44958933490.73,671.9903641398494,-0.932646992356656,0.7653653209368949,68682.65791666666,-2.792652431992188,0,0
1770796857540,2026-02-11,2026-02-11 09:00:57,67017.06,1341330926966.4,45160793056.81,751.121219407434,0.37814955502610825,0.44898655374379093,68604.99083333333,-2.3145995853144243,0,0
1770800640815,2026-02-11,2026-02-11 10:04:00,66970.63,1338226704776.89,45537195992.77,814.3544458092856,-0.06928086669274469,0.8334728211847553,68517.72583333333,-2.2579497706864573,0,0
1770804222338,2026-02-11,2026-02-11 11:03:42,66807.61,1335200848812.62,45104034962.25,875.0635587374237,-0.24342013805156437,-0.9512246441102157,68421.97875,-2.359430082983378,0,0
1770807649109,2026-02-11,2026-02-11 12:00:49,66494.98,1327326034695.93,46093190568.38,952.8236004637483,-0.46795567151707296,2.193053475055784,68322.70083333334,-2.6751296582842787,0,0
1770811466669,2026-02-11,2026-02-11 13:04:26,67014.71,1339440713134.75,45714337674.53,988.1272427806822,0.7816078747598931,-0.821928118184756,68259.8625,-1.8241356697722568,0,0
1770814941146,2026-02-11,2026-02-11 14:02:21,67091.51,1341010527145.93,46254008029.98,1014.1184564034535,0.1146017046108172,1.1805275607234433,68199.37416666666,-1.6244491686378986,0,0
1770818634080,2026-02-11,2026-02-11 15:03:54,67437.24,1345620193040.85,47615116264.2,1012.1437164320515,0.5153111027013768,2.942681709524031,68135.98375,-1.0255135561904822,0,0
1770822142598,2026-02-11,2026-02-11 16:02:22,66520.47,1332823223096.24,45368182105.93,1062.2853170589303,-1.359441756513169,-4.71895132168223,68057.63124999999,-2.2586170305479008,0,0
1770825818982,2026-02-11,2026-02-11 17:03:38,66493.86,1330202318477.14,50369095822.03,1076.855080047023,-0.04000272397354232,11.022953717703254,67942.94708333335,-2.132799864503983,0,0
1770829377563,2026-02-11,2026-02-11 18:02:57,66001.27,1319703198891.13,50752603750.39,1090.85712626873,-0.740805241265885,0.7613953002354013,67795.50416666667,-2.646538570250564,0,0
1770833032060,2026-02-11,2026-02-11 19:03:52,66499.02,1330316934485.98,51365400028.15,1028.6293676249716,0.75415215495096,1.2074184031499957,67655.63791666667,-1.7095661977074375,0,0
1770836574817,2026-02-11,2026-02-11 20:02:54,67229.71,1343760943547.89,51344650665.13,997.2380722261205,1.0987981477020403,-0.040395602893450455,67586.37000000001,-0.5277099509856846,0,0
1770840145507,2026-02-11,2026-02-11 21:02:25,67537.21,1349997826143.11,52141066121.41,949.7424598676022,0.4573870689015269,1.55111671023771,67524.83291666667,0.018329676355682147,0,0
1770843613247,2026-02-11,2026-02-11 22:00:13,67486.52,1349423363222.19,52541115408.86,912.8195893796692,-0.07505492157582339,0.7672441651240591,67471.93333333333,0.021618865720961167,0,0
1770847391661,2026-02-11,2026-02-11 23:03:11,67779.28,1356207200201.83,53933197656.1,881.528998151146,0.4338051510138552,2.6495102671635573,67436.23333333334,0.508697846409959,0,0
1770850977001,2026-02-12,2026-02-12 00:02:57,67390.93,1347585433401.63,54306834841.86,842.0441983786967,-0.5729627107281199,0.6927777361588339,67383.31291666666,0.011304109287043965,0,0
1770854594816,2026-02-12,2026-02-12 01:03:14,66993.77,1338453692996.86,54800843034.43,790.018671247009,-0.5893374672229501,0.9096611761825857,67308.59041666667,-0.4677269494395988,0,0
1770858210969,2026-02-12,2026-02-12 02:03:30,67451.07,1348338111850.37,55317435910.76,685.5953065631398,0.6826007851177929,0.9426732285951145,67237.22333333334,0.31804803361153744,0,0
1770861740907,2026-02-12,2026-02-12 03:02:20,67649.65,1351326863274.09,55322335342.27,589.3121061046749,0.2944060042338714,0.00885693891867767,67183.16791666667,0.6943436842870244,0,0
1770865333033,2026-02-12,2026-02-12 04:02:13,67387.86,1347407077354.73,55598081784.52,503.3305745299116,-0.38697909006180087,0.4984360124062004,67130.78875,0.382940905040377,0,0
1770868959653,2026-02-12,2026-02-12 05:02:39,67524.27,1348522270916.57,54424687250.1,460.2787705577814,0.20242518459556713,-2.110494637148974,67103.65625,0.6268119704729265,0,0
1770872445953,2026-02-12,2026-02-12 06:00:45,66986.3,1338919906660.1,53991969915.36,450.7333563319291,-0.7967061324765212,-0.7950754641023683,67080.11041666666,-0.13984833370720245,0,0
1770876187764,2026-02-12,2026-02-12 07:03:07,67078.88,1340344128408.84,53319037946.8,445.78208700494855,0.138207364789511,-1.2463556518032437,67067.01666666668,0.0176887744870029,0,0
1770879753276,2026-02-12,2026-02-12 08:02:33,67053.22,1340504987812.44,51541591158.05,441.1376454782247,-0.03825347113727284,-3.3336062637204344,67079.04291666667,-0.038496250906190965,0,0
1770883386608,2026-02-12,2026-02-12 09:03:06,67178.46,1342430037040.49,50899324987.59,441.38183072845305,0.1867770108579414,-1.2461124230536913,67085.76791666666,0.13816951972359282,0,0
1770886826396,2026-02-12,2026-02-12 10:00:26,67025.74,1338949184549.55,51108876405.6,440.89988196193485,-0.227334773675969,0.4116978330480636,67088.06416666666,-0.09289903866032921,0,0
1770890594264,2026-02-12,2026-02-12 11:03:14,67505.2,1350729877055.41,51282011930.28,444.5859663794404,0.7153371227232919,0.3387582292085467,67117.13041666667,0.5781975196558224,0,0
1770894152327,2026-02-12,2026-02-12 12:02:32,67918.87,1356354908661.78,50990141316.22,452.88165644990386,0.6127972363610512,-0.5691481341582483,67176.45916666667,1.1051651762284553,0,0
1770897797199,2026-02-12,2026-02-12 13:03:17,68104.65,1360952426567.17,51145339625.12,489.1526832218606,0.2735322304390442,0.3043692464735903,67221.87333333334,1.3132283033667178,0,0
1770901404804,2026-02-12,2026-02-12 14:03:24,67821.82,1355404809979.11,50669670652.2,503.2043567817333,-0.41528735556234375,-0.9300338533413166,67252.30291666667,0.8468365522576033,0,0
1770904945455,2026-02-12,2026-02-12 15:02:25,68308.51,1360820104400.96,49744713826.23,546.6768540611305,0.7176009136882211,-1.8254644525301122,67288.60583333333,1.5157160027848595,0,0
1770908560906,2026-02-12,2026-02-12 16:02:40,67619.71,1354909129524.7,46693921918.27,525.1471301201324,-1.0083663075069138,-6.132896690525024,67334.4075,0.42370982472817514,0,0
1770912140668,2026-02-12,2026-02-12 17:02:20,67107.4,1342113833851.52,44901368488.96,496.60833822920074,-0.757634127682616,-3.838943818956919,67359.97166666666,-0.37495809516745443,0,0
1770915800830,2026-02-12,2026-02-12 18:03:20,65788.29,1315449960996.63,46749299373.94,523.1376649430856,-1.9656699559214008,4.115533550908057,67351.09749999999,-2.3203890627023496,0,0
1770919336279,2026-02-12,2026-02-12 19:02:16,65411.63,1308686159097.69,48015526327.48,635.22368949961,-0.5725335010227428,2.708547444554532,67305.78958333333,-2.814259508817021,0,0
1770923004539,2026-02-12,2026-02-12 20:03:24,65536.35,1309891650630.0,48298454644.79,730.8827485854148,0.190669457403847,0.5892433946893316,67235.23291666666,-2.5267747919789323,0,0
1770926443822,2026-02-12,2026-02-12 21:00:43,65787.26,1316779494628.52,48989373398.99,784.7513910835087,0.38285623169429517,1.4305193805502547,67162.31833333333,-2.047365795964311,0,0
1770930044970,2026-02-12,2026-02-12 22:00:44,65373.15,1306659190335.03,48913471510.32,861.5990835978246,-0.6294683803520496,-0.15493541436388814,67074.26125,-2.5361609927533784,0,0
1770933720672,2026-02-12,2026-02-12 23:02:00,65760.26,1314278285814.2,47531343694.63,887.9339641240396,0.5921544242551979,-2.8256588073050426,66990.13541666667,-1.8359052553291189,0,0
1770937300131,2026-02-13,2026-02-13 00:01:40,66246.04,1322527539117.7,47942956093.09,896.1812901701406,0.738713624307441,0.8659809853145406,66942.43166666666,-1.040284389629402,0,0
1770940963643,2026-02-13,2026-02-13 01:02:43,66192.38,1323841048612.39,47701691655.58,909.0229651266535,-0.08100106813929697,-0.5032322934813149,66909.04041666667,-1.0710965397258179,0,0
1770944584364,2026-02-13,2026-02-13 02:03:04,65907.85,1318148475931.52,48113619710.33,923.480635260738,-0.4298531039373388,0.8635502022113606,66844.73958333333,-1.4015905951212968,0,0
1770948160046,2026-02-13,2026-02-13 03:02:40,66354.2,1325619563599.61,48298946112.65,912.1785393625009,0.6772334403261304,0.3851849090460657,66790.7625,-0.6536270640719216,0,0
1770951622916,2026-02-13,2026-02-13 04:00:22,66660.75,1331938877004.98,47952305390.48,903.5185312650044,0.4619903487646626,-0.7176983144963733,66760.46625,-0.1493642204753141,0,0
1770955364083,2026-02-13,2026-02-13 05:02:44,66460.8,1328179146341.56,48074293429.11,890.4134834236543,-0.2999516207063291,0.25439452313427147,66716.155,-0.38274837631154845,0,0
1770959002630,2026-02-13,2026-02-13 06:03:22,66287.25,1325272517026.22,48214914366.4,892.6231941291087,-0.2611313736819332,0.2925075487533846,66687.02791666667,-0.5994837814128454,0,0
1770962612338,2026-02-13,2026-02-13 07:03:32,66145.27,1323757655038.22,47491349138.33,895.1436027882102,-0.2141890031642557,-1.5007083131402088,66648.1275,-0.7544960659247302,0,0
1770966224946,2026-02-13,2026-02-13 08:03:44,66319.79,1325263679921.25,46633005813.4,893.2300902814571,0.2638435068750722,-1.8073677427648316,66617.56791666667,-0.44699607923118717,0,0
1770969649134,2026-02-13,2026-02-13 09:00:49,66168.09,1323362643290.34,47724018561.13,889.4471908126711,-0.228740169412478,2.339572002061452,66575.46916666666,-0.6119058142073662,0,0
1770973404328,2026-02-13,2026-02-13 10:03:24,66633.6,1331780078498.14,47720173701.3,884.403585578671,0.7035264279201758,-0.008056446095516812,66559.13,0.11188547686846442,0,0
1770976873183,2026-02-13,2026-02-13 11:01:13,66895.34,1337766479450.29,47889035286.38,864.5781785915793,0.3928048311962584,0.3538578592294561,66533.71916666666,0.5435151346755106,0,0
1770980554662,2026-02-13,2026-02-13 12:02:34,66928.09,1338583414413.11,47964373213.12,817.9608385006298,0.048957072346156316,0.1573176955632416,66492.43666666666,0.655192312348711,0,0
1770984109205,2026-02-13,2026-02-13 13:01:49,67126.01,1341807862263.56,46542115316.04,756.1531972062927,0.2957203769000438,-2.965238158665151,66451.66,1.0147978244636646,0,0
1770987760617,2026-02-13,2026-02-13 14:02:40,67051.53,1341956619077.28,45919635881.58,710.4327811007265,-0.11095549996192888,-1.3374541106116689,66419.56458333334,0.9514747960651909,0,0
1770991333464,2026-02-13,2026-02-13 15:02:13,67252.79,1345734175961.34,47515963291.74,614.6101409484905,0.30015720744924757,3.4763503227174697,66375.57625,1.321591162833777,0,0
1770994934383,2026-02-13,2026-02-13 16:02:14,67680.1,1352775278210.14,48184630500.18,620.0249242287563,0.6353788445059516,1.4072475061370326,66378.0925,1.9615018313459476,0,0
1770998400271,2026-02-13,2026-02-13 17:00:00,68601.36,1371720048423.91,45150077540.97,756.4201524062622,1.3611977523673824,-6.2977611900513875,66440.34083333334,3.252570862162819,0,-1
1771002000793,2026-02-13,2026-02-13 18:00:00,69105.39,1380593673471.96,49058345773.98,917.90866666936,0.7347230433915497,8.656171696413084,66578.55333333333,3.7952712099582064,0,0
1771005613595,2026-02-13,2026-02-13 19:00:13,69016.92,1379718241510.08,47383287375.54,1009.1134537241555,-0.12802185184107584,-3.4144208737841963,66728.77375,3.429024873995988,0,0
1771009294480,2026-02-13,2026-02-13 20:01:34,69097.84,1382728388417.5,45938355145.19,1085.1411617653891,0.11724661141065962,-3.0494554311904842,66877.16916666667,3.320521578596008,0,0
1771012983748,2026-02-13,2026-02-13 21:03:03,68928.37,1379784518790.05,45528663791.56,1136.1957222144208,-0.2452609227726943,-0.8918285217987432,67008.04875,2.8658068483153576,0,0
1771016607968,2026-02-13,2026-02-13 22:03:27,68733.84,1372842115032.26,44917475797.29,1133.0318088533245,-0.2822205138464762,-1.3424246252166427,67148.0775,2.3615903225226322,0,0
1771020223321,2026-02-13,2026-02-13 23:03:43,68842.49,1374793793201.35,44775516161.81,1143.519774232574,0.15807351953565085,-0.3160454432494353,67276.50374999999,2.327686729707646,0,0
1771023750239,2026-02-14,2026-02-14 00:02:30,68930.86,1376644913961.39,44504820255.95,1169.3617148554135,0.12836549055676993,-0.6045623346512818,67388.37125000001,2.288953897220048,0,0
1771027335076,2026-02-14,2026-02-14 01:02:15,68848.92,1376526525910.44,43251101935.55,1176.9362260830771,-0.11887273711658208,-2.8170393975074592,67499.06041666666,1.9998198123066542,0,0
1771030958064,2026-02-14,2026-02-14 02:02:38,69052.12,1380484225590.98,42778849443.54,1167.070337703151,0.29513897966735314,-1.0918854569618164,67630.07166666667,2.102686420831076,0,0
1771034491662,2026-02-14,2026-02-14 03:01:31,68925.81,1377421996287.82,42004195777.86,1162.8817880412184,-0.18291980028998234,-1.8108333341278815,67737.22208333333,1.7547042528617687,0,0
1771038083799,2026-02-14,2026-02-14 04:01:23,68850.56,1376424176460.01,41282735570.54,1160.653668188371,-0.10917535825839542,-1.7175908119642536,67828.46416666666,1.506883350361388,0,0
1771041752219,2026-02-14,2026-02-14 05:02:32,68946.54,1378426475829.88,40795094229.31,1144.09302510518,0.1394033686871854,-1.1812234206155514,67932.03666666667,1.4934092706676199,0,0
1771045409194,2026-02-14,2026-02-14 06:03:29,68759.16,1374723177519.6,40612474007.66,1100.0007099114619,-0.2717757845426161,-0.44765240796720285,68035.03291666666,1.064344430053108,0,0
1771048977673,2026-02-14,2026-02-14 07:02:57,68742.19,1374196243635.9,40022585459.32,1031.6281654918794,-0.024680348043815137,-1.4524811963652962,68143.23791666667,0.8789604099320966,0,0
1771052442384,2026-02-14,2026-02-14 08:00:42,68897.33,1377085924387.55,39928151639.68,965.5990405922357,0.22568381950007765,-0.2359513223751719,68250.63541666667,0.9475290294153197,0,0
1771056180778,2026-02-14,2026-02-14 09:03:00,69189.83,1383567649471.75,39704978719.23,875.0008950429489,0.4245447537662095,-0.5589362674835452,68376.54125,1.189426571061032,0,0
1771059645397,2026-02-14,2026-02-14 10:00:45,69726.25,1393344878708.44,40599333406.88,833.9210776641296,0.7752873507566038,2.25250010577851,68505.40166666666,1.782119808995124,0,0
1771063296364,2026-02-14,2026-02-14 11:01:36,69691.52,1393072103344.58,39904915437.59,793.549060306791,-0.049809074774553874,-1.7104171694905856,68621.90916666666,1.5587016542129475,0,0
1771067003061,2026-02-14,2026-02-14 12:03:23,69635.27,1391273656404.12,39669658327.71,732.3598461188682,-0.08071283278080488,-0.5895441884795627,68734.70833333333,1.3101992988743687,0,0
1771070448924,2026-02-14,2026-02-14 13:00:48,70434.28,1407801992512.05,41507093219.52,727.7325756887924,1.1474214144642447,4.631839469427734,68872.55291666667,2.2675609037216398,0,0
1771074228660,2026-02-14,2026-02-14 14:03:48,69633.03,1394358269444.94,43865117570.31,631.2584558892421,-1.1375852780776685,5.681015382886567,68980.11541666667,0.946525791366793,0,0
1771077785751,2026-02-14,2026-02-14 15:03:05,69416.54,1386453714010.41,45423759271.67,518.2304428225619,-0.31090130646332925,3.553260056494101,69070.27166666667,0.501327597210589,0,0
1771081389174,2026-02-14,2026-02-14 16:03:09,69702.72,1395303364629.28,44970344458.49,441.0412510768012,0.4122648579142796,-0.9981886582046684,69154.5475,0.7926774446756385,0,0
1771084981553,2026-02-14,2026-02-14 17:03:01,69761.74,1394454429313.26,41130936726.04,441.3646217360693,0.08467388360167138,-8.537643593088273,69202.89666666667,0.807543268058776,0,0
1771088576652,2026-02-14,2026-02-14 18:02:56,69709.11,1393387019515.2,40259239283.45,452.626181617278,-0.07544249899731348,-2.119323098319159,69228.05166666667,0.6948893140162777,0,0
1771092191441,2026-02-14,2026-02-14 19:03:11,69687.28,1393451990353.28,40040345552.87,459.6601010749303,-0.031315849535307194,-0.5437105481274629,69255.98333333334,0.6227572635721654,0,0
1771095760114,2026-02-14,2026-02-14 20:02:40,69733.54,1393945613849.22,38724650716.56,468.3840559150448,0.06638227234581073,-3.285922781492323,69282.47083333334,0.6510581410292805,0,0
1771099362490,2026-02-14,2026-02-14 21:02:42,69825.5,1395500681733.67,38447732149.98,474.65234557579373,0.13187341414189202,-0.7150963571159408,69319.85125,0.7294429241868764,0,0
1771102968961,2026-02-14,2026-02-14 22:02:48,69990.82,1398569328205.12,38078112131.58,476.524470334169,0.23676164152066637,-0.9613571405412413,69372.22541666667,0.8917035306535254,0,0
1771106639163,2026-02-14,2026-02-14 23:03:59,69884.51,1397002545819.95,39003121812.89,473.6221254896552,-0.15189134803680338,2.4292424953043845,69415.64291666666,0.6754487369600607,0,0
1771110176125,2026-02-15,2026-02-15 00:02:56,69924.92,1398594128416.78,39057623317.87,472.84925637387914,0.057823972723003436,0.13973626327006272,69457.06208333334,0.673593012191234,0,0
1771113833822,2026-02-15,2026-02-15 01:03:53,69774.24,1394599877204.54,38933493304.64,458.61686991509004,-0.21548826941810706,-0.31781251055593707,69495.61708333333,0.4009215665105515,0,0
1771117406838,2026-02-15,2026-02-15 02:03:26,69729.49,1393748877521.48,38684550920.88,450.915297368143,-0.06413541731160599,-0.639404180385561,69523.84083333334,0.29579661336557067,0,0
1771121007924,2026-02-15,2026-02-15 03:03:27,69674.44,1391766498583.59,39045697388.55,433.29642441218573,-0.07894794584042408,0.9335676880640076,69555.03375,0.17167161535594827,0,0
1771124576910,2026-02-15,2026-02-15 04:02:56,69463.08,1389399993039.76,39956539817.58,407.2544818567844,-0.3033537119207619,2.332760047710414,69580.55541666667,-0.16883368631249684,0,0
1771128252938,2026-02-15,2026-02-15 05:04:12,69961.31,1397479656631.67,40833202712.21,390.91780595436654,0.717258722187375,2.1940410722058656,69622.83750000001,0.4861515447427561,0,0
1771131807845,2026-02-15,2026-02-15 06:03:27,70155.37,1401554313317.86,42838505803.47,359.4205332939219,0.27738188435864064,4.910962055544021,69681.01291666667,0.6807551490398358,0,0
1771135373187,2026-02-15,2026-02-15 07:02:53,70243.09,1404700153503.94,43297737779.19,317.0441883428401,0.1250367576993705,1.072007454757684,69743.55041666668,0.7162520123350953,0,0
1771139033261,2026-02-15,2026-02-15 08:03:53,70373.13,1406705445776.78,43434701266.07,287.5249294163384,0.18512853008034735,0.3163294294461494,69805.04208333333,0.8138207494932629,0,0
1771142564187,2026-02-15,2026-02-15 09:02:44,70786.27,1413434188068.9,44923625589.27,321.65017756432434,0.5870706617710386,3.427960316980716,69871.56041666666,1.309130034993688,0,0
1771146229234,2026-02-15,2026-02-15 10:03:49,70411.32,1407508159164.25,44558798135.88,338.1679218600771,-0.529693117040908,-0.8121059878950176,69900.105,0.7313508327348165,0,0
1771149770020,2026-02-15,2026-02-15 11:02:50,70376.89,1407235614960.09,44221901300.59,348.5664781847315,-0.04889838736158447,-0.7560725364778698,69928.66208333333,0.6409788251525839,0,0
1771153396261,2026-02-15,2026-02-15 12:03:16,70404.95,1408066430018.31,44440319311.45,355.7328743058844,0.03987104289491228,0.4939136591512572,69960.73208333332,0.6349532136649856,0,0
1771156982331,2026-02-15,2026-02-15 13:03:02,70267.17,1404427441572.79,42656707239.26,347.6034838227777,-0.19569646736485868,-4.013499677376187,69953.76916666667,0.4480113610270914,0,0
1771160650361,2026-02-15,2026-02-15 14:04:10,69387.6,1388621630920.85,42551482718.77,360.80901059583687,-1.2517509955217943,-0.24667755037867112,69943.54291666667,-0.794845233003192,0,0
1771164204829,2026-02-15,2026-02-15 15:03:24,68940.41,1377855209249.12,41071921519.04,401.8062489619438,-0.6444811464872746,-3.477108446510946,69923.70416666668,-1.4062386688252995,0,0
1771167820327,2026-02-15,2026-02-15 16:03:40,69110.94,1381102656721.13,39546405848.9,432.91076460558725,0.24735855211768243,-3.714254443714804,69899.04666666668,-1.1274927259379985,0,0
1771171405270,2026-02-15,2026-02-15 17:03:25,69060.55,1379415773287.88,38531987079.01,465.04825320112946,-0.0729117560837711,-2.5651351826153745,69869.83041666666,-1.1582687575460557,0,0
1771174957916,2026-02-15,2026-02-15 18:02:37,69004.97,1379534014787.69,38867825300.8,496.75909640000776,-0.08048010043361087,0.8715829295316668,69840.49125,-1.19632785372197,0,0
1771178557233,2026-02-15,2026-02-15 19:02:37,68580.57,1370092546769.36,39012592092.01,559.0595768113247,-0.6150281639134003,0.37245920009580935,69794.37833333334,-1.7391204883812645,0,0
1771182032737,2026-02-15,2026-02-15 20:00:32,68391.52,1366593030340.1,41597413648.63,628.2433354726267,-0.2756611675872711,6.6256083433876345,69738.46083333333,-1.9314174950782983,0,0
1771185778384,2026-02-15,2026-02-15 21:02:58,68282.56,1365637167551.51,43838127124.05,694.4106018200838,-0.1593179973189751,5.386665369023014,69674.17166666666,-1.9973135429931996,0,0
1771189399174,2026-02-15,2026-02-15 22:03:19,68418.56,1367609253181.4,43276489914.2,736.1484478664811,0.19917238018023475,-1.2811615064227677,69608.66083333333,-1.7097022397584032,0,0
1771192956165,2026-02-15,2026-02-15 23:02:36,68837.65,1376409152103.43,43363826540.78,749.977858785162,0.6125384690937707,0.20181079092402854,69565.04166666667,-1.0456281621336538,0,0
1771196554604,2026-02-16,2026-02-16 00:02:34,68923.26,1377737145863.34,43705863143.99,756.9188778948746,0.12436508218975906,0.7887601959857937,69523.30583333333,-0.8630858762266191,0,0
1771200111693,2026-02-16,2026-02-16 01:01:51,68781.3,1374263820965.69,44059453860.75,769.6364643796276,-0.2059682028969445,0.8090235298524817,69481.93333333333,-1.0083676428117017,0,0
1771203746273,2026-02-16,2026-02-16 02:02:26,68807.55,1376250689034.61,43925298744.62,779.6855449812958,0.038164442951793554,-0.30448656162193055,69443.51916666667,-0.9158078022231505,0,0
1771207347636,2026-02-16,2026-02-16 03:02:27,68600.88,1371246410813.06,43706313176.74,796.4763113396733,-0.300359480899981,-0.4985408731154606,69398.7875,-1.1497427098420143,0,0
1771210940011,2026-02-16,2026-02-16 04:02:20,68299.09,1364497116080.98,44381880563.79,827.2364119799823,-0.43992147039514373,1.5456974929871858,69350.28791666667,-1.5157801766155918,0,0
1771214507482,2026-02-16,2026-02-16 05:01:47,68378.05,1366693192414.04,43672421142.13,839.4308140818786,0.11560915379693615,-1.5985339346770155,69284.31874999999,-1.3080430988577605,0,0
1771218137250,2026-02-16,2026-02-16 06:02:17,68833.38,1375873999670.28,41648269413.24,823.001149521488,0.6659008263616872,-4.634851185150657,69229.23583333334,-0.5718044241978089,0,0
1771221684553,2026-02-16,2026-02-16 07:01:24,68368.57,1366961740195.35,41136567612.14,811.4679810826799,-0.6752683073241506,-1.2286268032479786,69151.13083333333,-1.1316674418809354,0,0
1771225393191,2026-02-16,2026-02-16 08:03:13,68411.13,1367672490789.05,40630711877.04,781.2746638726805,0.06225082665909376,-1.2296984519211906,69069.38083333334,-0.9530284264770225,0,0
1771228973131,2026-02-16,2026-02-16 09:02:53,68543.05,1369677703718.29,38909820329.0,696.5324013052666,0.19283411924346794,-4.23544522982493,68975.91333333334,-0.6275572332641459,0,0
1771232505102,2026-02-16,2026-02-16 10:01:45,68726.38,1373702122261.66,38007111217.45,627.0081425337313,0.2674669423085252,-2.3200032894451605,68905.7075,-0.26025057503400484,0,0
1771236183125,2026-02-16,2026-02-16 11:03:03,68939.59,1378635158949.89,38137487836.66,543.4549547443839,0.31023022018619173,0.34303217222715343,68845.82,0.13620289510676103,0,0
1771239759271,2026-02-16,2026-02-16 12:02:39,68766.46,1374752193855.35,37706242633.16,430.18938589422766,-0.2511329121626438,-1.1307645782726694,68777.54958333333,-0.016123841864827154,0,0
1771243347089,2026-02-16,2026-02-16 13:02:27,68817.01,1375962724624.22,37973118938.36,291.27989793146304,0.07350967317496515,0.7077775099375572,68717.12625,0.14535495800072634,0,0
1771246949167,2026-02-16,2026-02-16 14:02:29,69720.92,1394144163689.06,38832877121.51,330.00982195063136,1.3134979273293101,2.264123167089882,68731.01458333334,1.440260154266229,0,0
1771250562123,2026-02-16,2026-02-16 15:02:42,68361.15,1365965491386.3,39297775118.04,335.1716981213869,-1.950304155481608,1.197176287183943,68706.87875,-0.5031937941148422,0,-1
1771254222183,2026-02-16,2026-02-16 16:03:42,68381.76,1366245284571.72,40027605258.46,329.960731695017,0.030148702881671596,1.8571792887200012,68676.49625000001,-0.42916611372703256,0,0
1771257777265,2026-02-16,2026-02-16 17:02:57,67513.43,1349633423967.25,42221842569.47,396.15528627097046,-1.2698269246067984,5.481810107903562,68612.03291666666,-1.6011811193540761,0,0
1771261368139,2026-02-16,2026-02-16 18:02:48,67830.48,1355425036360.7,41968084897.96,417.4741098151933,0.46961026865322,-0.6010104156219165,68563.09583333334,-1.0685279368280336,0,0
1771264957493,2026-02-16,2026-02-16 19:02:37,67923.4,1357790928500.96,41516441916.8,437.3565490732499,0.13698856325357056,-1.0761581860552094,68535.71375,-0.8934228834816813,0,0
1771268638387,2026-02-16,2026-02-16 20:03:58,67845.66,1356276366564.14,39034271272.77,458.8465919128315,-0.1144524567380123,-5.978765350374527,68512.96958333334,-0.9739901618505631,0,0
1771272200491,2026-02-16,2026-02-16 21:03:20,67881.8,1357171755015.44,36519697773.3,474.6174168966181,0.05326796142892665,-6.4419634784475654,68496.27125,-0.8970871534850189,0,0
1771275806309,2026-02-16,2026-02-16 22:03:26,68479.96,1367522314745.37,36839510054.91,474.3457215874138,0.8811787548356209,0.8757254334230025,68498.82958333334,-0.02754730766658874,0,0
1771279428549,2026-02-16,2026-02-16 23:03:48,68804.98,1376077437467.23,36989741564.89,473.377007274331,0.4746206043344525,0.40779996736133306,68497.46833333334,0.4489387332830984,0,0
1771282976121,2026-02-17,2026-02-17 00:02:56,68589.22,1371278886768.27,37273468048.01,465.152791084485,-0.31358195293421653,0.7670409987111437,68483.55,0.1542998282069172,0,0
1771286610055,2026-02-17,2026-02-17 01:03:30,68852.49,1376232453104.82,36572599362.39,467.35584766610936,0.3838358272626463,-1.8803420296637063,68486.51625,0.5343734358805331,0,0
1771290135223,2026-02-17,2026-02-17 02:02:15,68856.55,1376375896538.91,36927057262.09,468.9236749719046,0.005896664013160802,0.9691897920291348,68488.55791666667,0.5373044703044916,0,0
1771293756279,2026-02-17,2026-02-17 03:02:36,68587.9,1371367616629.91,36327672525.66,468.7959636331372,-0.3901589609122236,-1.6231586832816225,68488.01708333332,0.14583998912559532,0,0
1771297416425,2026-02-17,2026-02-17 04:03:36,68815.03,1377665983324.94,36816177766.43,471.57712549304387,0.33115170460096266,1.3447193470072838,68509.51458333334,0.4459459660818936,0,0
1771300931916,2026-02-17,2026-02-17 05:02:11,68465.88,1368522197956.07,35989118077.29,470.85280080601433,-0.5073746244098065,-2.246457235150945,68513.17416666666,-0.069029303111268,0,0
1771304442446,2026-02-17,2026-02-17 06:00:42,68419.79,1367154276274.41,36126242159.48,466.16920540196173,-0.0673182028771313,0.381015399975948,68495.94124999999,-0.11117629542757085,0,0
1771308045069,2026-02-17,2026-02-17 07:00:45,68196.19,1363488217668.36,36581384447.75,469.5328391857099,-0.32680603082819726,1.25986612795419,68488.75875,-0.4271777665995316,0,0
1771311843279,2026-02-17,2026-02-17 08:04:03,68358.39,1366659922986.16,36497778423.03,470.0351002016981,0.23784319915818308,-0.2285480059931011,68486.56125,-0.18714802971655906,0,0
1771315320124,2026-02-17,2026-02-17 09:02:00,68358.55,1367360907070.33,36524847831.6,470.5794971511333,0.00023406051548047202,0.07416727740590101,68478.87375,-0.17570930041762833,0,0
1771318921710,2026-02-17,2026-02-17 10:02:01,68142.88,1361939500101.54,36154433716.51,472.3062089226067,-0.31549820761265224,-1.0141428016286702,68454.56125,-0.4553111499198955,0,0
1771322515931,2026-02-17,2026-02-17 11:01:55,68079.29,1360965145195.07,36208180455.53,466.50504526984116,-0.09331862697908866,0.1486587770712422,68418.71541666666,-0.4961002477166968,0,0
1771326135716,2026-02-17,2026-02-17 12:02:15,67784.03,1354853145632.2,36630534471.7,477.63474935573737,-0.43370017519277493,1.1664602055569295,68377.78083333334,-0.8683388464749541,0,0
1771329632329,2026-02-17,2026-02-17 13:00:32,67833.15,1355912870545.43,36728930327.19,480.51023154147464,0.07246544650707509,0.2686170346928085,68336.78666666667,-0.7369920232323958,0,0
1771333338178,2026-02-17,2026-02-17 14:02:18,67888.18,1356919756026.6,34909822549.06,387.6315537861934,0.08112552638348536,-4.952792694818397,68260.4225,-0.5453269791876949,0,0
1771336833831,2026-02-17,2026-02-17 15:00:33,68091.8,1362280599306.15,33752121508.07,388.4866804236756,0.29993439211364326,-3.316261603343984,68249.19958333332,-0.23062480482445824,0,0
1771340551408,2026-02-17,2026-02-17 16:02:31,66900.86,1338478542311.52,35004692496.1,474.5832674193734,-1.7490211743558026,3.7110881688741104,68187.49541666666,-1.8869081622730675,0,0
1771344147028,2026-02-17,2026-02-17 17:02:27,67352.04,1345437480648.27,35239069460.51,485.5659931067383,0.6744008970886117,0.6695587011259052,68180.77083333333,-1.2154905601744406,0,0
1771347638300,2026-02-17,2026-02-17 18:00:38,67520.46,1349824263979.73,36626716150.86,499.2216428370804,0.25005924096732635,3.9378074154456266,68167.85333333333,-0.9497047386363242,0,0
1771351365274,2026-02-17,2026-02-17 19:02:45,67198.54,1343514823943.57,37612963257.11,535.2784745150285,-0.47677400302073014,2.6926986907256367,68137.65083333333,-1.378255372540553,0,0
1771355000349,2026-02-17,2026-02-17 20:03:20,68070.65,1362060344728.02,38524971730.37,531.9018918540692,1.2978109345828104,2.424718486086319,68147.02541666666,-0.11207446869424639,0,0
1771358465001,2026-02-17,2026-02-17 21:01:05,67789.97,1355875045420.09,39134927307.91,534.217998297719,-0.4123363005935632,1.583273264439966,68143.19916666667,-0.5183630516124332,0,0
1771362132834,2026-02-17,2026-02-17 22:02:12,67729.88,1354263662250.23,39336930269.86,535.5990704289552,-0.08864143176342543,0.516170530637905,68111.94583333333,-0.5609380684384256,0,0
1771365790689,2026-02-17,2026-02-17 23:03:10,67643.97,1351926951459.18,38650434779.59,522.5550547043758,-0.12684209687069403,-1.7451679263239206,68063.57041666667,-0.6164831114471198,0,0
1771369358968,2026-02-18,2026-02-18 00:02:38,67511.08,1349528717639.1,38395544655.38,521.7434190094931,-0.1964550572652657,-0.6594754384098067,68018.64791666665,-0.7462187682538197,0,0
1771372923508,2026-02-18,2026-02-18 01:02:03,67478.67,1349041378323.55,38229721350.36,501.2425920794399,-0.04800693456541438,-0.43188163238299104,67961.40541666666,-0.7103081722737272,0,0
1771376536416,2026-02-18,2026-02-18 02:02:16,67295.94,1344990905681.67,37481625573.95,480.88216991359104,-0.27079668286289493,-1.9568433930083007,67896.37999999999,-0.8843475896652927,0,0
1771380112564,2026-02-18,2026-02-18 03:01:52,67121.17,1341826910342.35,34217119692.47,482.3767909371728,-0.2597036314523682,-8.709616596108493,67835.26625,-1.0526917479298643,0,0
1771383705436,2026-02-18,2026-02-18 04:01:45,67298.87,1345277494716.05,37082948920.83,446.4260260127444,0.2647450871312351,8.375425091641109,67772.09291666666,-0.6982563121498195,0,0
1771387403314,2026-02-18,2026-02-18 05:03:23,67605.87,1351926790467.28,37182166644.43,422.1726764902157,0.45617407840576885,0.2675561854905917,67736.25916666667,-0.19249537584567428,0,0
1771390906523,2026-02-18,2026-02-18 06:01:46,67770.53,1355311705473.67,37258218172.24,396.48897487677306,0.24355873240000658,0.2045376444500091,67709.20666666667,0.09056867795723751,0,0
1771394432154,2026-02-18,2026-02-18 07:00:32,67610.25,1351804226115.44,36190226981.47,383.00954033355794,-0.23650397894188213,-2.866458041103337,67684.7925,-0.1101318290958725,0,0
1771398146424,2026-02-18,2026-02-18 08:02:26,67812.32,1355650124978.49,36279028092.04,356.5608716697823,0.29887480078836237,0.24537317938200243,67662.03958333333,0.222104473338538,0,0
1771401775802,2026-02-18,2026-02-18 09:02:55,68087.77,1361873113206.2,36703040743.9,337.3286760993826,0.4061946265811134,1.1687541650351907,67650.75708333333,0.645983778316559,0,0
1771405272191,2026-02-18,2026-02-18 10:01:12,68092.31,1360777752289.67,37070301208.71,334.2650653130068,0.0066678641406525685,1.0006268073879943,67648.65000000001,0.655829791134027,0,0
1771409002928,2026-02-18,2026-02-18 11:03:22,68130.77,1362495216965.63,36764127032.19,337.300056048687,0.056482149012127,-0.8259284832788372,67650.795,0.7094890754794616,0,0
1771412556503,2026-02-18,2026-02-18 12:02:36,67757.19,1354829542409.47,36694251750.54,336.8833403016045,-0.5483278700651684,-0.1900637585895093,67649.67666666667,0.15892660339396947,0,0
1771416141509,2026-02-18,2026-02-18 13:02:21,67378.8,1349650732167.79,37243789152.38,338.88494555426456,-0.5584499593327297,1.4976116847290832,67630.74541666667,-0.3725308883030301,0,0
1771419728004,2026-02-18,2026-02-18 14:02:08,67465.53,1349724887534.85,37118013395.22,335.8939837948744,0.1287200128230248,-0.3377093470414483,67613.135,-0.21830817340446634,0,0
1771423334250,2026-02-18,2026-02-18 15:02:14,67191.89,1341038746639.98,36800808405.13,330.319581058379,-0.4055997188490146,-0.8545850412642331,67575.63875,-0.5678803147088252,0,0
1771426909221,2026-02-18,2026-02-18 16:01:49,67156.68,1342363938591.63,35730171678.1,311.1707789341144,-0.05240215746276089,-2.909275022558344,67586.29791666666,-0.6356583063572813,0,0
1771430539135,2026-02-18,2026-02-18 17:02:19,67663.22,1355186742430.66,34816752345.12,307.4461679004337,0.754265994090253,-2.55643701130005,67599.26375,0.09461086771082312,0,0
1771434044658,2026-02-18,2026-02-18 18:00:44,67105.63,1340920455645.71,34304419793.62,323.3201701654788,-0.8240666051659962,-1.4715116057394506,67581.97916666667,-0.7048464287971248,0,0
1771437695746,2026-02-18,2026-02-18 19:01:35,67147.93,1340914124922.83,33354650307.88,326.08299868596436,0.06303494952657474,-2.768650487179025,67579.87041666666,-0.6391554378597013,0,0
1771441225557,2026-02-18,2026-02-18 20:00:25,66315.36,1327659762775.56,33920556777.74,399.7465506920709,-1.2399041936214439,1.6966343962128372,67506.73333333334,-1.7648214844741459,0,0
1771444921312,2026-02-18,2026-02-18 21:02:01,66143.11,1322080009010.08,34610151591.21,481.91544609372176,-0.25974374564203817,2.032970207383311,67438.11416666667,-1.9202852610412418,0,0
1771448523574,2026-02-18,2026-02-18 22:02:03,66245.54,1324389132802.97,35200176100.69,535.1505500720609,0.15486117904039975,1.7047729708004278,67376.26666666666,-1.678226952319515,0,0
1771452106007,2026-02-18,2026-02-18 23:01:46,66319.1,1325924002125.67,35736897625.33,573.3077236075447,0.11104143765756636,1.524769430427586,67321.06375,-1.4883361821507095,0,0
1771455683232,2026-02-19,2026-02-19 00:01:23,66395.02,1327387973549.7,36244828945.82,601.7811037934508,0.11447682492675693,1.4213078197643503,67274.56125000001,-1.3073905405812054,0,0
1771459273233,2026-02-19,2026-02-19 01:01:13,66437.14,1328256573832.14,35928484483.83,623.581731061952,0.06343849282670622,-0.872798882463699,67231.16416666667,-1.181035873033935,0,0
1771462998732,2026-02-19,2026-02-19 02:03:18,66422.48,1327038319765.42,35770496577.75,644.7659284154157,-0.02206597093132867,-0.43972883451598443,67194.77,-1.149330520812867,0,0
1771466560008,2026-02-19,2026-02-19 03:02:40,66833.17,1336101508009.57,35684366154.69,648.8623139352426,0.6182997081710884,-0.24078621014608226,67182.77,-0.5203715178757973,0,0
1771470044709,2026-02-19,2026-02-19 04:00:44,66822.56,1332953887586.79,32900121060.59,652.4313064959007,-0.015875350518312903,-7.802422724927871,67162.92375,-0.5067732775704304,0,0
1771473641661,2026-02-19,2026-02-19 05:00:41,66933.93,1337443283473.15,36226210236.36,646.9915710763045,0.1666652699327864,10.109656343344643,67134.92625,-0.2993914810474839,0,0
1771477398157,2026-02-19,2026-02-19 06:03:18,66780.89,1335650269108.82,36095149523.6,636.1671189344551,-0.22864338012125174,-0.3617842217137457,67093.69125,-0.46621559221487024,0,0
1771480862769,2026-02-19,2026-02-19 07:01:02,66837.42,1336169574599.07,35761486922.77,628.3952575460066,0.08464996498249722,-0.9243973365779867,67061.49,-0.33412618777185976,0,0
1771484461425,2026-02-19,2026-02-19 08:01:01,67116.5,1342406841127.45,36550123836.44,607.9674134250594,0.4175505278330549,2.2052688004084775,67032.4975,0.12531608269556468,0,0
1771488115418,2026-02-19,2026-02-19 09:01:55,67170.02,1342725615542.52,36263879475.72,566.1302144821743,0.07974194125142109,-0.7831556522241323,66994.25791666667,0.26235395211327395,0,0
1771491743652,2026-02-19,2026-02-19 10:02:23,66935.07,1337108013220.56,36158594718.46,515.5648359657896,-0.3497840256709739,-0.29032954769909747,66946.03958333333,-0.016385709149634834,0,0
1771495362686,2026-02-19,2026-02-19 11:02:42,66811.15,1335803025331.36,36096597974.37,449.90888620785995,-0.18513463868793378,-0.1714578361596164,66891.05541666666,-0.11945605607345779,0,0
1771498965150,2026-02-19,2026-02-19 12:02:45,66808.56,1335481009046.23,35862139469.14,410.4469846732917,-0.0038765984420208177,-0.6495307546613649,66851.52916666666,-0.06427551800578316,0,0
1771502561805,2026-02-19,2026-02-19 13:02:41,66477.7,1329325099983.33,34505825311.61,401.2283254327692,-0.4952359398256778,-3.782022427014231,66813.98333333332,-0.5033128045301778,0,0
1771506053718,2026-02-19,2026-02-19 14:00:53,66493.38,1329206787351.52,35162078412.39,381.1613362357355,0.02358685694603402,1.9018617721894948,66773.47708333333,-0.41947356280962494,0,0
1771509727060,2026-02-19,2026-02-19 15:02:07,65893.78,1317522946033.37,36293294637.99,410.2023202630419,-0.9017439029268881,3.2171483503699694,66719.38916666668,-1.2374351398875734,0,0
1771513268233,2026-02-19,2026-02-19 16:01:08,66395.5,1329636594223.33,36864335694.48,404.3059626495474,0.7614072223508739,1.5734064988750518,66687.67333333334,-0.43812194777426555,0,0
1771516862850,2026-02-19,2026-02-19 17:01:02,66361.84,1325432244943.0,36576101386.95,351.61527760446603,-0.05069620682125464,-0.7818784798369949,66633.44916666667,-0.40761685019083244,0,0
1771520520239,2026-02-19,2026-02-19 18:02:00,66301.02,1325587905171.13,36306790240.44,342.88707135854673,-0.09164905614430507,-0.7363035870358803,66599.92375,-0.44880494326391424,0,0
1771524117321,2026-02-19,2026-02-19 19:01:57,66299.17,1325547549535.98,36887593973.56,327.325863157513,-0.0027903039802490426,1.599711043784513,66564.55875,-0.398693771856481,0,0
1771527735671,2026-02-19,2026-02-19 20:02:15,66982.72,1338004538926.31,36186373960.31,333.523536282104,1.0310083821562177,-1.9009643560721656,66592.36541666667,0.5861851893845419,0,0
1771531239949,2026-02-19,2026-02-19 21:00:39,67011.67,1339587738491.78,35131927433.58,329.75785257119685,0.043220102139773786,-2.9139325423612084,66628.55541666667,0.575000584865592,0,0
1771535002401,2026-02-19,2026-02-19 22:03:22,67091.73,1341228445153.59,34446610431.36,332.253212722494,0.11947172783486337,-1.9506957126552593,66663.81333333334,0.641902473425848,0,0
1771538527434,2026-02-19,2026-02-19 23:02:07,66898.79,1337528182405.73,33870178212.05,327.13549936591755,-0.28757642707976094,-1.67340766505496,66687.96708333334,0.3161333684129439,0,0
1771542204375,2026-02-20,2026-02-20 00:03:24,66915.11,1337359275967.6,34327242105.6,324.09814319376864,0.024395060060133922,1.3494581891139612,66709.6375,0.30801021816376006,0,0
1771545756225,2026-02-20,2026-02-20 01:02:36,66956.66,1338349706526.5,33879277609.4,322.45190402608364,0.062093598889712,-1.304982482489958,66731.28416666666,0.33773639477766526,0,0
1771549352687,2026-02-20,2026-02-20 02:02:32,67227.67,1344012559516.22,34847035123.44,330.7077649007514,0.4047543590137259,2.8564880432146333,66764.83375,0.6932335842145236,0,0
1771552946623,2026-02-20,2026-02-20 03:02:26,67247.43,1343720468185.29,34370034183.19,344.93441199130785,0.029392659302329704,-1.3688422517448062,66782.09458333334,0.696796678166466,0,0
1771556529439,2026-02-20,2026-02-20 04:02:09,67239.57,1344568962119.94,34039828298.24,357.34131787818967,-0.01168817901291419,-0.9607377263287753,66799.47,0.6588375626333649,0,0
1771560167556,2026-02-20,2026-02-20 05:02:47,67334.83,1345985534096.14,33919864270.13,372.93016826387463,0.14167253002954627,-0.35242254179115307,66816.17416666668,0.7762429378844483,0,0
1771563824628,2026-02-20,2026-02-20 06:03:44,67232.69,1343832617291.05,33849496455.07,382.35564319044227,-0.15168969759038475,-0.2074531150820902,66834.99916666666,0.5950337971002563,0,0
1771567421193,2026-02-20,2026-02-20 07:03:41,67767.36,1355645458807.75,35856352869.95,427.1117501758296,0.795253023491993,5.928762980399993,66873.74666666666,1.3362692803613545,0,0
1771570806770,2026-02-20,2026-02-20 08:00:06,67839.84,1355601777040.48,35670030493.24,468.50217238741607,0.10695414429600092,-0.5196356065152119,66903.88583333333,1.3989533717043756,0,0
1771574619701,2026-02-20,2026-02-20 09:03:39,67806.37,1355217540053.53,35747948062.38,501.0921241579552,-0.04933679088865439,0.21843987252763153,66930.40041666667,1.308776845618863,0,0
1771578175707,2026-02-20,2026-02-20 10:02:55,67850.72,1356569736169.22,34903093391.62,535.1626597057193,0.06540683419566928,-2.3633654980300567,66968.5525,1.3172861993694667,0,0
1771581718021,2026-02-20,2026-02-20 11:01:58,68172.86,1362912020052.95,35742718701.57,587.3854775684501,0.4747775705254087,2.4055899588303786,67025.29041666667,1.7121441417103846,0,0
1771585363278,2026-02-20,2026-02-20 12:02:43,67910.9,1357989832772.06,35966371865.24,612.2730262223379,-0.3842584864416798,0.6257306992715428,67071.22125,1.2519210689040372,0,0
1771588948194,2026-02-20,2026-02-20 13:02:28,67346.76,1349225821139.33,37774043405.57,601.2445314020713,-0.830706116396629,5.02600469989869,67107.43208333333,0.3566339960221792,0,0
1771592588447,2026-02-20,2026-02-20 14:03:08,67502.26,1349066149530.38,37565003446.6,591.6375161145681,0.23089455231402045,-0.5533957716032489,67149.46875,0.5253820418348354,0,0
1771596135266,2026-02-20,2026-02-20 15:02:15,66754.64,1335911335057.48,38378946389.61,535.6451224230956,-1.1075481028338885,2.1667586006402173,67185.33791666666,-0.6410593888816534,0,0
1771599807650,2026-02-20,2026-02-20 16:03:27,67101.98,1340423993418.46,37203278831.01,509.10702840065704,0.5203233812660857,-3.063313793622735,67214.77458333333,-0.16781218717544394,0,0
1771603405167,2026-02-20,2026-02-20 17:03:25,67558.75,1350307203281.28,45762985262.41,479.69643990063537,0.6807101668236948,23.007935591594265,67264.64583333333,0.43723439412049464,0,-1
1771606867292,2026-02-20,2026-02-20 18:01:07,67782.29,1353085171821.28,47003527895.93,444.30976668941935,0.3308823801505989,2.7107991893592365,67326.36541666667,0.6771857956563059,0,0
1771610556353,2026-02-20,2026-02-20 19:02:36,67582.5,1350531432372.42,50839356553.83,389.10762196800476,-0.2947525083616842,8.160725012796632,67379.83750000001,0.30077617803692575,0,0
1771614146779,2026-02-20,2026-02-20 20:02:26,67920.92,1356554098877.14,52476074893.29,394.5664222048725,0.5007509340435812,3.2193923180892314,67418.92916666665,0.7445844060981305,0,0
1771617799390,2026-02-20,2026-02-20 21:03:19,67622.67,1351928566637.28,51611599983.45,386.7813938182768,-0.4391136044682553,-1.6473696090988366,67444.3875,0.26434000901854315,0,0
1771621376127,2026-02-20,2026-02-20 22:02:56,67700.63,1353403799006.3,52770846389.65,382.59077229123835,0.1152867817848735,2.246096626672567,67469.75833333333,0.3421854062764761,0,0
1771624809080,2026-02-20,2026-02-20 23:00:09,67774.41,1355007228799.29,52700512575.84,367.21647520891196,0.10897978349684312,-0.13328157234900884,67506.2425,0.3972484470603004,0,0
1771628509104,2026-02-21,2026-02-21 00:01:49,68042.0,1360322371913.51,52884092583.6,360.3252979090015,0.3948245362814573,0.34834577272055967,67553.19625,0.7235834529443252,0,0
1771632095614,2026-02-21,2026-02-21 01:01:35,68001.17,1359469462316.51,52999595424.76,348.0102428209608,-0.06000705446636001,0.21840753148485437,67596.7175,0.5983315683930946,0,0
1771635686318,2026-02-21,2026-02-21 02:01:26,67814.85,1355635635156.96,52975799223.27,341.5168117177127,-0.2739952856693373,-0.04489883611241696,67621.18333333333,0.28639940492021093,0,0
1771639346125,2026-02-21,2026-02-21 03:02:26,67938.12,1358282500204.69,52432002589.98,337.73258996330327,0.1817743458844001,-1.026500102430028,67649.96208333333,0.4259542914624275,0,0
1771642821704,2026-02-21,2026-02-21 04:00:21,67990.97,1359117431220.21,52222419380.27,332.826865093035,0.07779137838963557,-0.3997238315479823,67681.27041666667,0.45758535770195985,0,0
1771646565685,2026-02-21,2026-02-21 05:02:45,67636.1,1351318194243.52,52718098251.26,324.7763910335255,-0.5219369572165178,0.9491687226909296,67693.82333333333,-0.08527119682558124,0,0
1771650126973,2026-02-21,2026-02-21 06:02:06,67795.19,1354176227714.92,52085349207.8,310.0126822246863,0.23521462650861746,-1.2002501312628033,67717.26083333333,0.11508021102399424,0,0
1771653727329,2026-02-21,2026-02-21 07:02:07,67833.36,1356160444263.42,50853375201.59,310.76822358844413,0.056301929384661165,-2.3652985435403617,67720.01083333332,0.1673791325072978,0,0
1771657241289,2026-02-21,2026-02-21 08:00:41,67771.15,1354781856230.93,49992693850.78,309.9318319792615,-0.09171003765700014,-1.6924763546138921,67717.14875000001,0.07974530971371799,0,0
1771660951186,2026-02-21,2026-02-21 09:02:31,67835.58,1355970975405.21,49222749125.14,310.35449642817736,0.09506995233223847,-1.540114497406675,67718.36583333333,0.1730906604497169,0,0
1771664538042,2026-02-21,2026-02-21 10:02:18,68033.46,1359460389652.89,49491090943.67,315.93431520408654,0.2917053263199021,0.5451581297253094,67725.98,0.4540059811611593,0,0
1771668152943,2026-02-21,2026-02-21 11:02:32,68134.27,1362118556169.88,48813531917.38,313.6510277109965,0.14817708815633157,-1.3690525170705792,67724.37208333334,0.605244322032692,0,0
1771671730600,2026-02-21,2026-02-21 12:02:10,68185.96,1362959149853.6,48509882920.52,325.56229414832063,0.07586490616249275,-0.6220590580782948,67735.83291666667,0.664533178306256,0,0
1771675340281,2026-02-21,2026-02-21 13:02:20,68080.98,1361065537375.35,47038911339.99,321.88816035302665,-0.15396131403005997,-3.0323131946949466,67766.42541666667,0.46417467263363776,0,0
1771678846188,2026-02-21,2026-02-21 14:00:46,68177.97,1362700870642.53,46533219794.3,327.28374619503234,0.14246269662980815,-1.0750494245815645,67794.58,0.5655171844120863,0,0
1771682540586,2026-02-21,2026-02-21 15:02:20,68234.66,1363395028292.88,39953156063.9,254.05947878477596,0.0831500263208218,-14.140572604877033,67856.2475,0.5576678845967806,0,0
1771686115506,2026-02-21,2026-02-21 16:01:55,68447.85,1368310872641.17,37597077627.07,227.47799723838276,0.31243652419459256,-5.897102179016233,67912.32541666667,0.7885528584799519,0,0
1771689674798,2026-02-21,2026-02-21 17:01:14,68624.36,1371628531454.07,33799830795.53,257.4817551005076,0.25787515604944744,-10.099845709300482,67956.72583333333,0.9824401609696009,0,0
1771693392362,2026-02-21,2026-02-21 18:03:12,68302.62,1365618055175.15,31444013702.99,263.9797085581858,-0.4688422595125141,-6.969907946555609,67978.40625,0.47693638007289313,0,0
1771696944648,2026-02-21,2026-02-21 19:02:24,68404.99,1367751849645.19,25937828307.79,263.73623616848334,0.1498771203798821,-17.511076821202444,68012.67666666667,0.5768238401439265,0,0
1771700623634,2026-02-21,2026-02-21 20:03:43,68560.68,1370969527644.62,24011096965.3,285.4927814949126,0.22760035488638142,-7.428267777959419,68039.33333333333,0.766243055487509,0,0
1771704234370,2026-02-21,2026-02-21 21:03:54,68519.98,1369992769405.58,22704659116.29,287.30420810641675,-0.05936347189088309,-5.440975274465876,68076.72125,0.6511164783806235,0,0
1771707796046,2026-02-21,2026-02-21 22:03:16,68284.77,1365910955488.63,22461786261.47,278.67133962345775,-0.3432721375575265,-1.069704916405223,68101.06041666666,0.26976023898797347,0,0
1771711361418,2026-02-21,2026-02-21 23:02:41,68352.68,1366338261469.59,21662021984.12,274.1632489275132,0.09945116605063475,-3.5605551047464323,68125.15500000001,0.33398089149298754,0,0
1771715005336,2026-02-22,2026-02-22 00:03:25,67951.16,1359902058280.75,20982782461.54,275.9821890155139,-0.5874239312928076,-3.135623826242695,68121.37000000001,-0.24986285507764505,0,0
1771718528172,2026-02-22,2026-02-22 01:02:08,67978.79,1359318031083.64,20631874041.43,276.4434076912832,0.040661557506882495,-1.6723636188536561,68120.4375,-0.20793686182653542,0,0
1771722031466,2026-02-22,2026-02-22 02:00:31,67894.4,1356675887766.65,20342120422.57,273.0764809442911,-0.12414166242147306,-1.4043979634528525,68123.75208333334,-0.33666977569407475,0,0
1771725727786,2026-02-22,2026-02-22 03:02:07,68113.19,1361779318746.23,20342032221.16,270.225574592668,0.3222504359711609,-0.00043359004945342505,68131.04666666666,-0.0262092944997948,0,0
1771729346272,2026-02-22,2026-02-22 04:02:26,67883.45,1357388781064.41,20207100163.93,273.5200297864376,-0.3372914996346621,-0.6633165052685408,68126.56666666667,-0.35686029483358955,0,0
1771732924682,2026-02-22,2026-02-22 05:02:04,68008.42,1359353579890.31,20046904933.01,254.38151025209737,0.18409494508602187,-0.79276704534752,68142.08,-0.19614898752724233,0,0
1771736570149,2026-02-22,2026-02-22 06:02:50,67960.92,1358990210193.21,19901876754.83,246.6885690442213,-0.06984429280962878,-0.7234442357293203,68148.98541666666,-0.27596216659253575,0,0
1771740189438,2026-02-22,2026-02-22 07:03:09,67946.02,1357362901055.47,19856016731.86,241.43749430847308,-0.021924364767267335,-0.23043064498362575,68153.67958333333,-0.3046931355766577,0,0
1771743741131,2026-02-22,2026-02-22 08:02:21,68026.51,1360120902890.26,19902331872.47,229.16138745746332,0.11846168473148566,0.23325494350376896,68164.31958333333,-0.20217260903610768,0,0
1771747419719,2026-02-22,2026-02-22 09:03:39,67985.84,1359312627157.72,19948265808.55,221.72134388960143,-0.05978551597016768,0.23079675474377837,68170.58041666668,-0.2709972770328882,0,0
1771750922518,2026-02-22,2026-02-22 10:02:02,67950.31,1358532235449.97,19701161473.9,224.5882335975127,-0.052260882560251076,-1.2387258973864612,68167.11583333333,-0.31805047152561966,0,0
1771754555532,2026-02-22,2026-02-22 11:02:35,68039.37,1360475409500.37,19087643710.94,226.0225090916923,0.1310663630526454,-3.1141197628007267,68163.16166666667,-0.18161080507392083,0,0
1771758128739,2026-02-22,2026-02-22 12:02:08,68119.23,1361904700311.23,18324481608.91,226.14027065745083,0.1173732208278766,-3.9981996394484076,68160.38124999999,-0.060374148802161146,0,0
1771761793668,2026-02-22,2026-02-22 13:03:13,68194.59,1363047990411.16,18605105808.47,225.59434400066206,0.1106295535049373,1.531416852870482,68165.115,0.04324059308048005,0,0
1771765360756,2026-02-22,2026-02-22 14:02:40,67931.58,1358212893333.86,18738974940.74,230.5360887432301,-0.3856757552175294,0.7195290026733137,68154.84874999999,-0.3275904122668725,0,0
1771768949467,2026-02-22,2026-02-22 15:02:29,67631.93,1351650316055.44,19518219247.22,253.18113483512641,-0.4411055947764031,4.158414795602616,68129.735,-0.7306721507136459,0,0
1771772561726,2026-02-22,2026-02-22 16:02:41,67417.69,1348133993080.44,19518102712.77,282.5280924524466,-0.3167734530124866,-0.0005970547237166279,68086.81166666666,-0.9827478336663565,0,0
1771776171675,2026-02-22,2026-02-22 17:02:51,67664.9,1353523445098.51,20158620602.15,270.7961901039744,0.3666841744355054,3.2816606142815896,68046.83416666667,-0.561281316528561,0,0
1771779728771,2026-02-22,2026-02-22 18:02:08,67607.7,1351621055107.99,19344845908.13,279.2765713815996,-0.08453422675567257,-4.036857035412478,68017.87916666667,-0.6030460986023863,0,0
1771783354862,2026-02-22,2026-02-22 19:02:34,67338.17,1346661447915.11,20087401704.98,299.17444325077787,-0.39866760738791474,3.8385200914829998,67973.42833333333,-0.9345686232245086,0,0
1771786946046,2026-02-22,2026-02-22 20:02:26,67408.0,1347967576300.97,20015558278.76,293.2654512952584,0.10370047181265107,-0.35765415196625794,67925.40000000001,-0.7617180023967598,0,0
1771790582538,2026-02-22,2026-02-22 21:03:02,67401.27,1347714519648.38,19915329680.07,283.3914881461291,-0.009983978162819707,-0.5007534503614575,67878.78708333334,-0.7034849970832596,0,0
1771794180332,2026-02-22,2026-02-22 22:03:00,67368.49,1346924215144.33,19917017997.15,288.0025557783234,-0.048634098437605466,0.0084774749257166,67840.60875,-0.6959235164587084,0,0
1771797753305,2026-02-22,2026-02-22 23:02:33,67584.46,1351278601750.35,19942744332.97,270.7919941446304,0.32058014065625695,0.129167608442593,67808.59958333333,-0.33054743013512095,0,0
1771801360889,2026-02-23,2026-02-23 00:02:40,67654.04,1352826313832.68,19936754579.79,270.78291007462263,0.10295266101110201,-0.03003474887905977,67796.21958333334,-0.20971609362168334,0,0
1771804813999,2026-02-23,2026-02-23 01:00:13,67585.12,1350654423261.94,20354767532.07,271.1658871206746,-0.10187122601991172,2.0966950794676587,67779.81666666667,-0.28724873604212614,0,0
1771808545581,2026-02-23,2026-02-23 02:02:25,66754.49,1337278002482.3,21159311987.17,341.0492482947462,-1.2290131318846376,3.9526094013719204,67732.32041666667,-1.44366885801546,0,0
1771812202673,2026-02-23,2026-02-23 03:03:22,64435.13,1291690093530.23,29019798321.05,747.1094058359473,-3.4744629162772545,37.1490639140168,67579.06791666667,-4.6522362820149175,0,-1
1771815789168,2026-02-23,2026-02-23 04:03:09,64758.93,1293886396163.89,31426989900.71,939.2809470833513,0.5025209074615011,8.29499761862198,67448.87958333333,-3.988130862885403,0,0
1771819338792,2026-02-23,2026-02-23 05:02:18,64939.82,1299023323430.62,32828730074.41,1060.7968390688536,0.27932827179202313,4.460306819484261,67321.02125,-3.5370842654886276,0,0
1771822978408,2026-02-23,2026-02-23 06:02:58,64795.06,1295410401551.0,32953310863.57,1169.0774339723773,-0.22291407644801087,0.3794870799985972,67189.11041666666,-3.5631524242845254,0,0
1771826555984,2026-02-23,2026-02-23 07:02:35,65040.41,1300381510025.53,35325958286.85,1235.8291479561992,0.378655409841433,7.200027436098888,67068.04333333333,-3.023248081438484,0,0
1771830236446,2026-02-23,2026-02-23 08:03:56,65752.54,1314383359700.76,37112833234.73,1246.276708081359,1.0949039220386148,5.05824904556138,66973.29458333334,-1.822748292327751,0,0
1771833723814,2026-02-23,2026-02-23 09:02:03,65939.89,1318323835887.48,38001506340.92,1243.9766773708204,0.2849319585220611,2.3945170140186933,66888.04666666666,-1.4175278153834496,0,0
1771837401335,2026-02-23,2026-02-23 10:03:21,65671.16,1312226349118.95,39642257475.9,1246.3505794473597,-0.4075378348371461,4.3175949928417445,66793.08208333333,-1.6796980291066306,0,0
1771840934214,2026-02-23,2026-02-23 11:02:14,66381.48,1327550251837.5,40889595097.57,1219.9362487509368,1.0816315716061453,3.1464848398916168,66724.00333333334,-0.5133434989237686,0,0
1771844584905,2026-02-23,2026-02-23 12:03:04,66317.29,1326714129946.99,42205214197.83,1185.2919196606827,-0.0966986575171358,3.2174911419902585,66648.9225,-0.49758118745281593,0,0
1771848130689,2026-02-23,2026-02-23 13:02:10,66183.36,1323305582287.7,42600220350.73,1141.5513154496286,-0.2019533669122997,0.9359178964202686,66565.12125,-0.5735154429693102,0,0
1771851744548,2026-02-23,2026-02-23 14:02:24,66275.64,1325083703506.03,43708321530.57,1104.8222460218637,0.13943081765568355,2.601163023845743,66496.12375,-0.3315738385427307,0,0
1771855330812,2026-02-23,2026-02-23 15:02:10,66136.62,1323003168261.62,43017853948.38,1079.8663954041308,-0.20976032822920265,-1.5797165345438513,66433.81916666667,-0.4473612542447252,0,0
1771858955665,2026-02-23,2026-02-23 16:02:35,65914.28,1318675653021.31,44474369398.54,1063.7976541973787,-0.3361828892979313,3.3858394049776974,66371.17708333333,-0.6883968364154001,0,0
1771862602390,2026-02-23,2026-02-23 17:03:22,65646.16,1313147039761.59,45284261555.0,1036.516563385035,-0.4067707331400605,1.821031230825243,66287.06291666666,-0.9668597286809572,0,0
1771866236043,2026-02-23,2026-02-23 18:03:56,65381.72,1306401373409.05,46223410748.33,1012.5202560037633,-0.40282630393004837,2.073897555311488,66194.31375,-1.2275884497707328,0,0
1771869776115,2026-02-23,2026-02-23 19:02:56,64750.32,1291029482012.82,49586317905.76,1023.1496064387741,-0.9657133522948058,7.275333219653191,66086.48666666666,-2.0218455149630654,0,0
1771873401655,2026-02-23,2026-02-23 20:03:21,64632.91,1292792991149.26,50992902000.79,1024.1181814964568,-0.18132728919331154,2.8366375129995403,65970.85791666666,-2.0280893093079544,0,0
1771876883445,2026-02-23,2026-02-23 21:01:23,64312.31,1285679482940.88,53178007539.1,1030.6171190774057,-0.4960321297617698,4.2851170507537395,65842.15125,-2.3234982772528987,0,0
1771880604441,2026-02-23,2026-02-23 22:03:24,64473.33,1288245445294.64,54953030026.37,1013.488626729873,0.25037197388806387,3.337888291442459,65721.51958333333,-1.8992098649676696,0,0
1771884188425,2026-02-23,2026-02-23 23:03:08,64570.14,1290965401651.91,55416584953.21,957.8327194505127,0.15015511064806475,0.8435475288943062,65595.92291666666,-1.5637906611510328,0,0
1771887757277,2026-02-24,2026-02-24 00:02:37,64719.45,1293777292146.37,56783137049.61,866.646058835499,0.23123691539153057,2.465962306327296,65473.64833333332,-1.1519112689331474,0,0
1771891378046,2026-02-24,2026-02-24 01:02:58,64645.64,1291834932904.82,56590235309.37,755.9041976753732,-0.11404608660919857,-0.3397165959173165,65351.170000000006,-1.0795981158409347,0,0
1771894815226,2026-02-24,2026-02-24 02:00:15,64941.53,1298669303598.09,56509415294.56,697.93308195031,0.45771068242188573,-0.1428161843967879,65275.630000000005,-0.5118296062405002,0,0
1771898591867,2026-02-24,2026-02-24 03:03:11,64135.62,1282499906318.51,50423393016.44,716.0576940670726,-1.2409778457637133,-10.769926120091844,65263.150416666664,-1.7276677718866547,0,-1
1771902171785,2026-02-24,2026-02-24 04:02:51,64066.18,1281749902847.29,49033982998.61,750.405464255352,-0.10827056789971534,-2.755486956970543,65234.28583333333,-1.790631748951332,0,0
1771905753196,2026-02-24,2026-02-24 05:02:33,63559.99,1270629895089.64,48402139396.38,823.2680966825338,-0.7901048571961056,-1.2885830674777443,65176.79291666666,-2.480642026578175,0,0
1771909412574,2026-02-24,2026-02-24 06:03:32,63327.55,1265092203849.11,49711847988.31,903.4466580146254,-0.3657017567183285,2.7058898806195275,65115.64666666667,-2.7460322644419173,0,0
1771912956035,2026-02-24,2026-02-24 07:02:36,63069.34,1260983860794.34,50335902079.09,995.4853615091899,-0.4077372328473272,1.255342772464929,65033.518749999996,-3.020255996835477,0,0
1771916527208,2026-02-24,2026-02-24 08:02:07,63048.94,1260286807783.31,49537065510.53,1061.3731084229785,-0.032345351957063784,-1.5870115276861996,64920.868749999994,-2.8834006476538288,0,0
1771920143672,2026-02-24,2026-02-24 09:02:23,63149.62,1262096777928.23,49612743756.97,1097.1170457931528,0.1596854760762101,0.15277095173091837,64804.607500000006,-2.5538114708896322,0,0
1771923798129,2026-02-24,2026-02-24 10:03:18,63379.6,1267300865721.44,49458141990.72,1117.941525491916,0.3641827140052456,-0.31161704542551627,64709.12583333333,-2.054618751546262,0,0
1771927253541,2026-02-24,2026-02-24 11:00:53,63219.56,1264005144805.79,48863661457.37,1098.4318930509057,-0.25251027144380656,-1.2019871944674798,64577.37916666667,-2.1026235257431285,0,0
1771930995131,2026-02-24,2026-02-24 12:03:15,63276.26,1265333041975.2,48697114649.64,1063.8528027912284,0.08968743218080721,-0.3408398035732563,64450.669583333336,-1.8221836808302627,0,0
1771934614966,2026-02-24,2026-02-24 13:03:34,63207.59,1263314983347.01,48631706088.42,1025.8626886344614,-0.10852411315082078,-0.13431711856153328,64326.67916666667,-1.7396967808134125,0,0
1771938134798,2026-02-24,2026-02-24 14:02:14,62972.77,1259933643237.85,48118298809.36,973.2319531146412,-0.3715060169197981,-1.0557048484512221,64189.05958333334,-1.894854966295775,0,0
1771941766857,2026-02-24,2026-02-24 15:02:46,62905.75,1258461939875.33,49784514976.09,913.7620166785351,-0.10642695247484735,3.4627495317974155,64054.44,-1.7933026968934587,0,0
1771945350514,2026-02-24,2026-02-24 16:02:30,63446.93,1269609845602.56,48979528901.92,830.4139383051769,0.8603029134856444,-1.616940678354728,63951.63375,-0.7891960226895698,0,0
1771948919734,2026-02-24,2026-02-24 17:01:59,63963.05,1278612765498.95,46899173478.45,748.0753107067218,0.8134672552320588,-4.2473977804806,63881.50416666667,0.1276517113945487,0,0
1771952621260,2026-02-24,2026-02-24 18:03:41,64253.85,1283791353952.89,49195946161.08,682.2652013237513,0.4546374821088106,4.897256203641542,63834.50958333333,0.6569180516993466,0,0
1771956151983,2026-02-24,2026-02-24 19:02:31,64215.26,1283967611640.3,49496112337.68,659.3971870698307,-0.06005865796367971,0.6101441277644781,63812.215416666666,0.6316103910538541,0,0
1771959730148,2026-02-24,2026-02-24 20:02:10,64426.95,1287655876933.85,48762593216.62,649.5181654261145,0.32965684480603663,-1.4819732023712673,63803.63375,0.976929076551218,0,0
1771963326332,2026-02-24,2026-02-24 21:02:06,64443.5,1288533973188.22,47421338700.68,654.5180324105436,0.025688007891111475,-2.7505807781421643,63809.1,0.9942155585958765,0,0
1771967009711,2026-02-24,2026-02-24 22:03:29,64455.45,1288530539629.5,45476605640.17,653.7388179528546,0.018543375204638224,-4.100966176397957,63808.355,1.0141226803292356,0,0
1771970574209,2026-02-24,2026-02-24 23:02:54,64045.71,1280945575751.43,45933533355.11,635.6842847441512,-0.6356948869335355,1.004753341872977,63786.50375,0.40636535122838674,0,0
1771974162249,2026-02-25,2026-02-25 00:02:42,64113.97,1281808870495.8,44949577977.16,608.4814996744368,0.10658012847386544,-2.1421286499844983,63761.27541666667,0.5531485702388236,0,0
1771977613956,2026-02-25,2026-02-25 01:00:13,64074.11,1281148417170.28,44864477921.16,583.0168318472914,-0.06217053787185289,-0.18932337038457536,63737.46166666666,0.5281796992386316,0,0
1771981299044,2026-02-25,2026-02-25 02:01:39,64233.59,1285355213214.29,44952908832.65,535.4144560686234,0.24889928240907633,0.1971067436589813,63707.964166666665,0.825055140607287,0,0
1771985025182,2026-02-25,2026-02-25 03:03:45,65942.42,1317703847787.14,45994833583.11,699.9149062351372,2.6603370604071808,2.317813857917095,63783.2475,3.3851717882505126,0,-1
1771988626366,2026-02-25,2026-02-25 04:03:46,65893.89,1317766163622.79,46605674287.9,820.99707718218,-0.07359450866376571,1.328063734998075,63859.40208333334,3.185886259961771,0,0
1771992168874,2026-02-25,2026-02-25 05:02:48,65390.04,1307733128867.03,45616141756.46,875.1768101670461,-0.7646384209522239,-2.123201834453259,63935.654166666674,2.274764921528841,0,0
1771995706902,2026-02-25,2026-02-25 06:01:46,65448.36,1308522186387.21,44224550630.11,917.1688667928668,0.08918789467020627,-3.050655037375949,64024.02125,2.2246942978452835,0,0
1771999329130,2026-02-25,2026-02-25 07:02:09,64880.51,1297817806882.77,44307872659.55,909.6833368288834,-0.8676306022030178,0.1884067294134928,64099.486666666664,1.2184548955826346,0,0
1772002931206,2026-02-25,2026-02-25 08:02:11,64881.88,1297273316831.16,43433451520.45,894.4649021000762,0.002111574030472241,-1.9735118989323341,64175.85916666667,1.100134602794753,0,0
1772006498149,2026-02-25,2026-02-25 09:01:38,65017.32,1299942735502.17,43315989553.43,882.4643148706027,0.20874857510293499,-0.2704412449576865,64253.67999999999,1.1884766755771916,0,0
1772010155156,2026-02-25,2026-02-25 10:02:35,65506.83,1309819829376.34,43732146767.07,897.5550866673594,0.7528916910140238,0.9607473312520654,64342.31458333333,1.8098749232255855,0,0
1772013755632,2026-02-25,2026-02-25 11:02:35,65544.01,1310512172251.99,43608362842.18,896.5461327588948,0.0567574404073401,-0.28305019085687055,64439.166666666664,1.7145524849017764,0,0
1772017361481,2026-02-25,2026-02-25 12:02:41,65383.61,1307058069756.46,43530434148.27,880.7572596883413,-0.244721066044018,-0.17870126010469667,64526.97291666667,1.3275643418754992,0,0
1772020989893,2026-02-25,2026-02-25 13:03:09,65410.96,1307561177810.54,43774005774.67,851.6031932379116,0.04183005496332104,0.5595432969273118,64618.78,1.2259284375223432,0,0
1772024590986,2026-02-25,2026-02-25 14:03:10,66060.99,1320733152104.18,43141456226.37,824.9765596891858,0.9937631247118217,-1.4450346435190164,64747.45583333333,2.0287039077610167,0,0
1772028127699,2026-02-25,2026-02-25 15:02:07,66244.51,1324534368235.58,43051858638.0,781.2560860797029,0.27780389001133,-0.2076832731372602,64886.57083333333,2.0927892308481604,0,0
1772031781279,2026-02-25,2026-02-25 16:03:01,66951.85,1335554067873.93,43949318220.29,826.7080944492146,1.067771502876247,2.0846012476168685,65032.60916666666,2.9511976498047026,0,0
1772035377383,2026-02-25,2026-02-25 17:02:57,67415.15,1347936355858.5,45849933070.95,926.781876373008,0.69198984045995,4.324560488363938,65176.44666666666,3.434834894855163,0,0
1772038981064,2026-02-25,2026-02-25 18:03:01,68273.93,1362772342516.52,45979990804.31,1099.9033249465651,1.2738679658800711,0.28365959260778784,65343.950000000004,4.4839346259293915,0,-1
1772042488020,2026-02-25,2026-02-25 19:01:28,68650.0,1372323024934.73,49717436598.15,1262.531600824281,0.5508251831995103,8.128417880174243,65528.730833333335,4.763207110794414,0,0
1772046226810,2026-02-25,2026-02-25 20:03:46,69340.36,1386966829735.98,51707428044.3,1459.159600008295,1.0056227239621185,4.0026026728498865,65733.45625,5.487165829653142,1,-1
1772049774362,2026-02-25,2026-02-25 21:02:54,69050.96,1380812528698.41,53159870295.97,1580.1443293052266,-0.417361548166173,2.8089624771621358,65925.43375000001,4.741002178085775,1,0
1772053365840,2026-02-25,2026-02-25 22:02:45,69161.64,1384455640403.87,54732368917.18,1678.7291559838068,0.16028741671367808,2.9580557899314686,66121.525,4.597769032096591,1,0
1772057025345,2026-02-25,2026-02-25 23:03:45,68978.7,1378793532470.18,52960228064.89,1715.1186352174527,-0.264510789507022,-3.2378296195649248,66327.06624999999,3.9978155222567353,1,0
1772060582721,2026-02-26,2026-02-26 00:03:02,68441.72,1365395903186.12,53953922501.46,1699.7583897876968,-0.7784721950399143,1.8763031672606623,66507.38916666666,2.908444997721881,1,0
1772064202991,2026-02-26,2026-02-26 01:03:22,67954.59,1359103150470.36,54802923569.4,1641.8074384895817,-0.7117442402090446,1.57356690408752,66669.07583333334,1.9282015696157686,1,0
1772067676297,2026-02-26,2026-02-26 02:01:16,68350.69,1366572435899.14,56102641944.97,1590.5589926265995,0.5828892500123972,2.371622334936374,66840.62166666666,2.2592074934072808,1,0
1772071378977,2026-02-26,2026-02-26 03:02:58,68260.21,1365374207210.69,53192407837.68,1603.9600058199937,-0.132376132559886,-5.187338789044182,66937.19625,1.9765000987773114,1,0
1772074972735,2026-02-26,2026-02-26 04:02:52,68268.59,1365043361353.2,52738206060.0,1610.0360760479418,0.012276551742207431,-0.8538845977155707,67036.14208333332,1.8384827622308615,1,0
1772078556365,2026-02-26,2026-02-26 05:02:36,68208.53,1363728560920.77,51840293421.41,1587.379819969013,-0.08797603700324563,-1.7025847211572631,67153.57916666666,1.5709525038346532,1,0
1772082024028,2026-02-26,2026-02-26 06:00:24,68588.07,1372262650114.37,52489772359.14,1570.0189516045823,0.5564406680513612,1.2528457978630225,67284.40041666667,1.9375510151836188,1,0
1772085747972,2026-02-26,2026-02-26 07:02:27,68433.73,1368023123731.96,52174971935.5,1499.4242498939361,-0.22502455601974836,-0.5997366905806101,67432.45125,1.4848618601863413,1,0
1772089370879,2026-02-26,2026-02-26 08:02:50,68178.63,1363282768691.96,54769544599.82,1403.5481931663207,-0.3727693931048215,4.97283001422113,67569.81583333333,0.9010149859937011,1,0
1772092945249,2026-02-26,2026-02-26 09:02:25,67849.39,1357122289506.46,55372348232.49,1294.4283179593895,-0.48290791410739997,1.1006183036109896,67687.81875,0.23870063031096503,0,0
1772096582267,2026-02-26,2026-02-26 10:03:02,67957.28,1359106148113.24,58535120046.58,1208.7224445891036,0.15901395723676437,5.711825333486997,67789.92083333334,0.24687912983130167,0,0
1772100191397,2026-02-26,2026-02-26 11:03:11,68571.6,1371061400997.88,59345453557.24,1118.7766307064403,0.903979676643929,1.384354401281085,67916.07041666667,0.9652054061897978,0,0
1772103721784,2026-02-26,2026-02-26 12:02:01,68299.3,1365700571204.29,60068013963.37,981.7353073289788,-0.3971031739087416,1.217549724231315,68037.5575,0.3847029635066008,0,0
1772107219411,2026-02-26,2026-02-26 13:00:19,68033.58,1359992117253.75,59927379715.69,807.0857214743414,-0.3890523036107263,-0.23412501662825047,68146.83333333333,-0.1661901629080247,0,0
1772110956758,2026-02-26,2026-02-26 14:02:36,68170.72,1362965513546.52,59106793690.76,673.9333210633306,0.20157692715860875,-1.3693006916422168,68234.73875,-0.09382134550929588,0,0
1772114456908,2026-02-26,2026-02-26 15:00:56,67911.73,1358458364925.28,57617092809.35,530.5365355778227,-0.37991383984209426,-2.520354748396514,68304.20625,-0.5746004112301751,0,0
1772118156508,2026-02-26,2026-02-26 16:02:36,67688.05,1353004101312.85,55260734857.55,466.34497032109584,-0.32936872613905654,-4.0896856070072545,68334.88125,-0.9465608751606674,0,0
1772121769547,2026-02-26,2026-02-26 17:02:49,67386.86,1346100725646.28,57228241546.57,468.80008218459585,-0.44496776018809747,3.560406306741659,68333.7025,-1.3856156850274561,0,0
1772125397215,2026-02-26,2026-02-26 18:03:17,66641.59,1333199659566.59,56002762702.92,582.4774900811391,-1.1059574522392146,-2.1413882560986197,68265.68833333334,-2.37908438775723,0,0
1772128987311,2026-02-26,2026-02-26 19:03:07,66832.32,1335266997186.84,53661810773.23,645.136483907573,0.2862026551287533,-4.180065083767626,68189.95166666668,-1.990955607804485,0,0
1772132549890,2026-02-26,2026-02-26 20:02:29,67323.79,1345267540081.13,52447134366.2,619.6065312424615,0.7353777334080158,-2.2635770010876466,68105.92791666667,-1.1484138614537127,0,0
1772136187535,2026-02-26,2026-02-26 21:03:07,67584.88,1352169321613.77,51883171798.47,594.1317810380834,0.3878123914295539,-1.0752972007817552,68044.84125,-0.6759678493628538,0,0
1772139767888,2026-02-26,2026-02-26 22:02:47,67383.36,1346903427434.04,51025079451.13,558.6235227541719,-0.29817320086978905,-1.6538933869985728,67970.74625000001,-0.864175078848734,0,0
1772143336975,2026-02-26,2026-02-26 23:02:16,67448.47,1349401125691.14,48598892992.19,524.8859261566954,0.09662622938364507,-4.754890114896748,67906.98666666668,-0.6752128008821634,0,0
1772146983518,2026-02-27,2026-02-27 00:03:03,67559.78,1350758050571.61,47077305655.44,516.6288743394931,0.16502968859040124,-3.1309094571238982,67870.23916666668,-0.45743048864804764,0,0
1772150453072,2026-02-27,2026-02-27 01:00:53,67461.33,1348829240636.79,45335111330.5,522.9006878349385,-0.14572279542650612,-3.7007095046839966,67849.68666666666,-0.57237798101351,0,0
1772154250117,2026-02-27,2026-02-27 02:04:10,67222.79,1344183625784.78,44299769917.95,526.5873091252187,-0.3535951633328427,-2.283751781267729,67802.69083333334,-0.855277019548987,0,0
1772157800001,2026-02-27,2026-02-27 03:03:20,67347.65,1346283196562.85,44699139281.55,525.0592622492945,0.18574057994320547,0.9015156610061359,67764.6675,-0.6153907565472844,0,0
1772161264048,2026-02-27,2026-02-27 04:01:04,67330.59,1346293830354.88,44135913616.04,520.8117196065925,-0.02533124763818284,-1.2600369370926123,67725.58416666667,-0.583227404424634,0,0
1772164997716,2026-02-27,2026-02-27 05:03:17,67617.94,1352946151021.41,44350681030.0,510.8581393579226,0.4267748136471239,0.4866046635589427,67700.97624999999,-0.12265148096736657,0,0
1772168559543,2026-02-27,2026-02-27 06:02:39,67736.14,1355085449033.27,44751513709.99,474.8688159550384,0.17480568026768672,0.903780214150185,67665.47916666667,0.10442670945887102,0,0
1772172214069,2026-02-27,2026-02-27 07:03:34,67721.51,1353887624733.94,44511259982.15,446.1576741067785,-0.021598514471010688,-0.536861678907552,67635.80333333333,0.1267178956155398,0,0
1772175780908,2026-02-27,2026-02-27 08:03:00,67664.13,1352985139839.69,43536060703.75,431.0460194351584,-0.08472935703883744,-2.1909046807281563,67614.36583333333,0.07359999025849279,0,0
1772179403778,2026-02-27,2026-02-27 09:03:23,67693.94,1353793212305.3,44696131453.17,428.5214345260351,0.044055838743517484,2.6646203874850727,67607.88875,0.12727989527701983,0,0
1772183011409,2026-02-27,2026-02-27 10:03:31,67938.64,1359257781653.02,44011373648.88,427.87706093157135,0.36147991976829275,-1.5320292428606441,67607.11208333333,0.4903743207638096,0,0
1772186628337,2026-02-27,2026-02-27 11:03:48,67368.87,1348035386710.31,44413878286.99,377.4664374127536,-0.8386538205651495,0.9145468653652067,67556.99833333334,-0.27847349345673456,0,0
1772190049932,2026-02-27,2026-02-27 12:00:49,66633.33,1332262979071.28,45533128781.34,388.0591833808818,-1.0918099116104973,2.5200467455638975,67487.58291666667,-1.265792727710358,0,0
1772193724991,2026-02-27,2026-02-27 13:02:04,66137.86,1322398917730.71,46709953273.39,458.61169323929386,-0.7435768255916408,2.5845456342378004,67408.59458333334,-1.8851224998652105,0,0
1772197398856,2026-02-27,2026-02-27 14:03:18,65904.76,1315985772727.38,48034988639.96,523.5418860758189,-0.3524456340135651,2.8367302335214672,67314.17958333333,-2.0937930047687927,0,0
1772201017476,2026-02-27,2026-02-27 15:03:37,66256.92,1324462913050.68,48699148079.21,549.736772426497,0.534346836252797,1.3826576378067168,67245.22916666667,-1.469708972538644,0,0
1772204635943,2026-02-27,2026-02-27 16:03:55,66063.83,1317306250731.04,48021136376.06,591.2600838217959,-0.29142616348600825,-1.392245511250434,67177.55333333333,-1.657880166916858,0,0
1772208067904,2026-02-27,2026-02-27 17:01:07,66113.33,1322888526232.71,46472683328.32,627.6844589283738,0.07492753599056545,-3.224523958812331,67124.48958333333,-1.5063944465126966,0,0
1772211875419,2026-02-27,2026-02-27 18:04:35,65521.39,1311185909815.43,44691274263.98,702.3615404645195,-0.8953413782061825,-3.8332390917793724,67077.81458333334,-2.320326911366104,0,0
1772215378562,2026-02-27,2026-02-27 19:02:58,65695.35,1312456359285.48,45165581292.29,755.9401883468962,0.2655010829287985,1.0612967209401747,67030.44083333333,-1.991767944138894,0,0
1772218937533,2026-02-27,2026-02-27 20:02:17,65299.54,1305434059274.45,44100852170.7,830.9889131669131,-0.6024931749355256,-2.357390497643741,66946.09708333334,-2.459526626748285,0,0
1772222575766,2026-02-27,2026-02-27 21:02:55,65405.87,1308457725908.69,43231649148.33,875.9813923388543,0.1628342251721815,-1.9709438244086441,66855.30500000001,-2.168017930663849,0,0
1772226211780,2026-02-27,2026-02-27 22:03:31,65588.53,1311486751015.09,42738275277.47,905.0714455955655,0.279271569967654,-1.1412330562898698,66780.52041666667,-1.7849372979267437,0,0
1772229712876,2026-02-27,2026-02-27 23:01:52,65517.65,1309150736408.44,41872963606.93,928.6244704317429,-0.10806767585734844,-2.024676159536465,66700.06958333333,-1.7727411541243514,0,0
1772233243964,2026-02-28,2026-02-28 00:00:43,65612.8,1311735886262.66,43659123869.23,935.2749974402307,0.14522804160406189,4.265664783288448,66618.94541666667,-1.5102992255037255,0,0
1772236984104,2026-02-28,2026-02-28 01:03:04,65878.84,1317139855942.89,43001213638.46,929.0669430129004,0.4054696644557154,-1.506924950534072,66553.00833333333,-1.0129795034309141,0,0
1772240612868,2026-02-28,2026-02-28 02:03:32,65941.43,1318892147618.57,42693449745.65,925.7150611515535,0.09500774452009253,-0.7157097829786241,66499.61833333333,-0.8393857699083119,0,0
1772244165866,2026-02-28,2026-02-28 03:02:45,65808.0,1315960048642.82,41653349540.56,917.7055288910207,-0.20234623361973236,-2.4362055802154448,66435.46625000001,-0.9444748195772799,0,0
1772247794211,2026-02-28,2026-02-28 04:03:14,65966.53,1319303277781.86,40996334609.04,901.962745310566,0.24089776318987344,-1.5773399708953195,66378.63041666667,-0.620832960969312,0,0
1772251399760,2026-02-28,2026-02-28 05:03:19,65788.15,1315728166425.85,39694070330.52,869.3980841997824,-0.27040985784761995,-3.1765383196790564,66302.38916666668,-0.7755967366032912,0,0
1772254982782,2026-02-28,2026-02-28 06:03:02,65662.79,1313495383552.46,39096454563.79,822.4816493776524,-0.19055103388679884,-1.5055542597517402,66215.99958333334,-0.8354621040449987,0,0
1772258463629,2026-02-28,2026-02-28 07:01:03,65537.1,1310152140777.49,38861552054.39,767.6750293129057,-0.19141739179828754,-0.6008281620951905,66124.9825,-0.889047494265866,0,0
1772262022635,2026-02-28,2026-02-28 08:00:22,63176.93,1263563403466.22,42531954157.75,909.7910785936352,-3.6012731719896163,9.444816043947402,65938.01583333334,-4.18739599370465,0,-1
1772265775584,2026-02-28,2026-02-28 09:02:55,63810.11,1277473890784.36,45060799340.15,929.0893967786584,1.0022329353452264,5.945753569235435,65776.18958333334,-2.9890445095523037,0,-1
1772269429539,2026-02-28,2026-02-28 10:03:49,63476.5,1268969429344.62,45714895870.31,923.99255635885,-0.5228168388990428,1.4515866112858378,65590.26708333332,-3.222684061718723,0,0
1772272962145,2026-02-28,2026-02-28 11:02:42,63657.72,1273416089601.31,44690422062.6,923.932562649156,0.2854914810993092,-2.2410065432859394,65435.635833333334,-2.7170452471215247,0,0
1772276599574,2026-02-28,2026-02-28 12:03:19,64006.61,1279085179029.36,44202313996.69,931.4350665747952,0.5480717813958869,-1.092198380284437,65326.18916666667,-2.019984914932093,0,0
1772280126101,2026-02-28,2026-02-28 13:02:06,63861.76,1277134233085.85,44881461865.97,960.6162678512295,-0.22630475196233624,1.5364532031758582,65231.35166666666,-2.099591119413403,0,0
1772283751240,2026-02-28,2026-02-28 14:02:31,64003.68,1279869776896.38,42528492697.8,980.8411285142337,0.22223001683636667,-5.242630409848714,65152.13999999999,-1.7627356522748014,0,0
1772287385069,2026-02-28,2026-02-28 15:03:05,65140.36,1295850314943.55,43846149531.73,952.2236714953567,1.77596038227803,3.0982918752682886,65105.61666666667,0.05336457146426225,0,0
1772290964040,2026-02-28,2026-02-28 16:02:44,64469.59,1287750639090.17,43670128475.4,937.9729590117548,-1.0297302624670879,-0.4014515714831912,65039.189999999995,-0.8757796645376406,0,0
1772294552582,2026-02-28,2026-02-28 17:02:32,64855.35,1296750620789.46,40798178834.75,910.0723236486939,0.5983596297106875,-6.576462540676542,64986.77416666667,-0.20223217470314436,0,0
1772298157785,2026-02-28,2026-02-28 18:02:37,65106.73,1302156298162.9,41963989698.0,903.3930872667422,0.38760102289172593,2.8575071156289322,64969.496666666666,0.21122733032307195,0,0
1772301829262,2026-02-28,2026-02-28 19:03:49,65397.73,1306998809989.34,41524049341.09,894.9998446208455,0.4469584019962225,-1.0483759053323993,64957.09583333333,0.6783464701027395,0,0
1772305372916,2026-02-28,2026-02-28 20:02:52,65917.05,1318288092454.86,41776079478.62,913.9480606223502,0.7940948409065562,0.6069498074712243,64982.82541666667,1.4376484514841181,0,0
1772308950300,2026-02-28,2026-02-28 21:02:30,66356.5,1327013141943.43,42620940815.88,952.8512226141439,0.6666712178412082,2.022356687856197,65022.435,2.0516995403202025,0,0
1772312558306,2026-02-28,2026-02-28 22:02:38,66944.89,1338068372364.27,43813945129.45,1025.3525459176801,0.886710420230119,2.799103658278468,65078.94999999999,2.8671943846666395,0,0
1772316105360,2026-02-28,2026-02-28 23:01:45,66745.27,1332145618701.41,38717674416.2,1077.484414596052,-0.29818556726285417,-11.631617965907592,65130.10083333333,2.479911970042639,0,-1
1772319734866,2026-03-01,2026-03-01 00:02:14,67185.75,1343466463921.64,46108657886.15,1153.2935029043597,0.6599418955080871,19.08943029609629,65195.64041666666,3.052519417885165,0,-1
1772323262109,2026-03-01,2026-03-01 01:01:02,66995.19,1339637101703.13,46265946359.86,1203.4672059883512,-0.2836315736595929,0.34112568207551597,65242.155000000006,2.6869667318622383,0,0
1772326964572,2026-03-01,2026-03-01 02:02:44,66809.97,1336364052252.42,46574520236.94,1237.973324065335,-0.2764676090925344,0.6669568037793727,65278.34416666667,2.3463000676347296,0,0
1772330466920,2026-03-01,2026-03-01 03:01:06,67268.52,1344824772838.28,48796310018.48,1299.5095642861882,0.6863496570945982,4.770397569823626,65339.199166666665,2.952776982178866,0,0
1772334006114,2026-03-01,2026-03-01 04:00:06,67767.31,1355440746090.98,51769198342.47,1386.389409747635,0.7414909678405301,6.092444946890674,65414.23166666666,3.5971963185687073,0,0
1772337773315,2026-03-01,2026-03-01 05:02:53,67526.96,1350165648232.05,52613823909.9,1450.7204698393584,-0.35466953019087644,1.6315214345073104,65486.68208333334,3.115561594753517,1,0
1772341391535,2026-03-01,2026-03-01 06:03:11,67350.74,1346007088762.68,52903381254.28,1499.718083101658,-0.2609624363365426,0.55034461071648,65557.01333333334,2.736132376174961,1,0
1772345016389,2026-03-01,2026-03-01 07:03:36,67320.54,1346092737152.93,53162142044.06,1542.2689651344476,-0.04483989337015215,0.48911956787083266,65631.32333333333,2.573796444858103,1,0
1772348589751,2026-03-01,2026-03-01 08:03:09,66933.91,1338709692985.02,50085058427.82,1471.3527716421468,-0.5743120895940423,-5.788110670352142,65787.86416666667,1.7420322849058454,0,0
1772352159784,2026-03-01,2026-03-01 09:02:39,67136.88,1342363306764.22,47647809987.84,1433.1389549023766,0.3032394193018151,-4.866218621851948,65926.47958333333,1.8359852130989087,0,0
1772355779808,2026-03-01,2026-03-01 10:02:59,66557.0,1330324290282.1,47225469266.07,1339.0322284009196,-0.8637279539948861,-0.8863801334789145,66054.83375,0.7602263475532474,0,0
1772359437243,2026-03-01,2026-03-01 11:03:57,66428.75,1327970746780.94,47332922114.86,1239.089517810241,-0.19269197830431573,0.22753156392074647,66170.29333333333,0.3905932007353931,0,0
1772362959590,2026-03-01,2026-03-01 12:02:39,66467.92,1329046893173.23,45980675972.17,1150.9452184796698,0.058965432888613556,-2.8568828677185576,66272.84791666667,0.29434691501204485,0,0
1772366634113,2026-03-01,2026-03-01 13:03:54,66464.76,1329144396275.75,44506777972.34,1030.168641129126,-0.004754173140975038,-3.2054726657826493,66381.30625000001,0.12571875233320828,0,0
1772370185193,2026-03-01,2026-03-01 14:03:05,66321.46,1326436843922.65,44213013271.43,897.7103286973305,-0.21560297517058125,-0.660044861240161,66477.88041666667,-0.23529693739670482,0,0
1772373622380,2026-03-01,2026-03-01 15:00:22,66978.01,1340338131418.87,43894783009.68,856.0726899102561,0.9899510656128374,-0.7197660557454855,66554.44916666667,0.6364124992945769,0,0
1772377387065,2026-03-01,2026-03-01 16:03:07,66862.51,1336506608572.57,42831938477.13,733.2319166608644,-0.17244465758239347,-2.4213459087281897,66654.15416666667,0.312592419689751,0,0
1772380987684,2026-03-01,2026-03-01 17:03:07,66912.03,1338870977707.71,43062104466.63,626.2387489515571,0.07406243050105399,0.5373700039817075,66739.84916666667,0.2579880468464229,0,0
1772384650532,2026-03-01,2026-03-01 18:04:10,66114.21,1322853161443.52,44007042991.01,539.8098759064032,-1.1923416461882774,2.1943621568989213,66781.8275,-0.9996993568347512,0,0
1772388147294,2026-03-01,2026-03-01 19:02:27,66026.84,1320681531470.6,44486823312.85,481.8383084624853,-0.1321501081235188,1.090235310602461,66808.04041666667,-1.1693209556731543,0,0
1772391844817,2026-03-01,2026-03-01 20:04:04,66317.3,1325752570638.06,43745802863.18,455.88684751238065,0.43991201153956716,-1.6657077185728286,66824.7175,-0.7593260682321566,0,0
1772395229771,2026-03-01,2026-03-01 21:00:29,65958.6,1318164350047.23,42839200198.09,480.2395169615325,-0.5408845052497613,-2.0724334810484746,66808.13833333334,-1.2716090502247397,0,0
1772398962601,2026-03-01,2026-03-01 22:02:42,65315.31,1305968335329.67,42983795779.62,567.361480678747,-0.9752935932539675,0.3375310016559441,66740.23916666667,-2.1350375492486218,0,0
1772402588164,2026-03-01,2026-03-01 23:03:08,65704.61,1313784271477.15,42541308148.15,605.4483326673933,0.5960317726425801,-1.0294289358218967,66696.87833333334,-1.4877282987282348,0,0
1772406187390,2026-03-02,2026-03-02 00:03:07,65226.86,1305176855344.71,43416566932.48,665.7173214251693,-0.7271179297769215,2.057432698782824,66615.25791666667,-2.084204069889672,0,0
1772409776203,2026-03-02,2026-03-02 01:02:56,65736.2,1313667755763.17,44355182226.48,683.8344618352596,0.7808746274157619,2.1618828026170434,66562.8,-1.241834778585044,0,0
1772413346429,2026-03-02,2026-03-02 02:02:26,66524.75,1330719433740.27,45012899973.01,681.8276375663562,1.199567361666798,1.4828430715754015,66550.91583333333,-0.03931701465816175,0,0
1772416948670,2026-03-02,2026-03-02 03:02:28,66537.97,1331861186785.35,43993453329.73,664.4847479524726,0.01987230316535804,-2.2647877472708133,66520.47624999999,0.02629829337700921,0,0
1772420533716,2026-03-02,2026-03-02 04:02:13,66291.95,1325925634029.89,42095116293.44,610.1444624287644,-0.3697437718644059,-4.31504438185838,66459.00291666666,-0.2513623577472808,0,0
1772424040985,2026-03-02,2026-03-02 05:00:40,66827.45,1336309270886.89,41951068245.09,572.4541722225365,0.8077903878223491,-0.34219658011125365,66429.85666666666,0.5985160186757458,0,0
1772427686540,2026-03-02,2026-03-02 06:01:26,66794.9,1334758158229.17,42396774834.24,544.1205185788083,-0.04870752961545488,1.0624439562445964,66406.69666666667,0.5845846169429857,0,0
1772431294853,2026-03-02,2026-03-02 07:01:34,66737.67,1335979424246.94,42906458092.2,513.7171516610655,-0.08568019414655348,1.202174599253647,66382.41041666667,0.5351712616391184,0,0
1772434897239,2026-03-02,2026-03-02 08:01:37,66204.55,1324043913188.29,41775344159.64,501.0918279529192,-0.7988292069531222,-2.6362323595422232,66352.02041666667,-0.22225459864010552,0,0
1772438496706,2026-03-02,2026-03-02 09:01:36,65967.07,1318684773945.54,42388608656.61,477.78031800077656,-0.3587064635285575,1.4680058520319506,66303.27833333334,-0.5070764851823367,0,0
1772442091166,2026-03-02,2026-03-02 10:01:31,66248.43,1324454704049.32,42784357536.11,474.79831358965953,0.42651583585566755,0.9336208289023151,66290.42125,-0.0633443704357308,0,0
1772445764134,2026-03-02,2026-03-02 11:02:44,66178.76,1325585959610.52,43717790443.46,474.37366123323636,-0.10516475635724554,2.1817153770795406,66280.005,-0.1527534586034052,0,0
1772449349321,2026-03-02,2026-03-02 12:02:29,66264.52,1323496203378.27,43995425960.27,472.684398977842,0.12958840570600483,0.6350630120912859,66271.53,-0.010577694524322528,0,0
1772452966025,2026-03-02,2026-03-02 13:02:46,66338.32,1325857080343.19,45075781806.59,471.1392015744741,0.1113718170749678,2.4556094701654096,66266.26166666666,0.1087406042245412,0,0
1772456549144,2026-03-02,2026-03-02 14:02:29,65950.52,1318851334454.15,45188904422.25,475.3155539600213,-0.5845791693247615,0.25096096202033014,66250.80583333333,-0.45325612202929993,0,0
1772460216960,2026-03-02,2026-03-02 15:03:36,65415.51,1307742070623.46,46020887832.27,478.3776983762139,-0.8112293883353772,1.8411232152164114,66185.70166666666,-1.1636828609079366,0,0
1772463688544,2026-03-02,2026-03-02 16:01:28,67038.38,1339482350179.65,49615721106.74,490.39213113181796,2.480864247637915,7.811307959924441,66193.02958333334,1.2770988455852725,0,-1
1772467390506,2026-03-02,2026-03-02 17:03:10,69099.86,1379921919457.49,56519908792.32,759.416308273072,3.0750743081798815,13.9153226670369,66284.18916666666,4.247877010690351,0,-1
1772470970866,2026-03-02,2026-03-02 18:02:50,69482.0,1391890323755.94,59880323541.28,999.7590895335541,0.553025722483369,5.945541705149782,66424.51375,4.602948636564165,0,0
1772474575800,2026-03-02,2026-03-02 19:02:55,69165.18,1382262279545.01,61158409700.89,1140.7786075088682,-0.4559742091477026,2.134400891686772,66555.27791666667,3.9214051312371607,0,0
1772478168554,2026-03-02,2026-03-02 20:02:48,68907.88,1378593781633.56,61424892194.02,1235.878807740599,-0.37200799593087863,0.435725020374611,66663.21875,3.367166020617636,1,0
1772481794977,2026-03-02,2026-03-02 21:03:14,68957.55,1378821960499.03,62476299265.61,1310.8717409261385,0.07208174159472058,1.7116954284086772,66788.175,3.2481423545410544,1,0
1772485276347,2026-03-02,2026-03-02 22:01:16,69250.05,1386534763870.4,63191550506.2,1363.646884802092,0.4241740027016716,1.14483612025289,66952.12250000001,3.432195148107501,1,0
1772488998819,2026-03-02,2026-03-02 23:03:18,69429.27,1388297488985.86,62371112347.62,1426.0188089829635,0.25880125718320546,-1.2983352236300871,67107.31666666667,3.4600598692790405,1,0
1772492577445,2026-03-03,2026-03-03 00:02:57,69388.34,1386036265792.55,62054765318.03,1440.3585325035515,-0.058952081737295714,-0.5072011988929592,67280.71166666666,3.132589238614636,1,0
1772496223766,2026-03-03,2026-03-03 01:03:43,68810.7,1376256344367.85,60902030477.86,1433.7249129882503,-0.8324741592031115,-1.8576088947597214,67408.81583333333,2.079674816025244,1,0
1772499638335,2026-03-03,2026-03-03 02:00:38,69026.21,1378755165663.51,61028291660.26,1457.390677104903,0.31319257034154724,0.2073185104163322,67513.04333333333,2.24129529933303,1,0
1772503043895,2026-03-03,2026-03-03 02:57:23,68905.3,1378190562838.69,60128119903.79,1468.5961148964373,-0.17516534661254912,-1.475007299042863,67611.68208333333,1.9133053295024498,1,0
1772503402291,2026-03-03,2026-03-03 03:03:22,68751.35,1377059886260.72,60064096933.86,1458.273812682007,-0.22342258142696858,-0.10647758491774129,67714.15708333334,1.5317224068671953,1,0
1772507036576,2026-03-03,2026-03-03 04:03:56,68502.27,1369577201368.9,59839601185.76,1454.063786548809,-0.3622910677390401,-0.3737602986809252,67783.94125,1.0597329349007136,1,0
1772510558495,2026-03-03,2026-03-03 05:02:38,68360.79,1366285646391.51,58824268468.9,1442.8431945563148,-0.20653330174315032,-1.6967571587051644,67849.18666666666,0.7540301637612349,1,0
1772514206271,2026-03-03,2026-03-03 06:03:26,68110.96,1361954757351.32,58026575211.86,1423.9533896491228,-0.3654580352274839,-1.3560614994502451,67906.40708333334,0.30122771245376645,1,0
1772517821354,2026-03-03,2026-03-03 07:03:41,67942.93,1356998152572.02,59596140186.69,1377.0620280233036,-0.24670038419662976,2.704907137978396,67978.83958333333,-0.05282464889580933,1,0
1772521446470,2026-03-03,2026-03-03 08:04:06,68090.58,1360822466642.21,59528257261.82,1308.7046010037245,0.2173147375304607,-0.11390490165529288,68067.31916666667,0.03417327671797718,1,0
1772524992873,2026-03-03,2026-03-03 09:03:12,68158.42,1363038464182.1,58785776970.95,1250.047248464312,0.09963199021068014,-1.2472736898787251,68146.90208333333,0.01690159980064726,0,0
1772528514077,2026-03-03,2026-03-03 10:01:54,66962.98,1339443009503.78,60236047567.7,1205.8314835621577,-1.753913896478243,2.467043341906794,68179.57791666666,-1.7844022416120962,0,0
1772532035451,2026-03-03,2026-03-03 11:00:35,66628.77,1332306178008.65,57208260502.1,1182.7512170478433,-0.4990966650528228,-5.026536746450761,68194.75499999999,-2.296342292013493,0,0
1772535760483,2026-03-03,2026-03-03 12:02:40,66813.1,1336074665413.68,61256624248.15,1153.971166983962,0.27665226297888257,7.076537042935249,68214.5375,-2.054455767584732,0,0
1772539340448,2026-03-03,2026-03-03 13:02:20,67060.44,1340491134329.1,61466095068.67,1079.1053691193495,0.370196862591321,0.34195619345824824,68260.78416666666,-1.7584681765973886,0,0
1772542862948,2026-03-03,2026-03-03 14:01:02,67380.54,1347458508201.27,62439535725.84,916.0674118004321,0.47733059908343645,1.5837034320831167,68342.66041666667,-1.4077889429543493,0,0
1772546590266,2026-03-03,2026-03-03 15:03:10,66923.77,1336808085607.86,59902369736.98,923.4313106642518,-0.6778960216109686,-4.063396627419202,68337.885,-2.0692987498808173,0,0
1772550260073,2026-03-03,2026-03-03 16:04:20,66634.29,1333345904202.99,59307259453.77,970.9032268872876,-0.43255184219300746,-0.9934670127793366,68235.15291666667,-2.346097060296414,0,0
1772553782014,2026-03-03,2026-03-03 17:03:02,67711.78,1351266320470.46,55388568528.83,938.7721480328369,1.6170203059115762,-6.607438888648387,68161.39375,-0.6596310979923353,0,-1
1772557392387,2026-03-03,2026-03-03 18:03:12,68206.87,1366303824732.13,54869049323.19,914.2818205714503,0.7311726260925244,-0.9379538403661569,68121.46416666666,0.12537286797650596,0,0
1772561031217,2026-03-03,2026-03-03 19:03:51,68345.77,1365985142984.08,54391147289.18,900.3539549374292,0.20364517533206783,-0.8709865395973293,68098.04291666667,0.36378003349741106,0,0
1772564492247,2026-03-03,2026-03-03 20:01:32,68657.75,1373134039791.63,54243761641.96,889.9299241369347,0.45647301947142616,-0.2709735950896519,68085.55125,0.8404114228273887,0,0
1772568169299,2026-03-03,2026-03-03 21:02:49,68457.6,1369386850453.75,53626005374.01,859.0092481229684,-0.2915184374669977,-1.138852191017914,68052.5325,0.5952276647456208,0,0
1772571721597,2026-03-03,2026-03-03 22:02:01,68217.06,1363588843910.31,53425468887.38,808.7043952550368,-0.3513707754873252,-0.37395380325530025,68002.02375,0.316220368368088,0,0
1772575321833,2026-03-03,2026-03-03 23:02:01,68053.56,1361297927995.05,53829077181.65,753.2137727862973,-0.23967611620905327,0.7554604623513983,67946.40791666666,0.15770088017714154,0,0
1772578849904,2026-03-04,2026-03-04 00:00:49,68265.41,1365583386440.6,52926002593.67,733.9880647263992,0.31129892396519754,-1.6776705737170938,67923.6875,0.5030976859140686,0,0
1772582511226,2026-03-04,2026-03-04 01:01:51,68292.19,1365603450844.78,52663524039.54,700.5827965276618,0.03922923776478182,-0.4959349681953662,67893.10333333333,0.5878162097073136,0,0
1772586151122,2026-03-04,2026-03-04 02:02:31,68157.54,1362353215602.41,52915337391.83,669.550816650596,-0.19716749455539473,0.47815514985465324,67861.94666666667,0.43558039203510895,0,0
1772589823748,2026-03-04,2026-03-04 03:03:43,68416.37,1368984570932.08,53650315902.07,653.503343846675,0.3797525556233472,1.3889706585400674,67847.98916666667,0.8377268660639561,0,0
1772593442502,2026-03-04,2026-03-04 04:04:02,68283.28,1366319363401.28,53316226814.18,645.4499198518203,-0.19452946714360042,-0.6227159752420164,67838.86458333333,0.6551044440325944,0,0
1772596996523,2026-03-04,2026-03-04 05:03:16,67727.15,1354388406578.08,54393675241.25,636.0637660590693,-0.8144453517757277,2.020863987290711,67812.46291666666,-0.12580713484997808,0,0
1772600691021,2026-03-04,2026-03-04 06:04:51,67767.31,1355665753368.99,54663920514.58,632.9122225022239,0.05929675174580762,0.4968321631722672,67798.14416666667,-0.045479366796336636,0,0
1772604225530,2026-03-04,2026-03-04 07:03:45,68205.12,1363723473937.52,54665481980.38,637.7642111283332,0.6460489578234752,0.0028564833720157168,67809.06875,0.5840682629931995,0,0
1772607698377,2026-03-04,2026-03-04 08:01:38,68494.15,1369631696707.08,54299592387.74,650.6984503102638,0.42376584045302756,-0.6693247354360166,67825.88416666667,0.9852666744324522,0,0
1772611225756,2026-03-04,2026-03-04 09:00:25,69507.01,1388105539294.86,56670318646.55,733.6098925902506,1.4787540249787678,4.366011151393612,67882.07541666667,2.3937609057462033,0,0
1772614994080,2026-03-04,2026-03-04 10:03:14,70987.43,1419133104801.16,60418950561.43,944.1321997021417,2.1298858920848485,6.614806488490088,68049.76083333333,4.316942676494579,0,-1
1772618545601,2026-03-04,2026-03-04 11:02:25,71525.17,1428696365599.67,63648896959.81,1133.7160092694269,0.7575143937454953,5.345916088191571,68253.7775,4.792983802251827,0,0
1772622200743,2026-03-04,2026-03-04 12:03:20,71312.35,1425347165633.25,65773919952.17,1251.0520975460274,-0.2975456052743297,3.3386642877751838,68441.24625,4.194990458695818,1,0
1772625783866,2026-03-04,2026-03-04 13:03:03,71124.69,1422427901689.63,65039002291.23,1328.680453474607,-0.2631521749037913,-1.117339002258677,68610.59,3.6643031345452735,1,0
1772629414414,2026-03-04,2026-03-04 14:03:34,71322.65,1426449299329.7,66501988814.39,1411.116532901478,0.27832810237906624,2.2493987786114333,68774.84458333334,3.7045600496843316,1,0
1772632987303,2026-03-04,2026-03-04 15:03:07,71474.09,1429082890076.65,68425507737.34,1456.5514692454883,0.21233086544036883,2.8924231549203983,68964.44124999999,3.6390474634636556,1,0
1772636568236,2026-03-04,2026-03-04 16:02:48,71725.07,1431737081651.01,71510718715.92,1473.0492096673954,0.3511482272807065,4.5088609213145725,69176.55708333333,3.684070188108112,1,0
1772640207370,2026-03-04,2026-03-04 17:03:27,73394.48,1465297118021.44,75016851558.51,1670.8089457167778,2.3275125419884413,4.902947286152015,69413.33625,5.735416225581584,1,-1
1772641474000,2026-03-04,2026-03-04 17:24:34,72688.8,1453184423229.98,75390679209.58,1777.1860130062491,-0.9614892019127241,0.4983249007437074,69600.08333333333,4.4378059892169786,1,-1
